Fid,CityID ,City,CityName,Year,Big_cate,P_NSF(%),P_NGF(%)
1,18,北京市,Beijing,2015,Beauty,44.8621244,20.17523715
2,18,北京市,Beijing,2015,Entertainment,47.94706994,17.20982987
3,18,北京市,Beijing,2015,Training,55.02325581,42.09302326
4,18,北京市,Beijing,2015,Daily service,47.19804746,12.61922348
5,18,北京市,Beijing,2015,Retail goods,41.19453401,7.575234147
6,18,北京市,Beijing,2015,Exercise,56.21908127,20.57420495
7,18,北京市,Beijing,2015,F&B,41.28714908,7.689478245
8,204,天津市,Tianjin,2015,Beauty,37.21130645,16.97115937
9,204,天津市,Tianjin,2015,Entertainment,37.96224961,12.26887519
10,204,天津市,Tianjin,2015,Training,46.3963964,37.61261261
11,204,天津市,Tianjin,2015,Daily service,35.73519993,10.06496477
12,204,天津市,Tianjin,2015,Retail goods,33.8565582,6.755340387
13,204,天津市,Tianjin,2015,Exercise,45.63600783,20.19569472
14,204,天津市,Tianjin,2015,F&B,33.62288736,5.918232462
15,187,石家庄市,Shijiazhuang,2015,Beauty,33.07174888,18.45571749
16,187,石家庄市,Shijiazhuang,2015,Entertainment,36.38271087,14.64540495
17,187,石家庄市,Shijiazhuang,2015,Training,45.02617801,42.40837696
18,187,石家庄市,Shijiazhuang,2015,Daily service,36.34825758,7.589940228
19,187,石家庄市,Shijiazhuang,2015,Retail goods,32.37329133,3.054508635
20,187,石家庄市,Shijiazhuang,2015,Exercise,39.43661972,23.83531961
21,187,石家庄市,Shijiazhuang,2015,F&B,28.10222572,5.790821351
22,203,唐山市,Tangshan,2015,Beauty,34.3006993,7.552447552
23,203,唐山市,Tangshan,2015,Entertainment,37.31182796,8.924731183
24,203,唐山市,Tangshan,2015,Training,29.50819672,13.1147541
25,203,唐山市,Tangshan,2015,Daily service,33.5303186,2.492291881
26,203,唐山市,Tangshan,2015,Retail goods,32.74693771,2.071931196
27,203,唐山市,Tangshan,2015,Exercise,43.68600683,12.62798635
28,203,唐山市,Tangshan,2015,F&B,30.84614423,3.924509436
29,164,秦皇岛市,Qinhuangdao,2015,Beauty,40.78549849,11.5235218
30,164,秦皇岛市,Qinhuangdao,2015,Entertainment,40.76246334,10.55718475
31,164,秦皇岛市,Qinhuangdao,2015,Training,40.81632653,25.51020408
32,164,秦皇岛市,Qinhuangdao,2015,Daily service,33.48281016,3.916292975
33,164,秦皇岛市,Qinhuangdao,2015,Retail goods,35.69078947,1.398026316
34,164,秦皇岛市,Qinhuangdao,2015,Exercise,54.65116279,15.69767442
35,164,秦皇岛市,Qinhuangdao,2015,F&B,37.56988818,2.236421725
36,66,邯郸市,Handan,2015,Beauty,30.16579054,17.83259199
37,66,邯郸市,Handan,2015,Entertainment,30.05181347,17.30569948
38,66,邯郸市,Handan,2015,Training,38.27160494,41.97530864
39,66,邯郸市,Handan,2015,Daily service,25.31545741,4.534700315
40,66,邯郸市,Handan,2015,Retail goods,26.07243771,3.698946828
41,66,邯郸市,Handan,2015,Exercise,39.09090909,22.27272727
42,66,邯郸市,Handan,2015,F&B,24.70333036,4.427714687
43,237,邢台市,Xingtai,2015,Beauty,35.68429891,11.75482788
44,237,邢台市,Xingtai,2015,Entertainment,32.24400871,12.41830065
45,237,邢台市,Xingtai,2015,Training,38.46153846,33.33333333
46,237,邢台市,Xingtai,2015,Daily service,25.61635598,4.389657246
47,237,邢台市,Xingtai,2015,Retail goods,27.4794388,2.878567973
48,237,邢台市,Xingtai,2015,Exercise,33.33333333,23.25581395
49,237,邢台市,Xingtai,2015,F&B,27.71302771,4.73970474
50,15,保定市,Baoding,2015,Beauty,35.48387097,9.782608696
51,15,保定市,Baoding,2015,Entertainment,37.05722071,8.719346049
52,15,保定市,Baoding,2015,Training,29.09090909,25.45454545
53,15,保定市,Baoding,2015,Daily service,32.93483357,4.828879512
54,15,保定市,Baoding,2015,Retail goods,32.64193203,4.012075178
55,15,保定市,Baoding,2015,Exercise,38.52459016,16.39344262
56,15,保定市,Baoding,2015,F&B,35.60331986,3.926367312
57,266,张家口市,Zhangjiakou,2015,Beauty,45.48361311,5.595523581
58,266,张家口市,Zhangjiakou,2015,Entertainment,37.94392523,8.224299065
59,266,张家口市,Zhangjiakou,2015,Training,50,25
60,266,张家口市,Zhangjiakou,2015,Daily service,35.02402563,1.227976508
61,266,张家口市,Zhangjiakou,2015,Retail goods,45.12842284,1.040118871
62,266,张家口市,Zhangjiakou,2015,Exercise,41.7721519,7.594936709
63,266,张家口市,Zhangjiakou,2015,F&B,35.77807848,3.328822733
64,30,承德市,Chengde,2015,Beauty,37.19101124,16.29213483
65,30,承德市,Chengde,2015,Entertainment,42.81914894,9.840425532
66,30,承德市,Chengde,2015,Training,54.41176471,8.455882353
67,30,承德市,Chengde,2015,Daily service,35.24752475,5.643564356
68,30,承德市,Chengde,2015,Retail goods,33.90370076,3.223239156
69,30,承德市,Chengde,2015,Exercise,47.22222222,26.38888889
70,30,承德市,Chengde,2015,F&B,36.13613614,3.703703704
71,22,沧州市,Cangzhou,2015,Beauty,31.20229008,7.061068702
72,22,沧州市,Cangzhou,2015,Entertainment,34.64566929,4.199475066
73,22,沧州市,Cangzhou,2015,Training,40,26.66666667
74,22,沧州市,Cangzhou,2015,Daily service,22.27516379,1.488981537
75,22,沧州市,Cangzhou,2015,Retail goods,21.97916667,1.5625
76,22,沧州市,Cangzhou,2015,Exercise,38.67924528,24.52830189
77,22,沧州市,Cangzhou,2015,F&B,30.70842201,3.131650958
78,117,廊坊市,Langfang,2015,Beauty,31.05622701,11.45559643
79,117,廊坊市,Langfang,2015,Entertainment,30.58035714,11.38392857
80,117,廊坊市,Langfang,2015,Training,44.44444444,42.22222222
81,117,廊坊市,Langfang,2015,Daily service,25.9222333,4.636091725
82,117,廊坊市,Langfang,2015,Retail goods,24.08245349,2.564102564
83,117,廊坊市,Langfang,2015,Exercise,37.19806763,16.90821256
84,117,廊坊市,Langfang,2015,F&B,31.594906,3.375783303
85,76,衡水市,Hengshui,2015,Beauty,20.26490066,10.99337748
86,76,衡水市,Hengshui,2015,Entertainment,29.02208202,5.047318612
87,76,衡水市,Hengshui,2015,Training,47.19471947,8.250825083
88,76,衡水市,Hengshui,2015,Daily service,20.26315789,6.49122807
89,76,衡水市,Hengshui,2015,Retail goods,23.31106162,5.827765405
90,76,衡水市,Hengshui,2015,Exercise,38.23529412,22.05882353
91,76,衡水市,Hengshui,2015,F&B,21.33557329,3.401931961
92,200,太原市,Taiyuan,2015,Beauty,35.98233996,19.27322126
93,200,太原市,Taiyuan,2015,Entertainment,37.75677896,13.76335251
94,200,太原市,Taiyuan,2015,Training,37.39130435,37.82608696
95,200,太原市,Taiyuan,2015,Daily service,31.18436103,12.73786004
96,200,太原市,Taiyuan,2015,Retail goods,30.32545172,2.621843333
97,200,太原市,Taiyuan,2015,Exercise,44.47916667,18.125
98,200,太原市,Taiyuan,2015,F&B,30.71284852,4.086423302
99,38,大同市,Datong,2015,Beauty,41.28952263,8.989460632
100,38,大同市,Datong,2015,Entertainment,35.51554828,8.674304419
101,38,大同市,Datong,2015,Training,40.47619048,16.66666667
102,38,大同市,Datong,2015,Daily service,26.0324826,2.320185615
103,38,大同市,Datong,2015,Retail goods,32.79555673,2.168738429
104,38,大同市,Datong,2015,Exercise,34.14634146,21.95121951
105,38,大同市,Datong,2015,F&B,34.13009404,3.585423197
106,247,阳泉市,Yangquan,2015,Beauty,43.39805825,7.184466019
107,247,阳泉市,Yangquan,2015,Entertainment,42.65129683,6.051873199
108,247,阳泉市,Yangquan,2015,Training,50,66.66666667
109,247,阳泉市,Yangquan,2015,Daily service,32.54926891,2.479338843
110,247,阳泉市,Yangquan,2015,Retail goods,37.75616534,1.52830844
111,247,阳泉市,Yangquan,2015,Exercise,43.37349398,14.45783133
112,247,阳泉市,Yangquan,2015,F&B,37.87931636,2.3020579
113,271,长治市,Changzhi,2015,Beauty,31.74097665,8.704883227
114,271,长治市,Changzhi,2015,Entertainment,38.5026738,7.754010695
115,271,长治市,Changzhi,2015,Training,28,20
116,271,长治市,Changzhi,2015,Daily service,24.9215317,2.573760201
117,271,长治市,Changzhi,2015,Retail goods,29.61707896,3.388681803
118,271,长治市,Changzhi,2015,Exercise,40.11976048,9.580838323
119,271,长治市,Changzhi,2015,F&B,28.72200264,1.811594203
120,104,晋城市,Jincheng,2015,Beauty,34.50807636,7.929515419
121,104,晋城市,Jincheng,2015,Entertainment,33.77926421,10.03344482
122,104,晋城市,Jincheng,2015,Training,16.66666667,16.66666667
123,104,晋城市,Jincheng,2015,Daily service,27.78297474,5.238540692
124,104,晋城市,Jincheng,2015,Retail goods,32.05970149,4.417910448
125,104,晋城市,Jincheng,2015,Exercise,29.24528302,18.86792453
126,104,晋城市,Jincheng,2015,F&B,29.06336088,5.463728191
127,190,朔州市,Shuozhou,2015,Beauty,34.64052288,2.450980392
128,190,朔州市,Shuozhou,2015,Entertainment,32.12851406,4.016064257
129,190,朔州市,Shuozhou,2015,Training,16.66666667,50
130,190,朔州市,Shuozhou,2015,Daily service,28.70466321,0.932642487
131,190,朔州市,Shuozhou,2015,Retail goods,28.01439712,0.839832034
132,190,朔州市,Shuozhou,2015,Exercise,25.42372881,8.474576271
133,190,朔州市,Shuozhou,2015,F&B,29.61023851,2.094240838
134,105,晋中市,Jinzhong,2015,Beauty,32.77310924,11.76470588
135,105,晋中市,Jinzhong,2015,Entertainment,35.76642336,13.13868613
136,105,晋中市,Jinzhong,2015,Training,40.86378738,9.302325581
137,105,晋中市,Jinzhong,2015,Daily service,21.41623489,4.14507772
138,105,晋中市,Jinzhong,2015,Retail goods,17.70045386,5.257186082
139,105,晋中市,Jinzhong,2015,Exercise,37.80487805,15.85365854
140,105,晋中市,Jinzhong,2015,F&B,35.345953,4.210182768
141,262,运城市,Yuncheng,2015,Beauty,30.01373626,11.67582418
142,262,运城市,Yuncheng,2015,Entertainment,37.71186441,11.44067797
143,262,运城市,Yuncheng,2015,Training,30,32.5
144,262,运城市,Yuncheng,2015,Daily service,31.04806935,3.152088258
145,262,运城市,Yuncheng,2015,Retail goods,29.2462845,3.98089172
146,262,运城市,Yuncheng,2015,Exercise,40.20618557,18.55670103
147,262,运城市,Yuncheng,2015,F&B,27.98541477,3.585536311
148,233,忻州市,Xinzhou,2015,Beauty,28.06394316,7.992895204
149,233,忻州市,Xinzhou,2015,Entertainment,38.15789474,7.01754386
150,233,忻州市,Xinzhou,2015,Training,42.00743494,5.576208178
151,233,忻州市,Xinzhou,2015,Daily service,18.04320203,3.049555273
152,233,忻州市,Xinzhou,2015,Retail goods,19.66580977,0.449871465
153,233,忻州市,Xinzhou,2015,Exercise,29.54545455,22.72727273
154,233,忻州市,Xinzhou,2015,F&B,28.78077374,3.106682298
155,126,临汾市,Linfen,2015,Beauty,35.58238636,9.303977273
156,126,临汾市,Linfen,2015,Entertainment,40.90909091,8.300395257
157,126,临汾市,Linfen,2015,Training,39.43661972,23.94366197
158,126,临汾市,Linfen,2015,Daily service,34.72714387,2.126151665
159,126,临汾市,Linfen,2015,Retail goods,37.94887401,2.708460134
160,126,临汾市,Linfen,2015,Exercise,49.54954955,18.91891892
161,126,临汾市,Linfen,2015,F&B,35.37209302,1.953488372
162,135,吕梁市,Lvliang,2015,Beauty,32.96943231,11.13537118
163,135,吕梁市,Lvliang,2015,Entertainment,33.89830508,9.039548023
164,135,吕梁市,Lvliang,2015,Training,41.57303371,9.550561798
165,135,吕梁市,Lvliang,2015,Daily service,29.58199357,4.180064309
166,135,吕梁市,Lvliang,2015,Retail goods,29.25731433,1.950487622
167,135,吕梁市,Lvliang,2015,Exercise,41.26984127,22.22222222
168,135,吕梁市,Lvliang,2015,F&B,35.30559168,4.681404421
169,78,呼和浩特市,Hohhot,2015,Beauty,38.10163421,10.05148869
170,78,呼和浩特市,Hohhot,2015,Entertainment,42.42204496,13.63306744
171,78,呼和浩特市,Hohhot,2015,Training,54.45544554,45.54455446
172,78,呼和浩特市,Hohhot,2015,Daily service,37.44194355,4.430153626
173,78,呼和浩特市,Hohhot,2015,Retail goods,36.31342325,1.258831085
174,78,呼和浩特市,Hohhot,2015,Exercise,50.10706638,24.4111349
175,78,呼和浩特市,Hohhot,2015,F&B,36.6071976,4.211881552
176,13,包头市,Baotou,2015,Beauty,29.6495195,7.914075749
177,13,包头市,Baotou,2015,Entertainment,33.85146805,12.52158895
178,13,包头市,Baotou,2015,Training,37.6344086,32.25806452
179,13,包头市,Baotou,2015,Daily service,24.11223148,2.433143358
180,13,包头市,Baotou,2015,Retail goods,25.04755866,1.307863031
181,13,包头市,Baotou,2015,Exercise,36.03818616,16.9451074
182,13,包头市,Baotou,2015,F&B,26.11615588,2.052591752
183,217,乌海市,Wuhai,2015,Beauty,22.47043364,2.628120894
184,217,乌海市,Wuhai,2015,Entertainment,27.12550607,3.643724696
185,217,乌海市,Wuhai,2015,Training,23.30827068,6.015037594
186,217,乌海市,Wuhai,2015,Daily service,17.04422869,0.970873786
187,217,乌海市,Wuhai,2015,Retail goods,15.51846591,0.426136364
188,217,乌海市,Wuhai,2015,Exercise,29.26829268,14.63414634
189,217,乌海市,Wuhai,2015,F&B,18.23662396,1.431801055
190,32,赤峰市,Chifeng,2015,Beauty,31.94915254,3.644067797
191,32,赤峰市,Chifeng,2015,Entertainment,28.5106383,6.595744681
192,32,赤峰市,Chifeng,2015,Training,37.77777778,46.66666667
193,32,赤峰市,Chifeng,2015,Daily service,19.3442623,1.077283372
194,32,赤峰市,Chifeng,2015,Retail goods,25.76449912,1.177504394
195,32,赤峰市,Chifeng,2015,Exercise,33.33333333,7.619047619
196,32,赤峰市,Chifeng,2015,F&B,24.90671642,2.767412935
197,208,通辽市,Tongliao,2015,Beauty,28.58208955,7.23880597
198,208,通辽市,Tongliao,2015,Entertainment,34.35483871,6.612903226
199,208,通辽市,Tongliao,2015,Training,30,23.33333333
200,208,通辽市,Tongliao,2015,Daily service,26.0968661,2.108262108
201,208,通辽市,Tongliao,2015,Retail goods,29.75954114,5.118023384
202,208,通辽市,Tongliao,2015,Exercise,28.28947368,7.236842105
203,208,通辽市,Tongliao,2015,F&B,26.52747928,2.671169788
204,46,鄂尔多斯市,Erdos,2015,Beauty,34.11458333,5.989583333
205,46,鄂尔多斯市,Erdos,2015,Entertainment,38.11188811,9.79020979
206,46,鄂尔多斯市,Erdos,2015,Training,37.5,56.25
207,46,鄂尔多斯市,Erdos,2015,Daily service,39.98351195,5.111294312
208,46,鄂尔多斯市,Erdos,2015,Retail goods,29.20719128,0.854700855
209,46,鄂尔多斯市,Erdos,2015,Exercise,50.38167939,16.03053435
210,46,鄂尔多斯市,Erdos,2015,F&B,31.36448598,2.691588785
211,79,呼伦贝尔市,Hulunbuir,2015,Beauty,41.25,5.714285714
212,79,呼伦贝尔市,Hulunbuir,2015,Entertainment,39.89071038,5.464480874
213,79,呼伦贝尔市,Hulunbuir,2015,Training,0,33.33333333
214,79,呼伦贝尔市,Hulunbuir,2015,Daily service,26.92307692,1.495726496
215,79,呼伦贝尔市,Hulunbuir,2015,Retail goods,31.84744923,1.287766221
216,79,呼伦贝尔市,Hulunbuir,2015,Exercise,34.72222222,5.555555556
217,79,呼伦贝尔市,Hulunbuir,2015,F&B,36.07651246,2.446619217
218,6,巴彦淖尔市,Bayannur,2015,Beauty,30.82251082,1.471861472
219,6,巴彦淖尔市,Bayannur,2015,Entertainment,28.53025937,7.780979827
220,6,巴彦淖尔市,Bayannur,2015,Training,0,20
221,6,巴彦淖尔市,Bayannur,2015,Daily service,27.06449668,0.542495479
222,6,巴彦淖尔市,Bayannur,2015,Retail goods,24.5043799,0.184416782
223,6,巴彦淖尔市,Bayannur,2015,Exercise,34.375,10.9375
224,6,巴彦淖尔市,Bayannur,2015,F&B,26.35726795,1.430239346
225,218,乌兰察布市,Ulanqab,2015,Beauty,25.75163399,1.437908497
226,218,乌兰察布市,Ulanqab,2015,Entertainment,34.04255319,4.255319149
227,218,乌兰察布市,Ulanqab,2015,Training,41.33333333,3.555555556
228,218,乌兰察布市,Ulanqab,2015,Daily service,23.18534179,0.775193798
229,218,乌兰察布市,Ulanqab,2015,Retail goods,26.52173913,0.173913043
230,218,乌兰察布市,Ulanqab,2015,Exercise,30.26315789,10.52631579
231,218,乌兰察布市,Ulanqab,2015,F&B,25.54695389,1.413665433
232,28,沈阳市,Shenyang,2015,Beauty,34.20603301,11.82571302
233,28,沈阳市,Shenyang,2015,Entertainment,33.10074139,6.657944469
234,28,沈阳市,Shenyang,2015,Training,40.4494382,22.84644195
235,28,沈阳市,Shenyang,2015,Daily service,33.22602897,5.661071511
236,28,沈阳市,Shenyang,2015,Retail goods,31.03738121,3.7287819
237,28,沈阳市,Shenyang,2015,Exercise,37.86630037,11.44688645
238,28,沈阳市,Shenyang,2015,F&B,32.20027827,4.852361444
239,36,大连市,Dalian,2015,Beauty,33.14987715,15.4004914
240,36,大连市,Dalian,2015,Entertainment,35.45837724,9.325605901
241,36,大连市,Dalian,2015,Training,38.61003861,34.16988417
242,36,大连市,Dalian,2015,Daily service,32.55676042,8.132836327
243,36,大连市,Dalian,2015,Retail goods,32.06914467,3.386388325
244,36,大连市,Dalian,2015,Exercise,44.98834499,18.49261849
245,36,大连市,Dalian,2015,F&B,34.6309515,6.100522481
246,5,鞍山市,Anshan,2015,Beauty,34.65634076,9.390125847
247,5,鞍山市,Anshan,2015,Entertainment,41.68755221,9.189640769
248,5,鞍山市,Anshan,2015,Training,37.11340206,21.64948454
249,5,鞍山市,Anshan,2015,Daily service,34.66048541,1.827106627
250,5,鞍山市,Anshan,2015,Retail goods,36.08409987,1.629434954
251,5,鞍山市,Anshan,2015,Exercise,41.4893617,15.95744681
252,5,鞍山市,Anshan,2015,F&B,33.97866914,3.57060051
253,51,抚顺市,Fushun,2015,Beauty,39.04942966,11.29277567
254,51,抚顺市,Fushun,2015,Entertainment,41.70771757,5.418719212
255,51,抚顺市,Fushun,2015,Training,35.38461538,13.84615385
256,51,抚顺市,Fushun,2015,Daily service,37.39057941,1.33388912
257,51,抚顺市,Fushun,2015,Retail goods,39.66010733,1.323792487
258,51,抚顺市,Fushun,2015,Exercise,42.7184466,14.0776699
259,51,抚顺市,Fushun,2015,F&B,33.72108221,3.581231212
260,19,本溪市,Benxi,2015,Beauty,45.10050251,7.788944724
261,19,本溪市,Benxi,2015,Entertainment,42.76457883,2.915766739
262,19,本溪市,Benxi,2015,Training,54.54545455,27.27272727
263,19,本溪市,Benxi,2015,Daily service,38.5625,2.375
264,19,本溪市,Benxi,2015,Retail goods,48.16136114,1.8935236
265,19,本溪市,Benxi,2015,Exercise,46.2962963,12.03703704
266,19,本溪市,Benxi,2015,F&B,40.54549622,2.589961036
267,39,丹东市,Dandong,2015,Beauty,44.96,4.56
268,39,丹东市,Dandong,2015,Entertainment,51.06382979,4.893617021
269,39,丹东市,Dandong,2015,Training,54.54545455,36.36363636
270,39,丹东市,Dandong,2015,Daily service,40.45801527,2.780806979
271,39,丹东市,Dandong,2015,Retail goods,46.46728222,1.124046568
272,39,丹东市,Dandong,2015,Exercise,44.82758621,11.72413793
273,39,丹东市,Dandong,2015,F&B,40.21493213,2.941176471
274,103,锦州市,Jinzhou,2015,Beauty,35.6372549,1.911764706
275,103,锦州市,Jinzhou,2015,Entertainment,39.42208462,2.167182663
276,103,锦州市,Jinzhou,2015,Training,34.04255319,2.127659574
277,103,锦州市,Jinzhou,2015,Daily service,34.70643939,0.568181818
278,103,锦州市,Jinzhou,2015,Retail goods,36.56964251,0.527446767
279,103,锦州市,Jinzhou,2015,Exercise,52.35602094,5.235602094
280,103,锦州市,Jinzhou,2015,F&B,31.72052106,2.943664355
281,255,营口市,Yingkou,2015,Beauty,32.29357798,1.19266055
282,255,营口市,Yingkou,2015,Entertainment,32.61390887,3.597122302
283,255,营口市,Yingkou,2015,Training,20,4
284,255,营口市,Yingkou,2015,Daily service,25.40322581,0.403225806
285,255,营口市,Yingkou,2015,Retail goods,29.97444323,0.766703176
286,255,营口市,Yingkou,2015,Exercise,43.51851852,2.777777778
287,255,营口市,Yingkou,2015,F&B,28.17990162,1.335207309
288,53,阜新市,Fuxin,2015,Beauty,32.93201133,2.974504249
289,53,阜新市,Fuxin,2015,Entertainment,37.53056235,2.567237164
290,53,阜新市,Fuxin,2015,Training,27.77777778,27.77777778
291,53,阜新市,Fuxin,2015,Daily service,31.2992126,0.787401575
292,53,阜新市,Fuxin,2015,Retail goods,35.5019305,0.868725869
293,53,阜新市,Fuxin,2015,Exercise,35.05747126,6.896551724
294,53,阜新市,Fuxin,2015,F&B,36.13464111,1.092287115
295,122,辽阳市,Liaoyang,2015,Beauty,30.55003313,3.048376408
296,122,辽阳市,Liaoyang,2015,Entertainment,39.05511811,2.204724409
297,122,辽阳市,Liaoyang,2015,Training,30.35714286,7.142857143
298,122,辽阳市,Liaoyang,2015,Daily service,28.79426644,0.63237774
299,122,辽阳市,Liaoyang,2015,Retail goods,33.65127814,2.89965662
300,122,辽阳市,Liaoyang,2015,Exercise,34.59119497,6.289308176
301,122,辽阳市,Liaoyang,2015,F&B,29.01529637,1.553537285
302,155,盘锦市,Panjin,2015,Beauty,37.25868726,5.083655084
303,155,盘锦市,Panjin,2015,Entertainment,31.63418291,7.496251874
304,155,盘锦市,Panjin,2015,Training,70.37037037,3.703703704
305,155,盘锦市,Panjin,2015,Daily service,33.36003204,1.081297557
306,155,盘锦市,Panjin,2015,Retail goods,34.47497949,1.333059885
307,155,盘锦市,Panjin,2015,Exercise,39.61038961,3.896103896
308,155,盘锦市,Panjin,2015,F&B,33.69365694,2.406689782
309,206,铁岭市,Tieling,2015,Beauty,36.41025641,2.307692308
310,206,铁岭市,Tieling,2015,Entertainment,32.5648415,2.017291066
311,206,铁岭市,Tieling,2015,Training,40.90909091,13.63636364
312,206,铁岭市,Tieling,2015,Daily service,28.04085422,0.835654596
313,206,铁岭市,Tieling,2015,Retail goods,38.93175074,1.246290801
314,206,铁岭市,Tieling,2015,Exercise,35.35353535,9.090909091
315,206,铁岭市,Tieling,2015,F&B,30.79169371,1.524983777
316,25,朝阳市,Chaoyang,2015,Beauty,41.29301356,4.275286757
317,25,朝阳市,Chaoyang,2015,Entertainment,46.15384615,3.970223325
318,25,朝阳市,Chaoyang,2015,Training,47.05882353,35.29411765
319,25,朝阳市,Chaoyang,2015,Daily service,30.09883199,1.707097934
320,25,朝阳市,Chaoyang,2015,Retail goods,43.92882066,1.11653873
321,25,朝阳市,Chaoyang,2015,Exercise,40.98360656,16.39344262
322,25,朝阳市,Chaoyang,2015,F&B,33.59923421,1.786853861
323,81,葫芦岛市,Huludao,2015,Beauty,38.14102564,3.205128205
324,81,葫芦岛市,Huludao,2015,Entertainment,32.46753247,2.75974026
325,81,葫芦岛市,Huludao,2015,Training,53.84615385,15.38461538
326,81,葫芦岛市,Huludao,2015,Daily service,28.66611433,0.911350456
327,81,葫芦岛市,Huludao,2015,Retail goods,38.48365074,2.623068631
328,81,葫芦岛市,Huludao,2015,Exercise,41.05960265,9.271523179
329,81,葫芦岛市,Huludao,2015,F&B,29.84635502,3.040209219
330,269,长春市,Changchun,2015,Beauty,29.0911008,7.032897512
331,269,长春市,Changchun,2015,Entertainment,33.49328215,6.973768394
332,269,长春市,Changchun,2015,Training,41.3897281,23.86706949
333,269,长春市,Changchun,2015,Daily service,30.36376479,6.992760021
334,269,长春市,Changchun,2015,Retail goods,31.05727744,3.206270039
335,269,长春市,Changchun,2015,Exercise,42.78768233,15.39708266
336,269,长春市,Changchun,2015,F&B,32.24601669,3.593265263
337,92,吉林市,Jilin,2015,Beauty,33.70300243,4.706518799
338,92,吉林市,Jilin,2015,Entertainment,34.7376201,3.99113082
339,92,吉林市,Jilin,2015,Training,33.33333333,24.13793103
340,92,吉林市,Jilin,2015,Daily service,33.56661153,1.221529457
341,92,吉林市,Jilin,2015,Retail goods,35.49111151,1.472436703
342,92,吉林市,Jilin,2015,Exercise,37.41258741,10.48951049
343,92,吉林市,Jilin,2015,F&B,33.88577653,1.960784314
344,191,四平市,Siping,2015,Beauty,34.38287154,4.156171285
345,191,四平市,Siping,2015,Entertainment,31.54574132,5.993690852
346,191,四平市,Siping,2015,Training,53.84615385,53.84615385
347,191,四平市,Siping,2015,Daily service,27.53623188,2.675585284
348,191,四平市,Siping,2015,Retail goods,33.34778838,2.688638335
349,191,四平市,Siping,2015,Exercise,49.35064935,10.38961039
350,191,四平市,Siping,2015,F&B,35.01218522,3.655564582
351,123,辽源市,Liaoyuan,2015,Beauty,40.54307116,3.277153558
352,123,辽源市,Liaoyuan,2015,Entertainment,45.79124579,2.693602694
353,123,辽源市,Liaoyuan,2015,Training,53.33333333,0
354,123,辽源市,Liaoyuan,2015,Daily service,32.67776097,2.874432678
355,123,辽源市,Liaoyuan,2015,Retail goods,41.51785714,2.120535714
356,123,辽源市,Liaoyuan,2015,Exercise,58.13953488,20.93023256
357,123,辽源市,Liaoyuan,2015,F&B,35.33011272,2.801932367
358,207,通化市,Tonghua,2015,Beauty,39.93115318,5.163511188
359,207,通化市,Tonghua,2015,Entertainment,44.68085106,3.829787234
360,207,通化市,Tonghua,2015,Training,53.21100917,7.798165138
361,207,通化市,Tonghua,2015,Daily service,36.70454545,3.522727273
362,207,通化市,Tonghua,2015,Retail goods,42.15148189,4.884742042
363,207,通化市,Tonghua,2015,Exercise,46.875,1.5625
364,207,通化市,Tonghua,2015,F&B,38.8973384,1.901140684
365,9,白山市,Baishan,2015,Beauty,38.9261745,3.523489933
366,9,白山市,Baishan,2015,Entertainment,38.18181818,1.818181818
367,9,白山市,Baishan,2015,Training,66.66666667,0
368,9,白山市,Baishan,2015,Daily service,35.3640416,0.742942051
369,9,白山市,Baishan,2015,Retail goods,38.26191913,1.086300543
370,9,白山市,Baishan,2015,Exercise,21.73913043,4.347826087
371,9,白山市,Baishan,2015,F&B,33.0206379,0.422138837
372,192,松原市,Songyuan,2015,Beauty,32.74771609,4.146170063
373,192,松原市,Songyuan,2015,Entertainment,32.85939968,6.793048973
374,192,松原市,Songyuan,2015,Training,36.36363636,9.090909091
375,192,松原市,Songyuan,2015,Daily service,25.78768783,3.538536112
376,192,松原市,Songyuan,2015,Retail goods,30.8267553,3.967594516
377,192,松原市,Songyuan,2015,Exercise,33.05439331,5.020920502
378,192,松原市,Songyuan,2015,F&B,30.22761115,2.467560094
379,8,白城市,Baicheng,2015,Beauty,38.22269807,2.355460385
380,8,白城市,Baicheng,2015,Entertainment,32.35867446,3.703703704
381,8,白城市,Baicheng,2015,Training,57.14285714,14.28571429
382,8,白城市,Baicheng,2015,Daily service,31.52350081,1.539708266
383,8,白城市,Baicheng,2015,Retail goods,42.96448087,2.083333333
384,8,白城市,Baicheng,2015,Exercise,46.66666667,6.666666667
385,8,白城市,Baicheng,2015,F&B,34.4773791,5.054602184
386,63,哈尔滨市,Harbin,2015,Beauty,41.25820569,10.71115974
387,63,哈尔滨市,Harbin,2015,Entertainment,40.16100179,7.006559332
388,63,哈尔滨市,Harbin,2015,Training,46.15384615,27.88461538
389,63,哈尔滨市,Harbin,2015,Daily service,40.10757137,5.378568473
390,63,哈尔滨市,Harbin,2015,Retail goods,41.84778684,2.375622789
391,63,哈尔滨市,Harbin,2015,Exercise,49.17647059,12.54901961
392,63,哈尔滨市,Harbin,2015,F&B,39.5487758,3.650813998
393,162,齐齐哈尔市,Qiqihar,2015,Beauty,29.96805112,6.900958466
394,162,齐齐哈尔市,Qiqihar,2015,Entertainment,33.86454183,4.515272244
395,162,齐齐哈尔市,Qiqihar,2015,Training,44.68085106,19.14893617
396,162,齐齐哈尔市,Qiqihar,2015,Daily service,24.65450525,4.422332781
397,162,齐齐哈尔市,Qiqihar,2015,Retail goods,23.50589226,1.304713805
398,162,齐齐哈尔市,Qiqihar,2015,Exercise,34.81012658,6.962025316
399,162,齐齐哈尔市,Qiqihar,2015,F&B,34.13901817,2.942501126
400,90,鸡西市,Jixi,2015,Beauty,40.61990212,3.262642741
401,90,鸡西市,Jixi,2015,Entertainment,31.07344633,2.259887006
402,90,鸡西市,Jixi,2015,Training,43.75,12.5
403,90,鸡西市,Jixi,2015,Daily service,36.0040568,1.014198783
404,90,鸡西市,Jixi,2015,Retail goods,38.42770753,2.363936229
405,90,鸡西市,Jixi,2015,Exercise,47.36842105,3.50877193
406,90,鸡西市,Jixi,2015,F&B,36.71706263,1.151907847
407,74,鹤岗市,Hegang,2015,Beauty,41.52139461,5.229793978
408,74,鹤岗市,Hegang,2015,Entertainment,41.31274131,3.088803089
409,74,鹤岗市,Hegang,2015,Training,45.45454545,18.18181818
410,74,鹤岗市,Hegang,2015,Daily service,34.29895713,1.390498262
411,74,鹤岗市,Hegang,2015,Retail goods,36.14942529,1.034482759
412,74,鹤岗市,Hegang,2015,Exercise,35.55555556,4.444444444
413,74,鹤岗市,Hegang,2015,F&B,38.45238095,4.484126984
414,189,双鸭山市,Shuangyashan,2015,Beauty,31.76838811,5.633802817
415,189,双鸭山市,Shuangyashan,2015,Entertainment,39.32038835,4.368932039
416,189,双鸭山市,Shuangyashan,2015,Training,44.63276836,2.259887006
417,189,双鸭山市,Shuangyashan,2015,Daily service,37.87661406,1.147776184
418,189,双鸭山市,Shuangyashan,2015,Retail goods,37.0929309,1.985702939
419,189,双鸭山市,Shuangyashan,2015,Exercise,34.7826087,2.173913043
420,189,双鸭山市,Shuangyashan,2015,F&B,31.26699293,3.752039152
421,37,大庆市,Daqing,2015,Beauty,31.28950695,7.079646018
422,37,大庆市,Daqing,2015,Entertainment,34.4047619,7.976190476
423,37,大庆市,Daqing,2015,Training,30.98591549,15.49295775
424,37,大庆市,Daqing,2015,Daily service,29.38496583,2.91571754
425,37,大庆市,Daqing,2015,Retail goods,29.61011591,2.186512118
426,37,大庆市,Daqing,2015,Exercise,37.24489796,11.73469388
427,37,大庆市,Daqing,2015,F&B,33.16568047,4.985207101
428,248,伊春市,Yichun,2015,Beauty,37.4025974,1.558441558
429,248,伊春市,Yichun,2015,Entertainment,51.19047619,1.984126984
430,248,伊春市,Yichun,2015,Training,44.16666667,2.5
431,248,伊春市,Yichun,2015,Daily service,34.12073491,0.787401575
432,248,伊春市,Yichun,2015,Retail goods,42.32142857,0.535714286
433,248,伊春市,Yichun,2015,Exercise,42.85714286,0
434,248,伊春市,Yichun,2015,F&B,36.2055336,0.790513834
435,95,佳木斯市,Jiamusi,2015,Beauty,39.2,4.533333333
436,95,佳木斯市,Jiamusi,2015,Entertainment,36.94581281,3.448275862
437,95,佳木斯市,Jiamusi,2015,Training,23.07692308,23.07692308
438,95,佳木斯市,Jiamusi,2015,Daily service,30.98591549,3.118712274
439,95,佳木斯市,Jiamusi,2015,Retail goods,35.95800525,3.543307087
440,95,佳木斯市,Jiamusi,2015,Exercise,37.97468354,8.860759494
441,95,佳木斯市,Jiamusi,2015,F&B,39.51257454,2.333419756
442,161,七台河市,Qitaihe,2015,Beauty,40.23529412,9.176470588
443,161,七台河市,Qitaihe,2015,Entertainment,40.37558685,5.164319249
444,161,七台河市,Qitaihe,2015,Training,64.28571429,14.28571429
445,161,七台河市,Qitaihe,2015,Daily service,36.32075472,2.830188679
446,161,七台河市,Qitaihe,2015,Retail goods,43.5368755,4.996034893
447,161,七台河市,Qitaihe,2015,Exercise,26.92307692,19.23076923
448,161,七台河市,Qitaihe,2015,F&B,35.40502793,3.840782123
449,143,牡丹江市,Mudanjiang,2015,Beauty,35.24904215,14.08045977
450,143,牡丹江市,Mudanjiang,2015,Entertainment,38.38771593,7.677543186
451,143,牡丹江市,Mudanjiang,2015,Training,19.04761905,28.57142857
452,143,牡丹江市,Mudanjiang,2015,Daily service,31.91740413,5.191740413
453,143,牡丹江市,Mudanjiang,2015,Retail goods,40.2408785,3.719447396
454,143,牡丹江市,Mudanjiang,2015,Exercise,46.15384615,24.03846154
455,143,牡丹江市,Mudanjiang,2015,F&B,38.45561827,3.335043612
456,75,黑河市,Heihe,2015,Beauty,42.59681093,3.872437358
457,75,黑河市,Heihe,2015,Entertainment,38.55421687,2.409638554
458,75,黑河市,Heihe,2015,Training,25,0
459,75,黑河市,Heihe,2015,Daily service,41.09589041,3.561643836
460,75,黑河市,Heihe,2015,Retail goods,47.95520935,2.288218111
461,75,黑河市,Heihe,2015,Exercise,41.02564103,2.564102564
462,75,黑河市,Heihe,2015,F&B,36.20457604,1.682368775
463,196,绥化市,Suihua,2015,Beauty,39.26128591,3.556771546
464,196,绥化市,Suihua,2015,Entertainment,33.56164384,2.397260274
465,196,绥化市,Suihua,2015,Training,50,13.63636364
466,196,绥化市,Suihua,2015,Daily service,33.68756642,0.425079702
467,196,绥化市,Suihua,2015,Retail goods,39.64416058,1.186131387
468,196,绥化市,Suihua,2015,Exercise,37.36263736,2.197802198
469,196,绥化市,Suihua,2015,F&B,36.38877914,2.252074279
470,180,上海市,Shanghai,2015,Beauty,30.29217309,17.94014015
471,180,上海市,Shanghai,2015,Entertainment,36.34336006,23.99782989
472,180,上海市,Shanghai,2015,Training,43.31541821,42.84514612
473,180,上海市,Shanghai,2015,Daily service,33.09578954,14.49759487
474,180,上海市,Shanghai,2015,Retail goods,24.86384014,7.30407353
475,180,上海市,Shanghai,2015,Exercise,43.92634393,26.73992674
476,180,上海市,Shanghai,2015,F&B,25.88473502,7.640119725
477,146,南京市,Nanjing,2015,Beauty,36.42454395,19.81426202
478,146,南京市,Nanjing,2015,Entertainment,37.21973094,11.6419455
479,146,南京市,Nanjing,2015,Training,46.76445211,47.1958585
480,146,南京市,Nanjing,2015,Daily service,34.81744514,15.41473186
481,146,南京市,Nanjing,2015,Retail goods,27.97734107,5.211018041
482,146,南京市,Nanjing,2015,Exercise,52.45411865,25.18139138
483,146,南京市,Nanjing,2015,F&B,33.24409748,5.841206238
484,220,无锡市,Wuxi,2015,Beauty,35.55446996,12.0566683
485,220,无锡市,Wuxi,2015,Entertainment,39.20595533,11.51364764
486,220,无锡市,Wuxi,2015,Training,43.8961039,39.48051948
487,220,无锡市,Wuxi,2015,Daily service,33.59782362,6.121060984
488,220,无锡市,Wuxi,2015,Retail goods,33.31386435,4.12134044
489,220,无锡市,Wuxi,2015,Exercise,44.51901566,19.53765846
490,220,无锡市,Wuxi,2015,F&B,37.06641779,5.381863431
491,238,徐州市,Xuzhou,2015,Beauty,41.66871166,20.39263804
492,238,徐州市,Xuzhou,2015,Entertainment,39.2991239,11.51439299
493,238,徐州市,Xuzhou,2015,Training,54.32098765,29.01234568
494,238,徐州市,Xuzhou,2015,Daily service,32.35587473,6.084181129
495,238,徐州市,Xuzhou,2015,Retail goods,34.39372983,2.415859843
496,238,徐州市,Xuzhou,2015,Exercise,42.79835391,18.93004115
497,238,徐州市,Xuzhou,2015,F&B,36.45243066,5.517447062
498,24,常州市,Changzhou,2015,Beauty,31.32771188,9.532656853
499,24,常州市,Changzhou,2015,Entertainment,35.20263902,10.03770028
500,24,常州市,Changzhou,2015,Training,40.55555556,53.88888889
501,24,常州市,Changzhou,2015,Daily service,29.63665402,4.621680974
502,24,常州市,Changzhou,2015,Retail goods,28.19096553,1.61849711
503,24,常州市,Changzhou,2015,Exercise,42.43176179,24.81389578
504,24,常州市,Changzhou,2015,F&B,29.74586984,4.420034
505,193,苏州市,Suzhou,2015,Beauty,37.69650051,12.93151118
506,193,苏州市,Suzhou,2015,Entertainment,39.81583794,9.779005525
507,193,苏州市,Suzhou,2015,Training,47.7739726,38.69863014
508,193,苏州市,Suzhou,2015,Daily service,36.00465219,7.194284448
509,193,苏州市,Suzhou,2015,Retail goods,33.58569102,4.578633046
510,193,苏州市,Suzhou,2015,Exercise,44.65056083,22.43313201
511,193,苏州市,Suzhou,2015,F&B,37.71662246,5.377984085
512,149,南通市,Nantong,2015,Beauty,33.32434618,10.16446482
513,149,南通市,Nantong,2015,Entertainment,36.91481197,13.04681504
514,149,南通市,Nantong,2015,Training,30.90909091,41.81818182
515,149,南通市,Nantong,2015,Daily service,28.63306531,6.099235144
516,149,南通市,Nantong,2015,Retail goods,30.27836398,2.904230731
517,149,南通市,Nantong,2015,Exercise,41.52139461,21.71156894
518,149,南通市,Nantong,2015,F&B,32.56880734,5.32815808
519,121,连云港市,Lianyungang,2015,Beauty,34.94208494,8.751608752
520,121,连云港市,Lianyungang,2015,Entertainment,39.31777379,11.8491921
521,121,连云港市,Lianyungang,2015,Training,41.26984127,31.74603175
522,121,连云港市,Lianyungang,2015,Daily service,31.66571916,3.354178511
523,121,连云港市,Lianyungang,2015,Retail goods,33.37369823,1.380479535
524,121,连云港市,Lianyungang,2015,Exercise,50.84745763,21.18644068
525,121,连云港市,Lianyungang,2015,F&B,32.45275351,3.312334891
526,83,淮安市,Huai'an,2015,Beauty,34.07155026,6.189664963
527,83,淮安市,Huai'an,2015,Entertainment,35.35108959,6.779661017
528,83,淮安市,Huai'an,2015,Training,45.45454545,24.24242424
529,83,淮安市,Huai'an,2015,Daily service,32.5008109,1.751540707
530,83,淮安市,Huai'an,2015,Retail goods,30.96414343,1.354581673
531,83,淮安市,Huai'an,2015,Exercise,45.61403509,24.56140351
532,83,淮安市,Huai'an,2015,F&B,35.79128261,2.468364318
533,244,盐城市,Yancheng,2015,Beauty,39.32987635,5.903470283
534,244,盐城市,Yancheng,2015,Entertainment,36.9447454,7.908992416
535,244,盐城市,Yancheng,2015,Training,41.26984127,38.0952381
536,244,盐城市,Yancheng,2015,Daily service,32.67066767,2.644411103
537,244,盐城市,Yancheng,2015,Retail goods,35.13862025,1.783795401
538,244,盐城市,Yancheng,2015,Exercise,47.13114754,20.49180328
539,244,盐城市,Yancheng,2015,F&B,37.25360497,3.770339992
540,245,扬州市,Yangzhou,2015,Beauty,39.86211219,7.865872767
541,245,扬州市,Yangzhou,2015,Entertainment,39.92117117,6.925675676
542,245,扬州市,Yangzhou,2015,Training,49.20634921,21.42857143
543,245,扬州市,Yangzhou,2015,Daily service,32.04175868,5.480827143
544,245,扬州市,Yangzhou,2015,Retail goods,33.99962107,2.188328912
545,245,扬州市,Yangzhou,2015,Exercise,52.65822785,16.96202532
546,245,扬州市,Yangzhou,2015,F&B,35.85961343,2.950152594
547,274,镇江市,Zhenjiang,2015,Beauty,34.27777778,10.88888889
548,274,镇江市,Zhenjiang,2015,Entertainment,33.71212121,14.26767677
549,274,镇江市,Zhenjiang,2015,Training,50,38.88888889
550,274,镇江市,Zhenjiang,2015,Daily service,28.89989388,3.784931022
551,274,镇江市,Zhenjiang,2015,Retail goods,32.78817424,2.484667401
552,274,镇江市,Zhenjiang,2015,Exercise,44.35146444,19.66527197
553,274,镇江市,Zhenjiang,2015,F&B,31.29888268,5.460893855
554,202,泰州市,Taizhou,2015,Beauty,27.26666667,7.2
555,202,泰州市,Taizhou,2015,Entertainment,31.5920398,6.467661692
556,202,泰州市,Taizhou,2015,Training,20.93023256,27.90697674
557,202,泰州市,Taizhou,2015,Daily service,21.96421774,3.12143129
558,202,泰州市,Taizhou,2015,Retail goods,25.34454985,1.360300698
559,202,泰州市,Taizhou,2015,Exercise,38.49557522,16.37168142
560,202,泰州市,Taizhou,2015,F&B,28.22786969,3.445335153
561,194,宿迁市,Suqian,2015,Beauty,24.87899322,6.679574056
562,194,宿迁市,Suqian,2015,Entertainment,19.82378855,8.149779736
563,194,宿迁市,Suqian,2015,Training,25.80645161,29.03225806
564,194,宿迁市,Suqian,2015,Daily service,21.84971098,2.080924855
565,194,宿迁市,Suqian,2015,Retail goods,20.65031375,1.540216771
566,194,宿迁市,Suqian,2015,Exercise,43.75,15.625
567,194,宿迁市,Suqian,2015,F&B,25.07251047,3.609410248
568,68,杭州市,Hangzhou,2015,Beauty,32.81119028,14.34409053
569,68,杭州市,Hangzhou,2015,Entertainment,34.43858327,18.6322532
570,68,杭州市,Hangzhou,2015,Training,42.06151288,32.08645054
571,68,杭州市,Hangzhou,2015,Daily service,33.49532037,10.68214543
572,68,杭州市,Hangzhou,2015,Retail goods,31.30136986,4.511415525
573,68,杭州市,Hangzhou,2015,Exercise,44.8707256,25.60467056
574,68,杭州市,Hangzhou,2015,F&B,32.1712236,5.387796933
575,152,宁波市,Ningbo,2015,Beauty,33.18978319,10.02376002
576,152,宁波市,Ningbo,2015,Entertainment,37.26584297,10.96054205
577,152,宁波市,Ningbo,2015,Training,45.95238095,34.04761905
578,152,宁波市,Ningbo,2015,Daily service,32.15859031,7.81938326
579,152,宁波市,Ningbo,2015,Retail goods,29.04880155,4.016411142
580,152,宁波市,Ningbo,2015,Exercise,45.11904762,21.19047619
581,152,宁波市,Ningbo,2015,F&B,33.11306193,5.339571677
582,216,温州市,Wenzhou,2015,Beauty,35.26088002,9.172878096
583,216,温州市,Wenzhou,2015,Entertainment,38.00682077,12.95945434
584,216,温州市,Wenzhou,2015,Training,39.03743316,39.57219251
585,216,温州市,Wenzhou,2015,Daily service,31.91003911,3.683181226
586,216,温州市,Wenzhou,2015,Retail goods,34.48785639,1.851460753
587,216,温州市,Wenzhou,2015,Exercise,42.13333333,25.6
588,216,温州市,Wenzhou,2015,F&B,28.82826129,3.300058151
589,96,嘉兴市,Jiaxing,2015,Beauty,30.89230769,12.43076923
590,96,嘉兴市,Jiaxing,2015,Entertainment,35.43859649,13.68421053
591,96,嘉兴市,Jiaxing,2015,Training,28.76712329,38.35616438
592,96,嘉兴市,Jiaxing,2015,Daily service,28.9031225,8.246597278
593,96,嘉兴市,Jiaxing,2015,Retail goods,29.05354732,3.314834258
594,96,嘉兴市,Jiaxing,2015,Exercise,42.65402844,26.54028436
595,96,嘉兴市,Jiaxing,2015,F&B,27.55577756,4.362304362
596,80,湖州市,Huzhou,2015,Beauty,31.38613861,12.17821782
597,80,湖州市,Huzhou,2015,Entertainment,40.48582996,16.19433198
598,80,湖州市,Huzhou,2015,Training,33.33333333,55.55555556
599,80,湖州市,Huzhou,2015,Daily service,29.56104252,6.172839506
600,80,湖州市,Huzhou,2015,Retail goods,25.12459689,2.228085605
601,80,湖州市,Huzhou,2015,Exercise,54.11764706,27.05882353
602,80,湖州市,Huzhou,2015,F&B,32.54143646,4.861878453
603,184,绍兴市,Shaoxing,2015,Beauty,33.95522388,9.07960199
604,184,绍兴市,Shaoxing,2015,Entertainment,35.07271172,12.9170231
605,184,绍兴市,Shaoxing,2015,Training,51.5625,26.5625
606,184,绍兴市,Shaoxing,2015,Daily service,29.87465181,5.08356546
607,184,绍兴市,Shaoxing,2015,Retail goods,31.58584535,2.905198777
608,184,绍兴市,Shaoxing,2015,Exercise,44.13407821,21.50837989
609,184,绍兴市,Shaoxing,2015,F&B,31.4056134,3.927116342
610,102,金华市,Jinhua,2015,Beauty,27.81712814,11.13972956
611,102,金华市,Jinhua,2015,Entertainment,31.62055336,11.85770751
612,102,金华市,Jinhua,2015,Training,39.44954128,33.94495413
613,102,金华市,Jinhua,2015,Daily service,24.49438202,6.382022472
614,102,金华市,Jinhua,2015,Retail goods,27.27956383,1.823651062
615,102,金华市,Jinhua,2015,Exercise,38.91625616,21.18226601
616,102,金华市,Jinhua,2015,F&B,30.49604323,3.918162517
617,169,衢州市,Quzhou,2015,Beauty,28.58306189,4.397394137
618,169,衢州市,Quzhou,2015,Entertainment,32.87671233,9.132420091
619,169,衢州市,Quzhou,2015,Training,32.25806452,38.70967742
620,169,衢州市,Quzhou,2015,Daily service,29.72119937,2.630194634
621,169,衢州市,Quzhou,2015,Retail goods,27.60048721,1.047503045
622,169,衢州市,Quzhou,2015,Exercise,37.07865169,23.59550562
623,169,衢州市,Quzhou,2015,F&B,26.45559431,2.334317145
624,279,舟山市,Zhoushan,2015,Beauty,41.70692432,6.280193237
625,279,舟山市,Zhoushan,2015,Entertainment,47.84313725,15.29411765
626,279,舟山市,Zhoushan,2015,Training,66.66666667,25
627,279,舟山市,Zhoushan,2015,Daily service,40.14814815,5.037037037
628,279,舟山市,Zhoushan,2015,Retail goods,40.87516088,1.055341055
629,279,舟山市,Zhoushan,2015,Exercise,50.61728395,28.39506173
630,279,舟山市,Zhoushan,2015,F&B,33.22802987,3.819643883
631,199,台州市,Taizhou,2015,Beauty,36.58848614,8.571428571
632,199,台州市,Taizhou,2015,Entertainment,41.2462908,10.68249258
633,199,台州市,Taizhou,2015,Training,48.95833333,27.08333333
634,199,台州市,Taizhou,2015,Daily service,34.1477436,4.742742167
635,199,台州市,Taizhou,2015,Retail goods,31.02180838,3.062974761
636,199,台州市,Taizhou,2015,Exercise,46.52173913,25.2173913
637,199,台州市,Taizhou,2015,F&B,32.48055057,3.964691801
638,120,丽水市,Lishui,2015,Beauty,33.22916667,6.875
639,120,丽水市,Lishui,2015,Entertainment,35.66878981,13.37579618
640,120,丽水市,Lishui,2015,Training,53.9184953,15.04702194
641,120,丽水市,Lishui,2015,Daily service,28.18627451,2.614379085
642,120,丽水市,Lishui,2015,Retail goods,30.89048673,1.493362832
643,120,丽水市,Lishui,2015,Exercise,36.17021277,31.91489362
644,120,丽水市,Lishui,2015,F&B,30.29032258,4.064516129
645,69,合肥市,Hefei,2015,Beauty,30.11551155,17.6096181
646,69,合肥市,Hefei,2015,Entertainment,31.97556008,15.17311609
647,69,合肥市,Hefei,2015,Training,35.11904762,54.76190476
648,69,合肥市,Hefei,2015,Daily service,26.48077103,10.25545055
649,69,合肥市,Hefei,2015,Retail goods,24.74609966,4.395176974
650,69,合肥市,Hefei,2015,Exercise,43.96396396,28.55855856
651,69,合肥市,Hefei,2015,F&B,29.38057282,5.711294245
652,222,芜湖市,Wuhu,2015,Beauty,34.16959358,13.24636227
653,222,芜湖市,Wuhu,2015,Entertainment,33.53174603,14.28571429
654,222,芜湖市,Wuhu,2015,Training,45.76271186,50.84745763
655,222,芜湖市,Wuhu,2015,Daily service,27.04174229,7.168784029
656,222,芜湖市,Wuhu,2015,Retail goods,29.76122254,4.851957975
657,222,芜湖市,Wuhu,2015,Exercise,42.01680672,34.45378151
658,222,芜湖市,Wuhu,2015,F&B,32.50984118,5.253155966
659,12,蚌埠市,Bengbu,2015,Beauty,36.90962099,7.813411079
660,12,蚌埠市,Bengbu,2015,Entertainment,42.49649369,9.677419355
661,12,蚌埠市,Bengbu,2015,Training,36,64
662,12,蚌埠市,Bengbu,2015,Daily service,31.41182218,4.640937958
663,12,蚌埠市,Bengbu,2015,Retail goods,34.16334661,2.509960159
664,12,蚌埠市,Bengbu,2015,Exercise,40,27.05882353
665,12,蚌埠市,Bengbu,2015,F&B,37.89038263,4.632885212
666,85,淮南市,Huainan,2015,Beauty,36.18974751,3.825554705
667,85,淮南市,Huainan,2015,Entertainment,40.7540395,4.488330341
668,85,淮南市,Huainan,2015,Training,57.35294118,7.352941176
669,85,淮南市,Huainan,2015,Daily service,30.03575685,2.264600715
670,85,淮南市,Huainan,2015,Retail goods,38.36477987,1.519916143
671,85,淮南市,Huainan,2015,Exercise,50.46728972,22.42990654
672,85,淮南市,Huainan,2015,F&B,38.45975412,2.342843888
673,138,马鞍山市,Maanshan,2015,Beauty,32.02160494,7.175925926
674,138,马鞍山市,Maanshan,2015,Entertainment,32.99145299,7.521367521
675,138,马鞍山市,Maanshan,2015,Training,53.125,37.5
676,138,马鞍山市,Maanshan,2015,Daily service,26.27692308,3.815384615
677,138,马鞍山市,Maanshan,2015,Retail goods,31.85661143,3.077443355
678,138,马鞍山市,Maanshan,2015,Exercise,30.96774194,15.48387097
679,138,马鞍山市,Maanshan,2015,F&B,31.69624433,3.879488238
680,84,淮北市,Huaibei,2015,Beauty,31.23980424,8.401305057
681,84,淮北市,Huaibei,2015,Entertainment,36.56509695,11.08033241
682,84,淮北市,Huaibei,2015,Training,43.79232506,5.417607223
683,84,淮北市,Huaibei,2015,Daily service,28.48948375,2.294455067
684,84,淮北市,Huaibei,2015,Retail goods,28.32287507,1.93953223
685,84,淮北市,Huaibei,2015,Exercise,44.55445545,19.8019802
686,84,淮北市,Huaibei,2015,F&B,31.23654628,1.985171012
687,210,铜陵市,Tongling,2015,Beauty,35.59748428,8.679245283
688,210,铜陵市,Tongling,2015,Entertainment,38.55421687,18.07228916
689,210,铜陵市,Tongling,2015,Training,51.79282869,8.764940239
690,210,铜陵市,Tongling,2015,Daily service,29.406037,6.718597858
691,210,铜陵市,Tongling,2015,Retail goods,26.63952962,5.201266395
692,210,铜陵市,Tongling,2015,Exercise,43.90243902,23.17073171
693,210,铜陵市,Tongling,2015,F&B,32.58248731,6.979695431
694,2,安庆市,Anqing,2015,Beauty,31.25,3.295454545
695,2,安庆市,Anqing,2015,Entertainment,38.76146789,10.32110092
696,2,安庆市,Anqing,2015,Training,50,15.38461538
697,2,安庆市,Anqing,2015,Daily service,26.09871535,1.757944557
698,2,安庆市,Anqing,2015,Retail goods,35.2530541,1.869857891
699,2,安庆市,Anqing,2015,Exercise,54.21686747,13.25301205
700,2,安庆市,Anqing,2015,F&B,36.55063291,5.284810127
701,87,黄山市,Huangshan,2015,Beauty,37.88487282,4.6854083
702,87,黄山市,Huangshan,2015,Entertainment,40.14084507,3.521126761
703,87,黄山市,Huangshan,2015,Training,50.57471264,3.735632184
704,87,黄山市,Huangshan,2015,Daily service,38.52433281,1.91522763
705,87,黄山市,Huangshan,2015,Retail goods,38.05595409,0.860832138
706,87,黄山市,Huangshan,2015,Exercise,47.61904762,17.85714286
707,87,黄山市,Huangshan,2015,F&B,37.11196373,1.360306941
708,34,滁州市,Chuzhou,2015,Beauty,29.84615385,11.38461538
709,34,滁州市,Chuzhou,2015,Entertainment,31.73076923,7.115384615
710,34,滁州市,Chuzhou,2015,Training,35.95166163,9.365558912
711,34,滁州市,Chuzhou,2015,Daily service,24.84304933,3.766816143
712,34,滁州市,Chuzhou,2015,Retail goods,29.99331997,4.909819639
713,34,滁州市,Chuzhou,2015,Exercise,50,13.63636364
714,34,滁州市,Chuzhou,2015,F&B,29.95986239,4.042431193
715,54,阜阳市,Fuyang,2015,Beauty,31.18811881,10.46676096
716,54,阜阳市,Fuyang,2015,Entertainment,32.7510917,9.315866084
717,54,阜阳市,Fuyang,2015,Training,29.41176471,26.47058824
718,54,阜阳市,Fuyang,2015,Daily service,20.68595927,3.215434084
719,54,阜阳市,Fuyang,2015,Retail goods,30.66151618,2.607436021
720,54,阜阳市,Fuyang,2015,Exercise,32.05128205,32.05128205
721,54,阜阳市,Fuyang,2015,F&B,29.50990615,3.128258603
722,195,宿州市,Suzhou,2015,Beauty,30.75144509,11.67630058
723,195,宿州市,Suzhou,2015,Entertainment,29.42528736,10.57471264
724,195,宿州市,Suzhou,2015,Training,75,75
725,195,宿州市,Suzhou,2015,Daily service,26.03174603,3.412698413
726,195,宿州市,Suzhou,2015,Retail goods,26.32170979,10.16122985
727,195,宿州市,Suzhou,2015,Exercise,29.6875,15.625
728,195,宿州市,Suzhou,2015,F&B,30.34291652,3.152060963
729,129,六安市,Lu'an,2015,Beauty,23.29545455,7.8125
730,129,六安市,Lu'an,2015,Entertainment,26.2745098,13.33333333
731,129,六安市,Lu'an,2015,Training,33.70165746,6.077348066
732,129,六安市,Lu'an,2015,Daily service,29.02892562,3.615702479
733,129,六安市,Lu'an,2015,Retail goods,25.57640751,2.091152815
734,129,六安市,Lu'an,2015,Exercise,30.15873016,31.74603175
735,129,六安市,Lu'an,2015,F&B,27.9950597,2.511321531
736,21,亳州市,Bozhou,2015,Beauty,26.20578778,5.144694534
737,21,亳州市,Bozhou,2015,Entertainment,26.89873418,7.594936709
738,21,亳州市,Bozhou,2015,Training,43.54243542,7.749077491
739,21,亳州市,Bozhou,2015,Daily service,21.22905028,6.368715084
740,21,亳州市,Bozhou,2015,Retail goods,28.34707499,6.438947782
741,21,亳州市,Bozhou,2015,Exercise,33.33333333,27.45098039
742,21,亳州市,Bozhou,2015,F&B,25.96553773,3.565062389
743,31,池州市,Chizhou,2015,Beauty,31.64893617,10.63829787
744,31,池州市,Chizhou,2015,Entertainment,31.53846154,20
745,31,池州市,Chizhou,2015,Training,45.68965517,12.06896552
746,31,池州市,Chizhou,2015,Daily service,26.58662093,9.262435678
747,31,池州市,Chizhou,2015,Retail goods,32.17665615,2.586750789
748,31,池州市,Chizhou,2015,Exercise,47.22222222,38.88888889
749,31,池州市,Chizhou,2015,F&B,32.30865747,4.579673777
750,240,宣城市,Xuancheng,2015,Beauty,34.22131148,6.352459016
751,240,宣城市,Xuancheng,2015,Entertainment,31.36363636,12.27272727
752,240,宣城市,Xuancheng,2015,Training,36.23188406,7.971014493
753,240,宣城市,Xuancheng,2015,Daily service,21.20200334,4.173622705
754,240,宣城市,Xuancheng,2015,Retail goods,26.49176955,1.697530864
755,240,宣城市,Xuancheng,2015,Exercise,33.33333333,15.38461538
756,240,宣城市,Xuancheng,2015,F&B,25.98837209,3.720930233
757,50,福州市,Fuzhou,2015,Beauty,35.62154696,19.43370166
758,50,福州市,Fuzhou,2015,Entertainment,41.1634349,22.49307479
759,50,福州市,Fuzhou,2015,Training,39.35483871,46.4516129
760,50,福州市,Fuzhou,2015,Daily service,35.59749808,14.40798859
761,50,福州市,Fuzhou,2015,Retail goods,30.98733159,5.087472351
762,50,福州市,Fuzhou,2015,Exercise,44.78827362,29.80456026
763,50,福州市,Fuzhou,2015,F&B,32.69170209,7.628719887
764,175,厦门市,Xiamen,2015,Beauty,38.21575004,17.31938357
765,175,厦门市,Xiamen,2015,Entertainment,43.454039,17.04735376
766,175,厦门市,Xiamen,2015,Training,45.7496136,43.27666151
767,175,厦门市,Xiamen,2015,Daily service,37.34758014,13.45065996
768,175,厦门市,Xiamen,2015,Retail goods,33.06084533,5.434277752
769,175,厦门市,Xiamen,2015,Exercise,49.59298685,27.23857232
770,175,厦门市,Xiamen,2015,F&B,37.98279585,5.21950718
771,159,莆田市,Putian,2015,Beauty,41.01731602,6.926406926
772,159,莆田市,Putian,2015,Entertainment,41.08761329,15.10574018
773,159,莆田市,Putian,2015,Training,46.15384615,23.07692308
774,159,莆田市,Putian,2015,Daily service,36.88073394,6.23853211
775,159,莆田市,Putian,2015,Retail goods,38.47425602,1.865847898
776,159,莆田市,Putian,2015,Exercise,53.26086957,23.91304348
777,159,莆田市,Putian,2015,F&B,34.41901408,3.90258216
778,173,三明市,Sanming,2015,Beauty,42.3245614,14.69298246
779,173,三明市,Sanming,2015,Entertainment,41.62436548,18.78172589
780,173,三明市,Sanming,2015,Training,64.61538462,9.743589744
781,173,三明市,Sanming,2015,Daily service,34.58950202,3.768506057
782,173,三明市,Sanming,2015,Retail goods,38.83146067,2.247191011
783,173,三明市,Sanming,2015,Exercise,35.71428571,26.19047619
784,173,三明市,Sanming,2015,F&B,36.30853994,6.391184573
785,170,泉州市,Quanzhou,2015,Beauty,31.42793096,11.74624524
786,170,泉州市,Quanzhou,2015,Entertainment,41.66666667,13.57526882
787,170,泉州市,Quanzhou,2015,Training,52.38095238,43.80952381
788,170,泉州市,Quanzhou,2015,Daily service,32.50560718,4.037167574
789,170,泉州市,Quanzhou,2015,Retail goods,30.37914916,2.134189527
790,170,泉州市,Quanzhou,2015,Exercise,46.29258517,24.4488978
791,170,泉州市,Quanzhou,2015,F&B,32.68494898,4.368622449
792,268,漳州市,Zhangzhou,2015,Beauty,35.74097136,7.596513076
793,268,漳州市,Zhangzhou,2015,Entertainment,36.63366337,12.87128713
794,268,漳州市,Zhangzhou,2015,Training,41.66666667,38.88888889
795,268,漳州市,Zhangzhou,2015,Daily service,32.48686515,3.633975482
796,268,漳州市,Zhangzhou,2015,Retail goods,31.2863706,1.041347626
797,268,漳州市,Zhangzhou,2015,Exercise,45.18072289,26.5060241
798,268,漳州市,Zhangzhou,2015,F&B,30.98982424,2.904717854
799,148,南平市,Nanping,2015,Beauty,48.61878453,10.22099448
800,148,南平市,Nanping,2015,Entertainment,49.50980392,11.2745098
801,148,南平市,Nanping,2015,Training,0,33.33333333
802,148,南平市,Nanping,2015,Daily service,40.09287926,2.321981424
803,148,南平市,Nanping,2015,Retail goods,44.91716867,0.828313253
804,148,南平市,Nanping,2015,Exercise,54.54545455,9.090909091
805,148,南平市,Nanping,2015,F&B,44.99668655,7.687210073
806,131,龙岩市,Longyan,2015,Beauty,33.88338834,11.44114411
807,131,龙岩市,Longyan,2015,Entertainment,38.75338753,13.82113821
808,131,龙岩市,Longyan,2015,Training,48.27586207,27.5862069
809,131,龙岩市,Longyan,2015,Daily service,33.47368421,3.438596491
810,131,龙岩市,Longyan,2015,Retail goods,32.57062806,1.424235349
811,131,龙岩市,Longyan,2015,Exercise,59.09090909,21.81818182
812,131,龙岩市,Longyan,2015,F&B,34.48527622,4.672669749
813,153,宁德市,Ningde,2015,Beauty,47.03196347,15.52511416
814,153,宁德市,Ningde,2015,Entertainment,41.8079096,20.33898305
815,153,宁德市,Ningde,2015,Training,55.70175439,9.649122807
816,153,宁德市,Ningde,2015,Daily service,42.99319728,4.897959184
817,153,宁德市,Ningde,2015,Retail goods,40.15280136,3.098471986
818,153,宁德市,Ningde,2015,Exercise,50.66666667,30.66666667
819,153,宁德市,Ningde,2015,F&B,39.45799458,8.292682927
820,144,南昌市,Nanchang,2015,Beauty,32.72442589,14.49199722
821,144,南昌市,Nanchang,2015,Entertainment,35,10.44117647
822,144,南昌市,Nanchang,2015,Training,46.04316547,39.20863309
823,144,南昌市,Nanchang,2015,Daily service,31.02470157,9.183311665
824,144,南昌市,Nanchang,2015,Retail goods,28.22068334,2.523894008
825,144,南昌市,Nanchang,2015,Exercise,44.60352423,20.26431718
826,144,南昌市,Nanchang,2015,F&B,31.83710504,5.214560205
827,108,景德镇市,Jingdezhen,2015,Beauty,36.45533141,7.204610951
828,108,景德镇市,Jingdezhen,2015,Entertainment,39.45147679,5.485232068
829,108,景德镇市,Jingdezhen,2015,Training,45.45454545,45.45454545
830,108,景德镇市,Jingdezhen,2015,Daily service,37.51214772,5.247813411
831,108,景德镇市,Jingdezhen,2015,Retail goods,40.18077239,3.820870994
832,108,景德镇市,Jingdezhen,2015,Exercise,39.13043478,17.39130435
833,108,景德镇市,Jingdezhen,2015,F&B,38.5001794,3.121636168
834,158,萍乡市,Pingxiang,2015,Beauty,29.35916542,7.451564829
835,158,萍乡市,Pingxiang,2015,Entertainment,33,8.333333333
836,158,萍乡市,Pingxiang,2015,Training,30,40
837,158,萍乡市,Pingxiang,2015,Daily service,27.80191138,3.475238923
838,158,萍乡市,Pingxiang,2015,Retail goods,27.17706821,2.358490566
839,158,萍乡市,Pingxiang,2015,Exercise,44.7761194,23.88059701
840,158,萍乡市,Pingxiang,2015,F&B,31.61592506,2.950819672
841,109,九江市,Jiujiang,2015,Beauty,38.71439007,8.984660336
842,109,九江市,Jiujiang,2015,Entertainment,46.77060134,16.25835189
843,109,九江市,Jiujiang,2015,Training,43.39622642,33.96226415
844,109,九江市,Jiujiang,2015,Daily service,35.45751634,4.248366013
845,109,九江市,Jiujiang,2015,Retail goods,42.20423709,2.52320876
846,109,九江市,Jiujiang,2015,Exercise,51.2345679,20.98765432
847,109,九江市,Jiujiang,2015,F&B,40.65234686,3.798727128
848,235,新余市,Xinyu,2015,Beauty,25.50675676,5.912162162
849,235,新余市,Xinyu,2015,Entertainment,26.66666667,6.666666667
850,235,新余市,Xinyu,2015,Training,16.66666667,16.66666667
851,235,新余市,Xinyu,2015,Daily service,24.50674974,4.880581516
852,235,新余市,Xinyu,2015,Retail goods,27.94258373,6.028708134
853,235,新余市,Xinyu,2015,Exercise,29.85074627,5.970149254
854,235,新余市,Xinyu,2015,F&B,25.72360375,4.525071341
855,254,鹰潭市,Yingtan,2015,Beauty,39.20454545,1.988636364
856,254,鹰潭市,Yingtan,2015,Entertainment,31.16883117,7.792207792
857,254,鹰潭市,Yingtan,2015,Training,58.24175824,2.197802198
858,254,鹰潭市,Yingtan,2015,Daily service,30.39073806,0.868306802
859,254,鹰潭市,Yingtan,2015,Retail goods,38.40245776,0.204813108
860,254,鹰潭市,Yingtan,2015,Exercise,41.02564103,7.692307692
861,254,鹰潭市,Yingtan,2015,F&B,34.87221764,1.566364386
862,55,赣州市,Ganzhou,2015,Beauty,27.87539936,4.792332268
863,55,赣州市,Ganzhou,2015,Entertainment,26.31578947,8.166969147
864,55,赣州市,Ganzhou,2015,Training,35.8974359,25.64102564
865,55,赣州市,Ganzhou,2015,Daily service,27.63280522,1.817334576
866,55,赣州市,Ganzhou,2015,Retail goods,26.20399579,0.841219769
867,55,赣州市,Ganzhou,2015,Exercise,37.67123288,15.75342466
868,55,赣州市,Ganzhou,2015,F&B,24.70109995,2.43902439
869,91,吉安市,Ji'an,2015,Beauty,29.59830867,7.822410148
870,91,吉安市,Ji'an,2015,Entertainment,32.28346457,10.62992126
871,91,吉安市,Ji'an,2015,Training,60,20
872,91,吉安市,Ji'an,2015,Daily service,26.32831086,1.506740682
873,91,吉安市,Ji'an,2015,Retail goods,27.58044296,0.668616799
874,91,吉安市,Ji'an,2015,Exercise,51.02040816,6.12244898
875,91,吉安市,Ji'an,2015,F&B,29.39590076,3.074433657
876,251,宜春市,Yichun,2015,Beauty,28.22878229,5.166051661
877,251,宜春市,Yichun,2015,Entertainment,29.85915493,13.8028169
878,251,宜春市,Yichun,2015,Training,50,16.66666667
879,251,宜春市,Yichun,2015,Daily service,28.70662461,4.311251314
880,251,宜春市,Yichun,2015,Retail goods,31.25763126,4.151404151
881,251,宜春市,Yichun,2015,Exercise,38.18181818,14.54545455
882,251,宜春市,Yichun,2015,F&B,31.54929577,3.211267606
883,52,抚州市,Fuzhou,2015,Beauty,35.3115727,7.566765579
884,52,抚州市,Fuzhou,2015,Entertainment,33.75,7.083333333
885,52,抚州市,Fuzhou,2015,Training,42.59259259,8.333333333
886,52,抚州市,Fuzhou,2015,Daily service,25.05882353,4.352941176
887,52,抚州市,Fuzhou,2015,Retail goods,32.10552514,10.95072175
888,52,抚州市,Fuzhou,2015,Exercise,43.75,21.875
889,52,抚州市,Fuzhou,2015,F&B,30.45023697,4.146919431
890,181,上饶市,Shangrao,2015,Beauty,37.5739645,7.24852071
891,181,上饶市,Shangrao,2015,Entertainment,34.38485804,12.30283912
892,181,上饶市,Shangrao,2015,Training,48.23943662,7.746478873
893,181,上饶市,Shangrao,2015,Daily service,26.26070409,3.139866794
894,181,上饶市,Shangrao,2015,Retail goods,35.24888709,1.335491704
895,181,上饶市,Shangrao,2015,Exercise,38.35616438,21.91780822
896,181,上饶市,Shangrao,2015,F&B,34.77564103,4.607371795
897,93,济南市,Ji'nan,2015,Beauty,34.17421746,16.72158155
898,93,济南市,Ji'nan,2015,Entertainment,34.51515152,12.81818182
899,93,济南市,Ji'nan,2015,Training,37.54045307,29.77346278
900,93,济南市,Ji'nan,2015,Daily service,35.15264334,6.969471333
901,93,济南市,Ji'nan,2015,Retail goods,31.6038519,4.565830981
902,93,济南市,Ji'nan,2015,Exercise,43.89140271,19.32773109
903,93,济南市,Ji'nan,2015,F&B,31.93379735,4.766334157
904,165,青岛市,Qingdao,2015,Beauty,32.61422724,12.93284655
905,165,青岛市,Qingdao,2015,Entertainment,34.06392694,5.388127854
906,165,青岛市,Qingdao,2015,Training,40.90909091,26.89393939
907,165,青岛市,Qingdao,2015,Daily service,34.1721501,7.282589365
908,165,青岛市,Qingdao,2015,Retail goods,29.90163157,2.919448505
909,165,青岛市,Qingdao,2015,Exercise,40.06430868,18.00643087
910,165,青岛市,Qingdao,2015,F&B,32.09506551,3.892528575
911,285,淄博市,Zibo,2015,Beauty,33.33333333,11.24595469
912,285,淄博市,Zibo,2015,Entertainment,33.65695793,6.343042071
913,285,淄博市,Zibo,2015,Training,31.95266272,19.52662722
914,285,淄博市,Zibo,2015,Daily service,31.1441765,4.292799726
915,285,淄博市,Zibo,2015,Retail goods,32.91935355,2.268927633
916,285,淄博市,Zibo,2015,Exercise,44.35483871,20.69892473
917,285,淄博市,Zibo,2015,F&B,30.4171048,3.126533474
918,263,枣庄市,Zaozhuang,2015,Beauty,26.13065327,2.512562814
919,263,枣庄市,Zaozhuang,2015,Entertainment,29.97481108,5.289672544
920,263,枣庄市,Zaozhuang,2015,Training,41.66666667,16.66666667
921,263,枣庄市,Zaozhuang,2015,Daily service,22.84810127,1.012658228
922,263,枣庄市,Zaozhuang,2015,Retail goods,27.6891253,0.975177305
923,263,枣庄市,Zaozhuang,2015,Exercise,36.58536585,10.97560976
924,263,枣庄市,Zaozhuang,2015,F&B,26.22390892,0.834914611
925,45,东营市,Dongying,2015,Beauty,33.11016433,8.338405356
926,45,东营市,Dongying,2015,Entertainment,30.29490617,6.568364611
927,45,东营市,Dongying,2015,Training,32.20338983,28.81355932
928,45,东营市,Dongying,2015,Daily service,27.12215321,2.001380262
929,45,东营市,Dongying,2015,Retail goods,27.94200715,1.958199962
930,45,东营市,Dongying,2015,Exercise,33.12883436,19.01840491
931,45,东营市,Dongying,2015,F&B,31.07274969,3.188303682
932,242,烟台市,Yantai,2015,Beauty,32.89094057,10.96364686
933,242,烟台市,Yantai,2015,Entertainment,34.81152993,7.464892831
934,242,烟台市,Yantai,2015,Training,38.94736842,36.84210526
935,242,烟台市,Yantai,2015,Daily service,30.04587156,6.743119266
936,242,烟台市,Yantai,2015,Retail goods,30.50979628,1.793547129
937,242,烟台市,Yantai,2015,Exercise,42.60204082,18.1122449
938,242,烟台市,Yantai,2015,F&B,30.96573209,4.434060228
939,214,潍坊市,Weifang,2015,Beauty,26.4957265,12.3773346
940,214,潍坊市,Weifang,2015,Entertainment,28.66419295,9.925788497
941,214,潍坊市,Weifang,2015,Training,29.90654206,28.03738318
942,214,潍坊市,Weifang,2015,Daily service,24.54278618,4.425378189
943,214,潍坊市,Weifang,2015,Retail goods,23.62154725,1.703884009
944,214,潍坊市,Weifang,2015,Exercise,32.86908078,25.34818942
945,214,潍坊市,Weifang,2015,F&B,27.04972167,3.519199925
946,94,济宁市,Jining,2015,Beauty,29.15662651,10.12048193
947,94,济宁市,Jining,2015,Entertainment,36.71875,6.71875
948,94,济宁市,Jining,2015,Training,35.06493506,37.66233766
949,94,济宁市,Jining,2015,Daily service,28.44465203,1.914992994
950,94,济宁市,Jining,2015,Retail goods,27.04955998,1.829550718
951,94,济宁市,Jining,2015,Exercise,34.63687151,29.05027933
952,94,济宁市,Jining,2015,F&B,29.26502595,2.578268877
953,201,泰安市,Tai'an,2015,Beauty,31.52173913,8.752860412
954,201,泰安市,Tai'an,2015,Entertainment,34.97822932,9.869375907
955,201,泰安市,Tai'an,2015,Training,32.65306122,21.42857143
956,201,泰安市,Tai'an,2015,Daily service,24.02990388,4.59238163
957,201,泰安市,Tai'an,2015,Retail goods,30.66196751,1.547655532
958,201,泰安市,Tai'an,2015,Exercise,46.1928934,17.76649746
959,201,泰安市,Tai'an,2015,F&B,30.94639866,3.405918481
960,213,威海市,Weihai,2015,Beauty,34.98327759,5.25083612
961,213,威海市,Weihai,2015,Entertainment,34.74654378,3.778801843
962,213,威海市,Weihai,2015,Training,38.46153846,40.38461538
963,213,威海市,Weihai,2015,Daily service,35.18999876,2.166109667
964,213,威海市,Weihai,2015,Retail goods,32.09713607,1.346179227
965,213,威海市,Weihai,2015,Exercise,38.65248227,20.21276596
966,213,威海市,Weihai,2015,F&B,34.7514801,3.703703704
967,171,日照市,Rizhao,2015,Beauty,19.92647059,5.294117647
968,171,日照市,Rizhao,2015,Entertainment,23.51885099,5.565529623
969,171,日照市,Rizhao,2015,Training,19.64285714,7.142857143
970,171,日照市,Rizhao,2015,Daily service,17.42663657,2.889390519
971,171,日照市,Rizhao,2015,Retail goods,17.76790672,1.526929484
972,171,日照市,Rizhao,2015,Exercise,26.96629213,8.426966292
973,171,日照市,Rizhao,2015,F&B,23.03077221,2.477259532
974,127,临沂市,Linyi,2015,Beauty,28.54317732,6.591957811
975,127,临沂市,Linyi,2015,Entertainment,29.29292929,7.373737374
976,127,临沂市,Linyi,2015,Training,26.98412698,19.04761905
977,127,临沂市,Linyi,2015,Daily service,23.23943662,2.179745137
978,127,临沂市,Linyi,2015,Retail goods,23.01030928,1.773195876
979,127,临沂市,Linyi,2015,Exercise,26.25,19.6875
980,127,临沂市,Linyi,2015,F&B,25.02899111,3.498260533
981,42,德州市,Dezhou,2015,Beauty,30.22181146,4.990757856
982,42,德州市,Dezhou,2015,Entertainment,27.59795571,4.088586031
983,42,德州市,Dezhou,2015,Training,31.91489362,14.89361702
984,42,德州市,Dezhou,2015,Daily service,25.64450475,3.595658073
985,42,德州市,Dezhou,2015,Retail goods,31.29901961,1.446078431
986,42,德州市,Dezhou,2015,Exercise,37.5,23.95833333
987,42,德州市,Dezhou,2015,F&B,30.59006211,3.907867495
988,124,聊城市,Liaocheng,2015,Beauty,26.52631579,7.649122807
989,124,聊城市,Liaocheng,2015,Entertainment,29.10891089,6.534653465
990,124,聊城市,Liaocheng,2015,Training,18.60465116,30.23255814
991,124,聊城市,Liaocheng,2015,Daily service,25.48076923,1.282051282
992,124,聊城市,Liaocheng,2015,Retail goods,28.30550233,0.930741856
993,124,聊城市,Liaocheng,2015,Exercise,32.74336283,22.12389381
994,124,聊城市,Liaocheng,2015,F&B,24.9944159,2.658029931
995,20,滨州市,Binzhou,2015,Beauty,21.64634146,3.658536585
996,20,滨州市,Binzhou,2015,Entertainment,24.75247525,5.610561056
997,20,滨州市,Binzhou,2015,Training,9.090909091,27.27272727
998,20,滨州市,Binzhou,2015,Daily service,24.19512195,2.43902439
999,20,滨州市,Binzhou,2015,Retail goods,19.43539631,1.900108578
1000,20,滨州市,Binzhou,2015,Exercise,24.63768116,7.246376812
1001,20,滨州市,Binzhou,2015,F&B,22.63457038,1.705115346
1002,275,郑州市,Zhengzhou,2015,Beauty,29.50242529,18.79205132
1003,275,郑州市,Zhengzhou,2015,Entertainment,32.69329237,12.90322581
1004,275,郑州市,Zhengzhou,2015,Training,39.01408451,48.30985915
1005,275,郑州市,Zhengzhou,2015,Daily service,30.30168307,9.628453477
1006,275,郑州市,Zhengzhou,2015,Retail goods,27.16582673,3.740700744
1007,275,郑州市,Zhengzhou,2015,Exercise,42.4721734,25.65905097
1008,275,郑州市,Zhengzhou,2015,F&B,26.16335496,5.008428258
1009,111,开封市,Kaifeng,2015,Beauty,37.26235741,5.798479087
1010,111,开封市,Kaifeng,2015,Entertainment,34.82352941,6.588235294
1011,111,开封市,Kaifeng,2015,Training,48.38709677,12.90322581
1012,111,开封市,Kaifeng,2015,Daily service,32.09700428,3.423680456
1013,111,开封市,Kaifeng,2015,Retail goods,37.01955496,1.989211059
1014,111,开封市,Kaifeng,2015,Exercise,42.85714286,15.17857143
1015,111,开封市,Kaifeng,2015,F&B,37.10703954,2.391513983
1016,136,洛阳市,Luoyang,2015,Beauty,30.54565396,18.91965999
1017,136,洛阳市,Luoyang,2015,Entertainment,32.54799302,17.19022688
1018,136,洛阳市,Luoyang,2015,Training,31.35135135,42.16216216
1019,136,洛阳市,Luoyang,2015,Daily service,27.5958039,5.823164205
1020,136,洛阳市,Luoyang,2015,Retail goods,28.33111088,2.646425274
1021,136,洛阳市,Luoyang,2015,Exercise,39.43661972,21.4084507
1022,136,洛阳市,Luoyang,2015,F&B,27.91492911,5.104253545
1023,156,平顶山市,Pingdingshan,2015,Beauty,35.18742443,12.81741233
1024,156,平顶山市,Pingdingshan,2015,Entertainment,38.35616438,7.671232877
1025,156,平顶山市,Pingdingshan,2015,Training,58.82352941,29.41176471
1026,156,平顶山市,Pingdingshan,2015,Daily service,30.98039216,5.294117647
1027,156,平顶山市,Pingdingshan,2015,Retail goods,40.94517958,2.230623819
1028,156,平顶山市,Pingdingshan,2015,Exercise,47.69230769,20
1029,156,平顶山市,Pingdingshan,2015,F&B,31.63292848,3.454790823
1030,4,安阳市,Anyang,2015,Beauty,29.95626822,6.997084548
1031,4,安阳市,Anyang,2015,Entertainment,31.6211878,4.494382022
1032,4,安阳市,Anyang,2015,Training,32.3943662,18.30985915
1033,4,安阳市,Anyang,2015,Daily service,24.58400429,2.630166398
1034,4,安阳市,Anyang,2015,Retail goods,29.12291538,4.354539839
1035,4,安阳市,Anyang,2015,Exercise,32.14285714,10.71428571
1036,4,安阳市,Anyang,2015,F&B,24.85901196,3.789758628
1037,73,鹤壁市,Hebi,2015,Beauty,22.55772647,6.927175844
1038,73,鹤壁市,Hebi,2015,Entertainment,20.86330935,6.474820144
1039,73,鹤壁市,Hebi,2015,Training,35.71428571,35.71428571
1040,73,鹤壁市,Hebi,2015,Daily service,17.87610619,3.539823009
1041,73,鹤壁市,Hebi,2015,Retail goods,17.45086361,3.394877904
1042,73,鹤壁市,Hebi,2015,Exercise,28.26086957,13.04347826
1043,73,鹤壁市,Hebi,2015,F&B,17.42712294,2.091254753
1044,234,新乡市,Xinxiang,2015,Beauty,32.46681416,10.50884956
1045,234,新乡市,Xinxiang,2015,Entertainment,33.07332293,11.54446178
1046,234,新乡市,Xinxiang,2015,Training,41.50943396,32.0754717
1047,234,新乡市,Xinxiang,2015,Daily service,27.53888381,3.568161025
1048,234,新乡市,Xinxiang,2015,Retail goods,28.30518346,3.882741215
1049,234,新乡市,Xinxiang,2015,Exercise,39.05579399,12.87553648
1050,234,新乡市,Xinxiang,2015,F&B,29.66279558,3.302084791
1051,99,焦作市,Jiaozuo,2015,Beauty,27.82727896,7.676490747
1052,99,焦作市,Jiaozuo,2015,Entertainment,31.41762452,7.85440613
1053,99,焦作市,Jiaozuo,2015,Training,33.87096774,33.87096774
1054,99,焦作市,Jiaozuo,2015,Daily service,24.62442848,3.396472894
1055,99,焦作市,Jiaozuo,2015,Retail goods,22.41434518,1.569004163
1056,99,焦作市,Jiaozuo,2015,Exercise,35.8778626,14.50381679
1057,99,焦作市,Jiaozuo,2015,F&B,26.22187742,2.618308766
1058,160,濮阳市,Puyang,2015,Beauty,22.122571,7.025411061
1059,160,濮阳市,Puyang,2015,Entertainment,21.88295165,7.37913486
1060,160,濮阳市,Puyang,2015,Training,25,31.25
1061,160,濮阳市,Puyang,2015,Daily service,18.62186788,3.701594533
1062,160,濮阳市,Puyang,2015,Retail goods,19.03409091,4.805871212
1063,160,濮阳市,Puyang,2015,Exercise,25.51020408,8.163265306
1064,160,濮阳市,Puyang,2015,F&B,20.67176406,3.440742764
1065,239,许昌市,Xuchang,2015,Beauty,25.84269663,5.43071161
1066,239,许昌市,Xuchang,2015,Entertainment,29.22705314,7.004830918
1067,239,许昌市,Xuchang,2015,Training,23.80952381,16.66666667
1068,239,许昌市,Xuchang,2015,Daily service,19.44636678,4.290657439
1069,239,许昌市,Xuchang,2015,Retail goods,28.09207959,3.472493172
1070,239,许昌市,Xuchang,2015,Exercise,36.23188406,30.43478261
1071,239,许昌市,Xuchang,2015,F&B,23.66967871,1.957831325
1072,137,漯河市,Luohe,2015,Beauty,24.49464923,6.064209275
1073,137,漯河市,Luohe,2015,Entertainment,19.02313625,2.570694087
1074,137,漯河市,Luohe,2015,Training,40,0
1075,137,漯河市,Luohe,2015,Daily service,18.01730921,4.091266719
1076,137,漯河市,Luohe,2015,Retail goods,20.75722351,3.35436732
1077,137,漯河市,Luohe,2015,Exercise,52.05479452,13.69863014
1078,137,漯河市,Luohe,2015,F&B,21.25878808,2.577837295
1079,172,三门峡市,Sanmenxia,2015,Beauty,29.65879265,12.5984252
1080,172,三门峡市,Sanmenxia,2015,Entertainment,39.04109589,6.164383562
1081,172,三门峡市,Sanmenxia,2015,Training,50.90909091,6.666666667
1082,172,三门峡市,Sanmenxia,2015,Daily service,36.01756955,1.610541728
1083,172,三门峡市,Sanmenxia,2015,Retail goods,38.2740448,1.185770751
1084,172,三门峡市,Sanmenxia,2015,Exercise,28.57142857,17.14285714
1085,172,三门峡市,Sanmenxia,2015,F&B,29.72027972,2.505827506
1086,150,南阳市,Nanyang,2015,Beauty,35.38892782,15.13665032
1087,150,南阳市,Nanyang,2015,Entertainment,34.29602888,9.025270758
1088,150,南阳市,Nanyang,2015,Training,51.85185185,18.51851852
1089,150,南阳市,Nanyang,2015,Daily service,26.25727898,4.023292747
1090,150,南阳市,Nanyang,2015,Retail goods,28.87662026,2.568410946
1091,150,南阳市,Nanyang,2015,Exercise,42.96296296,32.59259259
1092,150,南阳市,Nanyang,2015,F&B,31.71659534,3.827864955
1093,179,商丘市,Shangqiu,2015,Beauty,24.50674974,4.984423676
1094,179,商丘市,Shangqiu,2015,Entertainment,19.13265306,4.846938776
1095,179,商丘市,Shangqiu,2015,Training,39.13043478,4.347826087
1096,179,商丘市,Shangqiu,2015,Daily service,15.00754148,2.714932127
1097,179,商丘市,Shangqiu,2015,Retail goods,22.30369691,1.527650474
1098,179,商丘市,Shangqiu,2015,Exercise,22.47191011,6.741573034
1099,179,商丘市,Shangqiu,2015,F&B,20.44685173,1.963439404
1100,236,信阳市,Xinyang,2015,Beauty,39.03868699,9.261430246
1101,236,信阳市,Xinyang,2015,Entertainment,40.04524887,7.013574661
1102,236,信阳市,Xinyang,2015,Training,50,31.25
1103,236,信阳市,Xinyang,2015,Daily service,27.37327189,2.211981567
1104,236,信阳市,Xinyang,2015,Retail goods,36.90600069,1.144640999
1105,236,信阳市,Xinyang,2015,Exercise,38.18181818,32.72727273
1106,236,信阳市,Xinyang,2015,F&B,40.20509194,4.809052334
1107,280,周口市,Zhoukou,2015,Beauty,33.79040157,11.55729677
1108,280,周口市,Zhoukou,2015,Entertainment,26.53631285,4.748603352
1109,280,周口市,Zhoukou,2015,Training,33.5243553,3.151862464
1110,280,周口市,Zhoukou,2015,Daily service,24.7706422,1.251042535
1111,280,周口市,Zhoukou,2015,Retail goods,29.3221393,0.528606965
1112,280,周口市,Zhoukou,2015,Exercise,38.59649123,5.263157895
1113,280,周口市,Zhoukou,2015,F&B,28.78890392,3.078484438
1114,283,驻马店市,Zhumadian,2015,Beauty,28.35101254,11.8611379
1115,283,驻马店市,Zhumadian,2015,Entertainment,28.25,9.25
1116,283,驻马店市,Zhumadian,2015,Training,38.46153846,34.61538462
1117,283,驻马店市,Zhumadian,2015,Daily service,18.51851852,3.83365822
1118,283,驻马店市,Zhumadian,2015,Retail goods,27.88461538,3.956043956
1119,283,驻马店市,Zhumadian,2015,Exercise,35.38461538,26.15384615
1120,283,驻马店市,Zhumadian,2015,F&B,24.83861051,3.197048878
1121,224,武汉市,Wuhan,2015,Beauty,38.21383065,19.74979729
1122,224,武汉市,Wuhan,2015,Entertainment,40.30039304,16.46546884
1123,224,武汉市,Wuhan,2015,Training,51.15722267,48.60335196
1124,224,武汉市,Wuhan,2015,Daily service,36.65842996,11.1119559
1125,224,武汉市,Wuhan,2015,Retail goods,33.83819983,4.208955742
1126,224,武汉市,Wuhan,2015,Exercise,49.70887918,29.94905386
1127,224,武汉市,Wuhan,2015,F&B,37.94830619,7.02760572
1128,88,黄石市,Huangshi,2015,Beauty,36.13445378,9.243697479
1129,88,黄石市,Huangshi,2015,Entertainment,40.04329004,10.38961039
1130,88,黄石市,Huangshi,2015,Training,52.38095238,28.57142857
1131,88,黄石市,Huangshi,2015,Daily service,31.59973667,3.818301514
1132,88,黄石市,Huangshi,2015,Retail goods,34.67165703,1.361007145
1133,88,黄石市,Huangshi,2015,Exercise,38.31775701,24.29906542
1134,88,黄石市,Huangshi,2015,F&B,34.37102922,4.447268107
1135,186,十堰市,Shiyan,2015,Beauty,43.85245902,17.34972678
1136,186,十堰市,Shiyan,2015,Entertainment,45.30201342,17.7852349
1137,186,十堰市,Shiyan,2015,Training,36.84210526,47.36842105
1138,186,十堰市,Shiyan,2015,Daily service,37.14859438,4.819277108
1139,186,十堰市,Shiyan,2015,Retail goods,40.367428,2.581926514
1140,186,十堰市,Shiyan,2015,Exercise,39.24050633,20.25316456
1141,186,十堰市,Shiyan,2015,F&B,41.95291393,5.712080278
1142,250,宜昌市,Yichang,2015,Beauty,34.78027867,23.90139335
1143,250,宜昌市,Yichang,2015,Entertainment,39.73063973,24.07407407
1144,250,宜昌市,Yichang,2015,Training,37.83783784,51.35135135
1145,250,宜昌市,Yichang,2015,Daily service,33.72154579,7.887771308
1146,250,宜昌市,Yichang,2015,Retail goods,34.28571429,4.916943522
1147,250,宜昌市,Yichang,2015,Exercise,49.43181818,35.22727273
1148,250,宜昌市,Yichang,2015,F&B,37.94598857,7.411787897
1149,231,襄阳市,Xiangyang,2015,Beauty,34.65760585,11.29116571
1150,231,襄阳市,Xiangyang,2015,Entertainment,33.47050754,11.79698217
1151,231,襄阳市,Xiangyang,2015,Training,45.07042254,38.02816901
1152,231,襄阳市,Xiangyang,2015,Daily service,28.69066249,3.338549817
1153,231,襄阳市,Xiangyang,2015,Retail goods,31.77429089,1.901025951
1154,231,襄阳市,Xiangyang,2015,Exercise,48.5915493,23.94366197
1155,231,襄阳市,Xiangyang,2015,F&B,30.84530696,3.638738571
1156,47,鄂州市,Ezhou,2015,Beauty,30.52631579,3.157894737
1157,47,鄂州市,Ezhou,2015,Entertainment,28.87029289,4.60251046
1158,47,鄂州市,Ezhou,2015,Training,33.33333333,16.66666667
1159,47,鄂州市,Ezhou,2015,Daily service,22.12581345,1.409978308
1160,47,鄂州市,Ezhou,2015,Retail goods,24.57372116,0.902708124
1161,47,鄂州市,Ezhou,2015,Exercise,23.94366197,25.35211268
1162,47,鄂州市,Ezhou,2015,F&B,28.59801489,3.101736973
1163,106,荆门市,Jingmen,2015,Beauty,32.35685752,8.255659121
1164,106,荆门市,Jingmen,2015,Entertainment,33.53115727,8.011869436
1165,106,荆门市,Jingmen,2015,Training,54.54545455,18.18181818
1166,106,荆门市,Jingmen,2015,Daily service,22.38955823,1.305220884
1167,106,荆门市,Jingmen,2015,Retail goods,28.83922134,2.451333814
1168,106,荆门市,Jingmen,2015,Exercise,47.22222222,19.44444444
1169,106,荆门市,Jingmen,2015,F&B,28.40567254,2.277610657
1170,232,孝感市,Xiaogan,2015,Beauty,28.83355177,6.29095675
1171,232,孝感市,Xiaogan,2015,Entertainment,32.36074271,10.0795756
1172,232,孝感市,Xiaogan,2015,Training,23.52941176,47.05882353
1173,232,孝感市,Xiaogan,2015,Daily service,24.31243124,3.520352035
1174,232,孝感市,Xiaogan,2015,Retail goods,26.25322997,1.757105943
1175,232,孝感市,Xiaogan,2015,Exercise,29.62962963,22.22222222
1176,232,孝感市,Xiaogan,2015,F&B,24.70643495,3.522780648
1177,107,荆州市,Jingzhou,2015,Beauty,33.05194805,7.337662338
1178,107,荆州市,Jingzhou,2015,Entertainment,36.24841572,7.477820025
1179,107,荆州市,Jingzhou,2015,Training,42.5,42.5
1180,107,荆州市,Jingzhou,2015,Daily service,26.97201018,2.671755725
1181,107,荆州市,Jingzhou,2015,Retail goods,28.32894352,1.229148376
1182,107,荆州市,Jingzhou,2015,Exercise,51.77304965,25.53191489
1183,107,荆州市,Jingzhou,2015,F&B,29.83548244,4.802134282
1184,86,黄冈市,Huanggang,2015,Beauty,34.57943925,12.38317757
1185,86,黄冈市,Huanggang,2015,Entertainment,35.86956522,7.608695652
1186,86,黄冈市,Huanggang,2015,Training,43.66197183,3.755868545
1187,86,黄冈市,Huanggang,2015,Daily service,25.86206897,2.037617555
1188,86,黄冈市,Huanggang,2015,Retail goods,38.0849532,6.407487401
1189,86,黄冈市,Huanggang,2015,Exercise,36.53846154,13.46153846
1190,86,黄冈市,Huanggang,2015,F&B,31.91632928,8.569500675
1191,228,咸宁市,Xianning,2015,Beauty,35.31827515,17.86447639
1192,228,咸宁市,Xianning,2015,Entertainment,38.90577508,10.3343465
1193,228,咸宁市,Xianning,2015,Training,58.53658537,8.780487805
1194,228,咸宁市,Xianning,2015,Daily service,25.47770701,1.78343949
1195,228,咸宁市,Xianning,2015,Retail goods,32.63707572,0.835509138
1196,228,咸宁市,Xianning,2015,Exercise,50,25.80645161
1197,228,咸宁市,Xianning,2015,F&B,35.93366093,3.071253071
1198,197,随州市,Suizhou,2015,Beauty,26.51222651,4.118404118
1199,197,随州市,Suizhou,2015,Entertainment,28.57142857,9.216589862
1200,197,随州市,Suizhou,2015,Training,100,50
1201,197,随州市,Suizhou,2015,Daily service,24.07932011,2.455146364
1202,197,随州市,Suizhou,2015,Retail goods,24.40604752,1.403887689
1203,197,随州市,Suizhou,2015,Exercise,34.21052632,15.78947368
1204,197,随州市,Suizhou,2015,F&B,25,3.13225058
1205,270,长沙市,Changsha,2015,Beauty,32.83858998,26.24686238
1206,270,长沙市,Changsha,2015,Entertainment,37.25405405,20.99459459
1207,270,长沙市,Changsha,2015,Training,40.2892562,47.9338843
1208,270,长沙市,Changsha,2015,Daily service,32.72644859,19.63435824
1209,270,长沙市,Changsha,2015,Retail goods,27.20656074,7.336408679
1210,270,长沙市,Changsha,2015,Exercise,45.36290323,25.73924731
1211,270,长沙市,Changsha,2015,F&B,33.06930693,8.467438293
1212,281,株洲市,Zhuzhou,2015,Beauty,35.9704041,24.75811042
1213,281,株洲市,Zhuzhou,2015,Entertainment,40.09489917,23.25029656
1214,281,株洲市,Zhuzhou,2015,Training,33.92857143,46.42857143
1215,281,株洲市,Zhuzhou,2015,Daily service,36.6506153,8.453718566
1216,281,株洲市,Zhuzhou,2015,Retail goods,40.58888277,5.476059439
1217,281,株洲市,Zhuzhou,2015,Exercise,48.46938776,25.51020408
1218,281,株洲市,Zhuzhou,2015,F&B,40.29828262,7.396806267
1219,230,湘潭市,Xiangtan,2015,Beauty,32.36151603,10.1068999
1220,230,湘潭市,Xiangtan,2015,Entertainment,38.49372385,9.483960948
1221,230,湘潭市,Xiangtan,2015,Training,43.75,12.5
1222,230,湘潭市,Xiangtan,2015,Daily service,32.29224763,4.461795873
1223,230,湘潭市,Xiangtan,2015,Retail goods,32.04257246,2.785326087
1224,230,湘潭市,Xiangtan,2015,Exercise,49.68553459,9.433962264
1225,230,湘潭市,Xiangtan,2015,F&B,39.58670261,4.83378257
1226,77,衡阳市,Hengyang,2015,Beauty,31.00065402,12.75343362
1227,77,衡阳市,Hengyang,2015,Entertainment,37.39967897,16.05136437
1228,77,衡阳市,Hengyang,2015,Training,43.90243902,39.02439024
1229,77,衡阳市,Hengyang,2015,Daily service,29.56730769,4.206730769
1230,77,衡阳市,Hengyang,2015,Retail goods,35.96084493,2.138073158
1231,77,衡阳市,Hengyang,2015,Exercise,41.66666667,18.75
1232,77,衡阳市,Hengyang,2015,F&B,35.99432322,4.257583821
1233,183,邵阳市,Shaoyang,2015,Beauty,34.39490446,7.855626327
1234,183,邵阳市,Shaoyang,2015,Entertainment,28.07017544,8.771929825
1235,183,邵阳市,Shaoyang,2015,Training,26.66666667,26.66666667
1236,183,邵阳市,Shaoyang,2015,Daily service,29.53311618,2.823018458
1237,183,邵阳市,Shaoyang,2015,Retail goods,29.04645477,1.41809291
1238,183,邵阳市,Shaoyang,2015,Exercise,34.92063492,15.87301587
1239,183,邵阳市,Shaoyang,2015,F&B,31.59775396,3.777437468
1240,260,岳阳市,Yueyang,2015,Beauty,30.35426731,15.4589372
1241,260,岳阳市,Yueyang,2015,Entertainment,35.24962179,14.67473525
1242,260,岳阳市,Yueyang,2015,Training,44.11764706,47.05882353
1243,260,岳阳市,Yueyang,2015,Daily service,29.1750503,6.572769953
1244,260,岳阳市,Yueyang,2015,Retail goods,28.3891547,2.472089314
1245,260,岳阳市,Yueyang,2015,Exercise,39.23076923,29.23076923
1246,260,岳阳市,Yueyang,2015,F&B,36.75641828,4.111876435
1247,23,常德市,Changde,2015,Beauty,28.83031301,16.5568369
1248,23,常德市,Changde,2015,Entertainment,28.06722689,17.14285714
1249,23,常德市,Changde,2015,Training,24.48979592,38.7755102
1250,23,常德市,Changde,2015,Daily service,24.10714286,11.79846939
1251,23,常德市,Changde,2015,Retail goods,27.81266353,15.82940869
1252,23,常德市,Changde,2015,Exercise,40.8,31.2
1253,23,常德市,Changde,2015,F&B,29.31582292,6.079220504
1254,265,张家界市,Zhangjiajie,2015,Beauty,44.91525424,15.6779661
1255,265,张家界市,Zhangjiajie,2015,Entertainment,45.36585366,14.63414634
1256,265,张家界市,Zhangjiajie,2015,Training,59.88700565,7.90960452
1257,265,张家界市,Zhangjiajie,2015,Daily service,33.13782991,6.744868035
1258,265,张家界市,Zhangjiajie,2015,Retail goods,48.35752483,5.042016807
1259,265,张家界市,Zhangjiajie,2015,Exercise,65.90909091,15.90909091
1260,265,张家界市,Zhangjiajie,2015,F&B,40.13605442,8.649173955
1261,252,益阳市,Yiyang,2015,Beauty,25.606469,11.85983827
1262,252,益阳市,Yiyang,2015,Entertainment,24.42922374,8.675799087
1263,252,益阳市,Yiyang,2015,Training,41.66666667,0
1264,252,益阳市,Yiyang,2015,Daily service,21.36170213,5.191489362
1265,252,益阳市,Yiyang,2015,Retail goods,24.24471299,7.47734139
1266,252,益阳市,Yiyang,2015,Exercise,36.61971831,12.67605634
1267,252,益阳市,Yiyang,2015,F&B,31.36976579,3.513129879
1268,27,郴州市,Chenzhou,2015,Beauty,36.10286845,8.803165183
1269,27,郴州市,Chenzhou,2015,Entertainment,35.74879227,13.52657005
1270,27,郴州市,Chenzhou,2015,Training,42.85714286,5.121293801
1271,27,郴州市,Chenzhou,2015,Daily service,26.87585266,2.319236016
1272,27,郴州市,Chenzhou,2015,Retail goods,35.73341267,1.844689081
1273,27,郴州市,Chenzhou,2015,Exercise,40,18.66666667
1274,27,郴州市,Chenzhou,2015,F&B,33.65155131,3.908114558
1275,256,永州市,Yongzhou,2015,Beauty,27.94117647,9.31372549
1276,256,永州市,Yongzhou,2015,Entertainment,29.7979798,14.64646465
1277,256,永州市,Yongzhou,2015,Training,37.5,50
1278,256,永州市,Yongzhou,2015,Daily service,27.39018088,6.072351421
1279,256,永州市,Yongzhou,2015,Retail goods,33.75078272,5.698184095
1280,256,永州市,Yongzhou,2015,Exercise,36.11111111,25
1281,256,永州市,Yongzhou,2015,F&B,33.45978756,2.883156297
1282,82,怀化市,Huaihua,2015,Beauty,30.0872093,13.51744186
1283,82,怀化市,Huaihua,2015,Entertainment,29.97275204,10.89918256
1284,82,怀化市,Huaihua,2015,Training,20,33.33333333
1285,82,怀化市,Huaihua,2015,Daily service,30.11363636,8.025568182
1286,82,怀化市,Huaihua,2015,Retail goods,34.02462735,5.541153597
1287,82,怀化市,Huaihua,2015,Exercise,34.61538462,9.615384615
1288,82,怀化市,Huaihua,2015,F&B,30.22790884,6.117552979
1289,133,娄底市,Loudi,2015,Beauty,29.67244701,18.11175337
1290,133,娄底市,Loudi,2015,Entertainment,32.15547703,12.01413428
1291,133,娄底市,Loudi,2015,Training,50,37.5
1292,133,娄底市,Loudi,2015,Daily service,24.59893048,13.26203209
1293,133,娄底市,Loudi,2015,Retail goods,32.8290469,6.202723147
1294,133,娄底市,Loudi,2015,Exercise,50,19.11764706
1295,133,娄底市,Loudi,2015,F&B,30.40345821,5.85975024
1296,59,广州市,Guangzhou,2015,Beauty,40.72630923,14.80673317
1297,59,广州市,Guangzhou,2015,Entertainment,43.34294823,21.93714893
1298,59,广州市,Guangzhou,2015,Training,52.66955267,42.13564214
1299,59,广州市,Guangzhou,2015,Daily service,37.73170397,8.412284315
1300,59,广州市,Guangzhou,2015,Retail goods,34.46148735,6.319286782
1301,59,广州市,Guangzhou,2015,Exercise,52.17283337,24.78271666
1302,59,广州市,Guangzhou,2015,F&B,36.7001951,7.757099966
1303,182,韶关市,Shaoguan,2015,Beauty,40.54054054,9.405405405
1304,182,韶关市,Shaoguan,2015,Entertainment,40.27027027,8.378378378
1305,182,韶关市,Shaoguan,2015,Training,40,20
1306,182,韶关市,Shaoguan,2015,Daily service,32.25806452,2.213788741
1307,182,韶关市,Shaoguan,2015,Retail goods,39.84496124,1.328903654
1308,182,韶关市,Shaoguan,2015,Exercise,59.75609756,32.92682927
1309,182,韶关市,Shaoguan,2015,F&B,35.10405257,4.43592552
1310,185,深圳市,Shenzhen,2015,Beauty,45.01262143,16.33901935
1311,185,深圳市,Shenzhen,2015,Entertainment,43.87827318,25.08138712
1312,185,深圳市,Shenzhen,2015,Training,46.67994688,43.22709163
1313,185,深圳市,Shenzhen,2015,Daily service,41.15031322,10.96432861
1314,185,深圳市,Shenzhen,2015,Retail goods,38.03644375,6.095377978
1315,185,深圳市,Shenzhen,2015,Exercise,48.53106078,30.00672797
1316,185,深圳市,Shenzhen,2015,F&B,42.53769584,7.728873431
1317,282,珠海市,Zhuhai,2015,Beauty,38.9782403,11.58940397
1318,282,珠海市,Zhuhai,2015,Entertainment,43.74120956,12.9395218
1319,282,珠海市,Zhuhai,2015,Training,49.09090909,46.36363636
1320,282,珠海市,Zhuhai,2015,Daily service,34.62764746,6.547483489
1321,282,珠海市,Zhuhai,2015,Retail goods,32.29679803,3.713054187
1322,282,珠海市,Zhuhai,2015,Exercise,54.00593472,28.48664688
1323,282,珠海市,Zhuhai,2015,F&B,36.36882905,6.968584251
1324,176,汕头市,Shantou,2015,Beauty,25.34524777,7.148659626
1325,176,汕头市,Shantou,2015,Entertainment,37.03703704,11.75523349
1326,176,汕头市,Shantou,2015,Training,35.38461538,50.76923077
1327,176,汕头市,Shantou,2015,Daily service,29.2625523,3.373430962
1328,176,汕头市,Shantou,2015,Retail goods,27.57433921,1.094438326
1329,176,汕头市,Shantou,2015,Exercise,39.68253968,29.76190476
1330,176,汕头市,Shantou,2015,F&B,27.27601156,2.721579961
1331,49,佛山市,Foshan,2015,Beauty,34.1764636,6.16316352
1332,49,佛山市,Foshan,2015,Entertainment,39.63328632,13.21109544
1333,49,佛山市,Foshan,2015,Training,41.81818182,41.21212121
1334,49,佛山市,Foshan,2015,Daily service,34.82388013,3.365497764
1335,49,佛山市,Foshan,2015,Retail goods,31.36746971,1.764384192
1336,49,佛山市,Foshan,2015,Exercise,47.82608696,19.84877127
1337,49,佛山市,Foshan,2015,F&B,33.21963237,3.638430927
1338,98,江门市,Jiangmen,2015,Beauty,31.98529412,7.457983193
1339,98,江门市,Jiangmen,2015,Entertainment,37.10292249,12.19822109
1340,98,江门市,Jiangmen,2015,Training,46.875,25
1341,98,江门市,Jiangmen,2015,Daily service,30.40166205,2.527700831
1342,98,江门市,Jiangmen,2015,Retail goods,30.69094804,1.580074987
1343,98,江门市,Jiangmen,2015,Exercise,39.81042654,17.53554502
1344,98,江门市,Jiangmen,2015,F&B,30.6809825,4.235917047
1345,264,湛江市,Zhanjiang,2015,Beauty,28.58384014,9.64378801
1346,264,湛江市,Zhanjiang,2015,Entertainment,39.36170213,11.43617021
1347,264,湛江市,Zhanjiang,2015,Training,40.74074074,18.51851852
1348,264,湛江市,Zhanjiang,2015,Daily service,27.50626566,3.13283208
1349,264,湛江市,Zhanjiang,2015,Retail goods,33.94143063,2.208353337
1350,264,湛江市,Zhanjiang,2015,Exercise,40,25.83333333
1351,264,湛江市,Zhanjiang,2015,F&B,30.41125541,4.956709957
1352,139,茂名市,Maoming,2015,Beauty,24.92890995,7.393364929
1353,139,茂名市,Maoming,2015,Entertainment,21.01449275,13.04347826
1354,139,茂名市,Maoming,2015,Training,16.66666667,37.5
1355,139,茂名市,Maoming,2015,Daily service,26.02836879,2.127659574
1356,139,茂名市,Maoming,2015,Retail goods,24.87018311,1.311833834
1357,139,茂名市,Maoming,2015,Exercise,38.20224719,32.58426966
1358,139,茂名市,Maoming,2015,F&B,23.03523035,3.218157182
1359,273,肇庆市,Zhaoqing,2015,Beauty,35.55776892,3.087649402
1360,273,肇庆市,Zhaoqing,2015,Entertainment,40,6.93877551
1361,273,肇庆市,Zhaoqing,2015,Training,33.33333333,50
1362,273,肇庆市,Zhaoqing,2015,Daily service,28.03297998,1.413427562
1363,273,肇庆市,Zhaoqing,2015,Retail goods,34.55574183,1.236378877
1364,273,肇庆市,Zhaoqing,2015,Exercise,38.9380531,15.92920354
1365,273,肇庆市,Zhaoqing,2015,F&B,28.83642496,2.585722316
1366,89,惠州市,Huizhou,2015,Beauty,32.92880259,14.4012945
1367,89,惠州市,Huizhou,2015,Entertainment,37.10106383,18.48404255
1368,89,惠州市,Huizhou,2015,Training,38.18181818,52.72727273
1369,89,惠州市,Huizhou,2015,Daily service,28.0623608,4.836143812
1370,89,惠州市,Huizhou,2015,Retail goods,29.21196959,2.039834504
1371,89,惠州市,Huizhou,2015,Exercise,47.7443609,27.44360902
1372,89,惠州市,Huizhou,2015,F&B,29.85487981,4.364683727
1373,141,梅州市,Meizhou,2015,Beauty,36.76171079,1.120162933
1374,141,梅州市,Meizhou,2015,Entertainment,36.84210526,6.516290727
1375,141,梅州市,Meizhou,2015,Training,33.33333333,0
1376,141,梅州市,Meizhou,2015,Daily service,30.32296651,1.136363636
1377,141,梅州市,Meizhou,2015,Retail goods,30.86844368,0.653482373
1378,141,梅州市,Meizhou,2015,Exercise,43.43434343,8.080808081
1379,141,梅州市,Meizhou,2015,F&B,35.69103285,1.509322285
1380,177,汕尾市,Shanwei,2015,Beauty,37.69470405,2.492211838
1381,177,汕尾市,Shanwei,2015,Entertainment,30.3030303,6.060606061
1382,177,汕尾市,Shanwei,2015,Training,50.83333333,2.5
1383,177,汕尾市,Shanwei,2015,Daily service,34.11371237,1.505016722
1384,177,汕尾市,Shanwei,2015,Retail goods,32.95454545,0.837320574
1385,177,汕尾市,Shanwei,2015,Exercise,50,15.625
1386,177,汕尾市,Shanwei,2015,F&B,30.45685279,2.131979695
1387,71,河源市,Heyuan,2015,Beauty,29.57746479,3.822937626
1388,71,河源市,Heyuan,2015,Entertainment,35.61643836,8.219178082
1389,71,河源市,Heyuan,2015,Training,35.6097561,7.317073171
1390,71,河源市,Heyuan,2015,Daily service,26.69902913,4.490291262
1391,71,河源市,Heyuan,2015,Retail goods,29.08653846,1.957417582
1392,71,河源市,Heyuan,2015,Exercise,29.33333333,17.33333333
1393,71,河源市,Heyuan,2015,F&B,28.51579403,2.855906534
1394,246,阳江市,Yangjiang,2015,Beauty,33.44519016,4.138702461
1395,246,阳江市,Yangjiang,2015,Entertainment,33.74485597,7.818930041
1396,246,阳江市,Yangjiang,2015,Training,46.12403101,4.263565891
1397,246,阳江市,Yangjiang,2015,Daily service,28.41726619,1.798561151
1398,246,阳江市,Yangjiang,2015,Retail goods,32.0568252,1.297096973
1399,246,阳江市,Yangjiang,2015,Exercise,33.33333333,14.28571429
1400,246,阳江市,Yangjiang,2015,F&B,29.47031639,2.452897263
1401,166,清远市,Qingyuan,2015,Beauty,36.76470588,8.455882353
1402,166,清远市,Qingyuan,2015,Entertainment,40.65281899,16.32047478
1403,166,清远市,Qingyuan,2015,Training,48.10996564,8.24742268
1404,166,清远市,Qingyuan,2015,Daily service,33.47427766,3.735024665
1405,166,清远市,Qingyuan,2015,Retail goods,32.50522405,1.97353146
1406,166,清远市,Qingyuan,2015,Exercise,53.38983051,22.88135593
1407,166,清远市,Qingyuan,2015,F&B,34.03992591,4.033751801
1408,44,东莞市,Dongguan,2015,Beauty,39.12813738,7.600176134
1409,44,东莞市,Dongguan,2015,Entertainment,40.52234787,11.82014001
1410,44,东莞市,Dongguan,2015,Training,40.64837905,30.17456359
1411,44,东莞市,Dongguan,2015,Daily service,33.50224637,2.73221189
1412,44,东莞市,Dongguan,2015,Retail goods,33.84375222,1.562477826
1413,44,东莞市,Dongguan,2015,Exercise,46,21.36842105
1414,44,东莞市,Dongguan,2015,F&B,36.13591218,2.791427078
1415,276,中山市,Zhongshan,2015,Beauty,32.9386437,6.646932185
1416,276,中山市,Zhongshan,2015,Entertainment,36.23595506,13.95131086
1417,276,中山市,Zhongshan,2015,Training,39.79591837,28.57142857
1418,276,中山市,Zhongshan,2015,Daily service,30.35752063,2.602073197
1419,276,中山市,Zhongshan,2015,Retail goods,33.94670888,1.912676428
1420,276,中山市,Zhongshan,2015,Exercise,41.40350877,18.59649123
1421,276,中山市,Zhongshan,2015,F&B,29.63874553,2.667725288
1422,26,潮州市,Chaozhou,2015,Beauty,27.31182796,2.795698925
1423,26,潮州市,Chaozhou,2015,Entertainment,33.48837209,7.441860465
1424,26,潮州市,Chaozhou,2015,Training,71.42857143,42.85714286
1425,26,潮州市,Chaozhou,2015,Daily service,23.49869452,1.218450827
1426,26,潮州市,Chaozhou,2015,Retail goods,28.3095723,0.631364562
1427,26,潮州市,Chaozhou,2015,Exercise,40.81632653,12.24489796
1428,26,潮州市,Chaozhou,2015,F&B,25.31280077,1.732435034
1429,100,揭阳市,Jieyang,2015,Beauty,31.04125737,1.473477407
1430,100,揭阳市,Jieyang,2015,Entertainment,41.2462908,6.824925816
1431,100,揭阳市,Jieyang,2015,Training,38.88888889,16.66666667
1432,100,揭阳市,Jieyang,2015,Daily service,29.33094385,0.418160096
1433,100,揭阳市,Jieyang,2015,Retail goods,35.04182239,0.765260723
1434,100,揭阳市,Jieyang,2015,Exercise,50,8.823529412
1435,100,揭阳市,Jieyang,2015,F&B,28.34699454,1.229508197
1436,261,云浮市,Yunfu,2015,Beauty,32.4929972,3.361344538
1437,261,云浮市,Yunfu,2015,Entertainment,36.66666667,17.77777778
1438,261,云浮市,Yunfu,2015,Training,50.92592593,6.481481481
1439,261,云浮市,Yunfu,2015,Daily service,32.66563945,1.386748844
1440,261,云浮市,Yunfu,2015,Retail goods,29.69283276,1.080773606
1441,261,云浮市,Yunfu,2015,Exercise,44.68085106,21.27659574
1442,261,云浮市,Yunfu,2015,F&B,25.1039069,5.486284289
1443,147,南宁市,Nanning,2015,Beauty,40.72307692,20.83076923
1444,147,南宁市,Nanning,2015,Entertainment,42.48541947,26.46926873
1445,147,南宁市,Nanning,2015,Training,46.09929078,48.93617021
1446,147,南宁市,Nanning,2015,Daily service,37.06240487,12.26353555
1447,147,南宁市,Nanning,2015,Retail goods,31.74801836,2.904672507
1448,147,南宁市,Nanning,2015,Exercise,53.59477124,28.75816993
1449,147,南宁市,Nanning,2015,F&B,33.60963403,6.912730685
1450,128,柳州市,Liuzhou,2015,Beauty,43.18181818,16.98347107
1451,128,柳州市,Liuzhou,2015,Entertainment,43.39250493,21.59763314
1452,128,柳州市,Liuzhou,2015,Training,46.15384615,53.84615385
1453,128,柳州市,Liuzhou,2015,Daily service,29.02240326,3.258655804
1454,128,柳州市,Liuzhou,2015,Retail goods,33.08279791,1.660807371
1455,128,柳州市,Liuzhou,2015,Exercise,46.46464646,31.81818182
1456,128,柳州市,Liuzhou,2015,F&B,35.11439534,7.758988205
1457,62,桂林市,Guilin,2015,Beauty,36.98979592,8.673469388
1458,62,桂林市,Guilin,2015,Entertainment,40,10.9178744
1459,62,桂林市,Guilin,2015,Training,67.34693878,26.53061224
1460,62,桂林市,Guilin,2015,Daily service,33.4835631,3.579003181
1461,62,桂林市,Guilin,2015,Retail goods,34.61951977,1.015410345
1462,62,桂林市,Guilin,2015,Exercise,43.93939394,16.66666667
1463,62,桂林市,Guilin,2015,F&B,36.91560413,3.266545234
1464,223,梧州市,Wuzhou,2015,Beauty,29.57074722,7.154213037
1465,223,梧州市,Wuzhou,2015,Entertainment,37.22943723,9.956709957
1466,223,梧州市,Wuzhou,2015,Training,85.71428571,42.85714286
1467,223,梧州市,Wuzhou,2015,Daily service,31.7671093,2.145045965
1468,223,梧州市,Wuzhou,2015,Retail goods,33.48756507,1.908617698
1469,223,梧州市,Wuzhou,2015,Exercise,43.66197183,9.85915493
1470,223,梧州市,Wuzhou,2015,F&B,29.69432314,4.80349345
1471,17,北海市,Beihai,2015,Beauty,31.60621762,12.95336788
1472,17,北海市,Beihai,2015,Entertainment,31.41361257,17.01570681
1473,17,北海市,Beihai,2015,Training,28.57142857,78.57142857
1474,17,北海市,Beihai,2015,Daily service,27.1177686,3.925619835
1475,17,北海市,Beihai,2015,Retail goods,27.33880422,0.726846424
1476,17,北海市,Beihai,2015,Exercise,37.27272727,21.81818182
1477,17,北海市,Beihai,2015,F&B,27.64807078,4.055050381
1478,48,防城港市,Fangchenggang,2015,Beauty,20.13888889,6.25
1479,48,防城港市,Fangchenggang,2015,Entertainment,19.6969697,3.03030303
1480,48,防城港市,Fangchenggang,2015,Training,43.18181818,0
1481,48,防城港市,Fangchenggang,2015,Daily service,24.08536585,4.573170732
1482,48,防城港市,Fangchenggang,2015,Retail goods,22.71062271,1.465201465
1483,48,防城港市,Fangchenggang,2015,Exercise,42.10526316,36.84210526
1484,48,防城港市,Fangchenggang,2015,F&B,20.82111437,1.319648094
1485,163,钦州市,Qinzhou,2015,Beauty,25.75039494,9.478672986
1486,163,钦州市,Qinzhou,2015,Entertainment,26.93877551,13.46938776
1487,163,钦州市,Qinzhou,2015,Training,20,20
1488,163,钦州市,Qinzhou,2015,Daily service,22.00902935,2.144469526
1489,163,钦州市,Qinzhou,2015,Retail goods,21.6243149,1.046337818
1490,163,钦州市,Qinzhou,2015,Exercise,42.30769231,17.30769231
1491,163,钦州市,Qinzhou,2015,F&B,21.97504069,3.309820944
1492,60,贵港市,Guigang,2015,Beauty,29.39297125,7.348242812
1493,60,贵港市,Guigang,2015,Entertainment,34.76190476,10
1494,60,贵港市,Guigang,2015,Training,37.5,12.5
1495,60,贵港市,Guigang,2015,Daily service,24.56709957,4.978354978
1496,60,贵港市,Guigang,2015,Retail goods,26.68067227,1.785714286
1497,60,贵港市,Guigang,2015,Exercise,40,20
1498,60,贵港市,Guigang,2015,F&B,26.29022465,4.310868245
1499,258,玉林市,Yulin,2015,Beauty,34.36464088,9.281767956
1500,258,玉林市,Yulin,2015,Entertainment,34.082397,10.48689139
1501,258,玉林市,Yulin,2015,Training,48.14814815,81.48148148
1502,258,玉林市,Yulin,2015,Daily service,25.29290145,5.16884907
1503,258,玉林市,Yulin,2015,Retail goods,28.57142857,3.776397516
1504,258,玉林市,Yulin,2015,Exercise,38.61386139,25.74257426
1505,258,玉林市,Yulin,2015,F&B,29.71659919,6.356275304
1506,11,百色市,Baise,2015,Beauty,27.86259542,7.633587786
1507,11,百色市,Baise,2015,Entertainment,40.27777778,7.638888889
1508,11,百色市,Baise,2015,Training,50.58823529,3.529411765
1509,11,百色市,Baise,2015,Daily service,23.90852391,1.871101871
1510,11,百色市,Baise,2015,Retail goods,29.78723404,1.017576318
1511,11,百色市,Baise,2015,Exercise,50,27.77777778
1512,11,百色市,Baise,2015,F&B,26.66666667,3.293172691
1513,72,贺州市,Hezhou,2015,Beauty,32.90816327,4.846938776
1514,72,贺州市,Hezhou,2015,Entertainment,40.26845638,8.724832215
1515,72,贺州市,Hezhou,2015,Training,25,25
1516,72,贺州市,Hezhou,2015,Daily service,26.03664417,1.928640309
1517,72,贺州市,Hezhou,2015,Retail goods,31.95926285,1.988360815
1518,72,贺州市,Hezhou,2015,Exercise,38.63636364,11.36363636
1519,72,贺州市,Hezhou,2015,F&B,25.6107171,2.994483846
1520,70,河池市,Hechi,2015,Beauty,31.1827957,2.688172043
1521,70,河池市,Hechi,2015,Entertainment,41.00719424,3.597122302
1522,70,河池市,Hechi,2015,Training,47.12643678,1.149425287
1523,70,河池市,Hechi,2015,Daily service,27.95425667,2.287166455
1524,70,河池市,Hechi,2015,Retail goods,30.62930187,0.63913471
1525,70,河池市,Hechi,2015,Exercise,38.0952381,14.28571429
1526,70,河池市,Hechi,2015,F&B,33.44797936,1.633705933
1527,115,来宾市,Laibin,2015,Beauty,26.53061224,5.247813411
1528,115,来宾市,Laibin,2015,Entertainment,35.35911602,6.629834254
1529,115,来宾市,Laibin,2015,Training,33.33333333,0
1530,115,来宾市,Laibin,2015,Daily service,22.02572347,4.662379421
1531,115,来宾市,Laibin,2015,Retail goods,23.99049881,1.959619952
1532,115,来宾市,Laibin,2015,Exercise,46.15384615,26.92307692
1533,115,来宾市,Laibin,2015,F&B,24.97911445,3.007518797
1534,33,崇左市,Chongzuo,2015,Beauty,40.41666667,2.916666667
1535,33,崇左市,Chongzuo,2015,Entertainment,33.69565217,5.434782609
1536,33,崇左市,Chongzuo,2015,Training,47.82608696,3.260869565
1537,33,崇左市,Chongzuo,2015,Daily service,27.15736041,1.52284264
1538,33,崇左市,Chongzuo,2015,Retail goods,28.73176207,0.785634119
1539,33,崇左市,Chongzuo,2015,Exercise,46.15384615,15.38461538
1540,33,崇左市,Chongzuo,2015,F&B,29.5971979,0.525394046
1541,65,海口市,Haikou,2015,Beauty,33.65758755,19.97405966
1542,65,海口市,Haikou,2015,Entertainment,37.11072664,20.5017301
1543,65,海口市,Haikou,2015,Training,26.19047619,55.95238095
1544,65,海口市,Haikou,2015,Daily service,32.12105123,8.83992567
1545,65,海口市,Haikou,2015,Retail goods,28.215263,2.553967771
1546,65,海口市,Haikou,2015,Exercise,43.39622642,29.24528302
1547,65,海口市,Haikou,2015,F&B,31.50912106,10.48461397
1548,174,三亚市,Sanya,2015,Beauty,36.44395362,26.50469354
1549,174,三亚市,Sanya,2015,Entertainment,40.80604534,14.60957179
1550,174,三亚市,Sanya,2015,Training,47.91666667,15.97222222
1551,174,三亚市,Sanya,2015,Daily service,37.80269058,13.76681614
1552,174,三亚市,Sanya,2015,Retail goods,32.04973927,4.091456077
1553,174,三亚市,Sanya,2015,Exercise,50.19011407,25.09505703
1554,174,三亚市,Sanya,2015,F&B,33.87250238,6.993339676
1555,40,儋州市,Danzhou,2015,Beauty,31.91489362,4.680851064
1556,40,儋州市,Danzhou,2015,Entertainment,22.53521127,11.26760563
1557,40,儋州市,Danzhou,2015,Training,38.53211009,0
1558,40,儋州市,Danzhou,2015,Daily service,22.3628692,2.742616034
1559,40,儋州市,Danzhou,2015,Retail goods,26.71594509,1.372756072
1560,40,儋州市,Danzhou,2015,Exercise,27.27272727,31.81818182
1561,40,儋州市,Danzhou,2015,F&B,24.31372549,3.137254902
1562,278,重庆市,Chongqing,2015,Beauty,33.65890308,9.879789632
1563,278,重庆市,Chongqing,2015,Entertainment,36.21810113,10.84165478
1564,278,重庆市,Chongqing,2015,Training,44.21669107,26.2079063
1565,278,重庆市,Chongqing,2015,Daily service,33.20855035,4.763454861
1566,278,重庆市,Chongqing,2015,Retail goods,29.53757753,3.609540314
1567,278,重庆市,Chongqing,2015,Exercise,53.07791649,14.50710288
1568,278,重庆市,Chongqing,2015,F&B,33.60002845,5.735722922
1569,29,成都市,Chengdu,2015,Beauty,29.10900393,14.41995558
1570,29,成都市,Chengdu,2015,Entertainment,36.95753616,13.73075128
1571,29,成都市,Chengdu,2015,Training,38.5786802,42.23350254
1572,29,成都市,Chengdu,2015,Daily service,29.76945245,8.281700288
1573,29,成都市,Chengdu,2015,Retail goods,27.83977382,3.301572631
1574,29,成都市,Chengdu,2015,Exercise,44.10701374,25.19884309
1575,29,成都市,Chengdu,2015,F&B,30.14690516,5.519700043
1576,286,自贡市,Zigong,2015,Beauty,35.47963206,9.329829172
1577,286,自贡市,Zigong,2015,Entertainment,40.86956522,11.01449275
1578,286,自贡市,Zigong,2015,Training,66.66666667,50
1579,286,自贡市,Zigong,2015,Daily service,30.45540797,3.225806452
1580,286,自贡市,Zigong,2015,Retail goods,35.86474501,2.827050998
1581,286,自贡市,Zigong,2015,Exercise,54.79452055,19.17808219
1582,286,自贡市,Zigong,2015,F&B,35.21691579,3.317535545
1583,154,攀枝花市,Panzhihua,2015,Beauty,44.3019943,8.831908832
1584,154,攀枝花市,Panzhihua,2015,Entertainment,50.45592705,9.118541033
1585,154,攀枝花市,Panzhihua,2015,Training,42.85714286,14.28571429
1586,154,攀枝花市,Panzhihua,2015,Daily service,42.27035101,3.734129948
1587,154,攀枝花市,Panzhihua,2015,Retail goods,48.39985617,3.55987055
1588,154,攀枝花市,Panzhihua,2015,Exercise,68.18181818,15.90909091
1589,154,攀枝花市,Panzhihua,2015,F&B,42.78369445,4.11311054
1590,134,泸州市,Luzhou,2015,Beauty,35.08997429,13.23907455
1591,134,泸州市,Luzhou,2015,Entertainment,34.36754177,10.7398568
1592,134,泸州市,Luzhou,2015,Training,40,30
1593,134,泸州市,Luzhou,2015,Daily service,29.45036916,2.871205906
1594,134,泸州市,Luzhou,2015,Retail goods,39.28,1.48
1595,134,泸州市,Luzhou,2015,Exercise,28.94736842,22.80701754
1596,134,泸州市,Luzhou,2015,F&B,31.85275327,4.259202921
1597,41,德阳市,Deyang,2015,Beauty,31.86060983,7.031736154
1598,41,德阳市,Deyang,2015,Entertainment,38.2923674,5.95084088
1599,41,德阳市,Deyang,2015,Training,42.85714286,17.14285714
1600,41,德阳市,Deyang,2015,Daily service,27.72643253,5.083179298
1601,41,德阳市,Deyang,2015,Retail goods,28.48045286,2.635768618
1602,41,德阳市,Deyang,2015,Exercise,47.6635514,20.56074766
1603,41,德阳市,Deyang,2015,F&B,31.65052161,3.800298063
1604,142,绵阳市,Mianyang,2015,Beauty,40.7241508,13.36319522
1605,142,绵阳市,Mianyang,2015,Entertainment,39.78702807,10.64859632
1606,142,绵阳市,Mianyang,2015,Training,42.30769231,34.61538462
1607,142,绵阳市,Mianyang,2015,Daily service,34.49530161,3.273719309
1608,142,绵阳市,Mianyang,2015,Retail goods,34.00583374,0.923675255
1609,142,绵阳市,Mianyang,2015,Exercise,43.90243902,23.17073171
1610,142,绵阳市,Mianyang,2015,F&B,38.28276307,3.701312675
1611,58,广元市,Guangyuan,2015,Beauty,37.00120919,10.88270859
1612,58,广元市,Guangyuan,2015,Entertainment,33.79888268,8.938547486
1613,58,广元市,Guangyuan,2015,Training,28.57142857,14.28571429
1614,58,广元市,Guangyuan,2015,Daily service,29.29292929,6.818181818
1615,58,广元市,Guangyuan,2015,Retail goods,31.99588477,6.687242798
1616,58,广元市,Guangyuan,2015,Exercise,34.09090909,13.63636364
1617,58,广元市,Guangyuan,2015,F&B,30.25742574,4.910891089
1618,198,遂宁市,Suining,2015,Beauty,47.00460829,5.414746544
1619,198,遂宁市,Suining,2015,Entertainment,38.88048411,8.169440242
1620,198,遂宁市,Suining,2015,Training,33.33333333,25
1621,198,遂宁市,Suining,2015,Daily service,39.23512748,1.983002833
1622,198,遂宁市,Suining,2015,Retail goods,45.94206368,1.292793871
1623,198,遂宁市,Suining,2015,Exercise,37.14285714,20
1624,198,遂宁市,Suining,2015,F&B,32.22260392,4.465819306
1625,151,内江市,Neijiang,2015,Beauty,25.40250447,9.660107335
1626,151,内江市,Neijiang,2015,Entertainment,29.04411765,3.676470588
1627,151,内江市,Neijiang,2015,Training,47.36842105,5.263157895
1628,151,内江市,Neijiang,2015,Daily service,26.55502392,2.153110048
1629,151,内江市,Neijiang,2015,Retail goods,26.08695652,1.725327812
1630,151,内江市,Neijiang,2015,Exercise,34.375,25
1631,151,内江市,Neijiang,2015,F&B,27.37169518,2.747537584
1632,118,乐山市,Leshan,2015,Beauty,33.96226415,7.547169811
1633,118,乐山市,Leshan,2015,Entertainment,30.91286307,10.99585062
1634,118,乐山市,Leshan,2015,Training,75,33.33333333
1635,118,乐山市,Leshan,2015,Daily service,32.14285714,5.481727575
1636,118,乐山市,Leshan,2015,Retail goods,36.85714286,4.628571429
1637,118,乐山市,Leshan,2015,Exercise,33.33333333,28.07017544
1638,118,乐山市,Leshan,2015,F&B,34.11796537,3.625541126
1639,145,南充市,Nanchong,2015,Beauty,35.99208965,4.54845089
1640,145,南充市,Nanchong,2015,Entertainment,40.54347826,3.152173913
1641,145,南充市,Nanchong,2015,Training,46.15384615,11.53846154
1642,145,南充市,Nanchong,2015,Daily service,32.55620316,1.373855121
1643,145,南充市,Nanchong,2015,Retail goods,38.55567046,0.689417442
1644,145,南充市,Nanchong,2015,Exercise,51.85185185,13.58024691
1645,145,南充市,Nanchong,2015,F&B,34.43331369,2.160675702
1646,140,眉山市,Meishan,2015,Beauty,35.81730769,3.125
1647,140,眉山市,Meishan,2015,Entertainment,35.25179856,4.316546763
1648,140,眉山市,Meishan,2015,Training,52.73631841,3.980099502
1649,140,眉山市,Meishan,2015,Daily service,34.14634146,2.702702703
1650,140,眉山市,Meishan,2015,Retail goods,35.30494217,1.314405889
1651,140,眉山市,Meishan,2015,Exercise,54.76190476,14.28571429
1652,140,眉山市,Meishan,2015,F&B,31.3225058,2.386476632
1653,249,宜宾市,Yibin,2015,Beauty,38.88255416,8.437856328
1654,249,宜宾市,Yibin,2015,Entertainment,37.71043771,4.04040404
1655,249,宜宾市,Yibin,2015,Training,40,20
1656,249,宜宾市,Yibin,2015,Daily service,30.62352013,3.157063931
1657,249,宜宾市,Yibin,2015,Retail goods,36.70450636,1.066391469
1658,249,宜宾市,Yibin,2015,Exercise,43.39622642,16.98113208
1659,249,宜宾市,Yibin,2015,F&B,34.25076453,3.431872239
1660,57,广安市,Guang'an,2015,Beauty,32.39202658,3.488372093
1661,57,广安市,Guang'an,2015,Entertainment,31.46417445,4.049844237
1662,57,广安市,Guang'an,2015,Training,25,12.5
1663,57,广安市,Guang'an,2015,Daily service,27.77777778,1.436781609
1664,57,广安市,Guang'an,2015,Retail goods,33.47068146,1.204437401
1665,57,广安市,Guang'an,2015,Exercise,43.47826087,13.04347826
1666,57,广安市,Guang'an,2015,F&B,30.80082136,2.05338809
1667,35,达州市,Dazhou,2015,Beauty,34.86997636,5.082742317
1668,35,达州市,Dazhou,2015,Entertainment,33.76068376,7.478632479
1669,35,达州市,Dazhou,2015,Training,0,0
1670,35,达州市,Dazhou,2015,Daily service,30.20242915,3.319838057
1671,35,达州市,Dazhou,2015,Retail goods,40.07782101,4.280155642
1672,35,达州市,Dazhou,2015,Exercise,52,14
1673,35,达州市,Dazhou,2015,F&B,29.52717916,2.926986169
1674,241,雅安市,Ya'an,2015,Beauty,42.9844098,6.013363029
1675,241,雅安市,Ya'an,2015,Entertainment,47.25274725,4.395604396
1676,241,雅安市,Ya'an,2015,Training,0,100
1677,241,雅安市,Ya'an,2015,Daily service,42.93865906,1.283880171
1678,241,雅安市,Ya'an,2015,Retail goods,53.23110624,0.766703176
1679,241,雅安市,Ya'an,2015,Exercise,47.36842105,0
1680,241,雅安市,Ya'an,2015,F&B,35.89055794,2.092274678
1681,7,巴中市,Bazhong,2015,Beauty,34.05511811,11.41732283
1682,7,巴中市,Bazhong,2015,Entertainment,34.49612403,14.72868217
1683,7,巴中市,Bazhong,2015,Training,0,100
1684,7,巴中市,Bazhong,2015,Daily service,29.8136646,4.50310559
1685,7,巴中市,Bazhong,2015,Retail goods,36.2932062,2.860548272
1686,7,巴中市,Bazhong,2015,Exercise,22.22222222,33.33333333
1687,7,巴中市,Bazhong,2015,F&B,31.04596935,4.663557628
1688,284,资阳市,Ziyang,2015,Beauty,28.85085575,4.645476773
1689,284,资阳市,Ziyang,2015,Entertainment,40,2.857142857
1690,284,资阳市,Ziyang,2015,Training,53.27868852,3.278688525
1691,284,资阳市,Ziyang,2015,Daily service,28.50082372,2.635914333
1692,284,资阳市,Ziyang,2015,Retail goods,35.31409168,1.358234295
1693,284,资阳市,Ziyang,2015,Exercise,31.57894737,10.52631579
1694,284,资阳市,Ziyang,2015,F&B,34.4042838,1.740294511
1695,61,贵阳市,Guiyang,2015,Beauty,34.38378161,23.94620634
1696,61,贵阳市,Guiyang,2015,Entertainment,34.03794038,21.13821138
1697,61,贵阳市,Guiyang,2015,Training,39.51612903,37.90322581
1698,61,贵阳市,Guiyang,2015,Daily service,32.27878593,7.563834912
1699,61,贵阳市,Guiyang,2015,Retail goods,30.46891282,3.077457451
1700,61,贵阳市,Guiyang,2015,Exercise,41.61358811,22.92993631
1701,61,贵阳市,Guiyang,2015,F&B,31.97278912,8.447204969
1702,130,六盘水市,Liupanshui,2015,Beauty,34.41084463,7.820646507
1703,130,六盘水市,Liupanshui,2015,Entertainment,33.125,6.5625
1704,130,六盘水市,Liupanshui,2015,Training,66.66666667,83.33333333
1705,130,六盘水市,Liupanshui,2015,Daily service,28.89882616,0.950251537
1706,130,六盘水市,Liupanshui,2015,Retail goods,33.01073007,0.715337681
1707,130,六盘水市,Liupanshui,2015,Exercise,30.50847458,13.55932203
1708,130,六盘水市,Liupanshui,2015,F&B,33.8121547,2.928176796
1709,287,遵义市,Zunyi,2015,Beauty,41.63682864,12.07161125
1710,287,遵义市,Zunyi,2015,Entertainment,38.6541471,14.86697966
1711,287,遵义市,Zunyi,2015,Training,60,45.71428571
1712,287,遵义市,Zunyi,2015,Daily service,35.48256285,3.446877534
1713,287,遵义市,Zunyi,2015,Retail goods,40.79089924,2.293246659
1714,287,遵义市,Zunyi,2015,Exercise,43.52941176,20
1715,287,遵义市,Zunyi,2015,F&B,36.15111277,6.657939031
1716,3,安顺市,Anshun,2015,Beauty,33.67003367,4.545454545
1717,3,安顺市,Anshun,2015,Entertainment,36.55589124,6.344410876
1718,3,安顺市,Anshun,2015,Training,66.66666667,0
1719,3,安顺市,Anshun,2015,Daily service,26.48809524,0.892857143
1720,3,安顺市,Anshun,2015,Retail goods,34.23499577,0.633981403
1721,3,安顺市,Anshun,2015,Exercise,44.44444444,8.888888889
1722,3,安顺市,Anshun,2015,F&B,34.59630131,3.202525936
1723,211,铜仁市,Tongren,2015,Beauty,39.18575064,10.17811705
1724,211,铜仁市,Tongren,2015,Entertainment,28.07881773,7.389162562
1725,211,铜仁市,Tongren,2015,Training,57.26495726,2.564102564
1726,211,铜仁市,Tongren,2015,Daily service,31.59609121,2.117263844
1727,211,铜仁市,Tongren,2015,Retail goods,38.24331697,3.164211675
1728,211,铜仁市,Tongren,2015,Exercise,57.14285714,14.28571429
1729,211,铜仁市,Tongren,2015,F&B,30.93278464,5.075445816
1730,113,昆明市,Kunming,2015,Beauty,36.77060134,14.42093541
1731,113,昆明市,Kunming,2015,Entertainment,37.65752409,14.60340993
1732,113,昆明市,Kunming,2015,Training,37.81094527,40.7960199
1733,113,昆明市,Kunming,2015,Daily service,37.59356023,6.044344019
1734,113,昆明市,Kunming,2015,Retail goods,31.55105851,2.851303273
1735,113,昆明市,Kunming,2015,Exercise,42.75053305,17.1641791
1736,113,昆明市,Kunming,2015,F&B,35.54012595,5.096076215
1737,168,曲靖市,Qujing,2015,Beauty,33.47788378,7.805724198
1738,168,曲靖市,Qujing,2015,Entertainment,37.64940239,4.581673307
1739,168,曲靖市,Qujing,2015,Training,40,53.33333333
1740,168,曲靖市,Qujing,2015,Daily service,27.25623583,1.587301587
1741,168,曲靖市,Qujing,2015,Retail goods,33.7386511,1.28080415
1742,168,曲靖市,Qujing,2015,Exercise,43.33333333,7.777777778
1743,168,曲靖市,Qujing,2015,F&B,31.05305146,1.555644196
1744,259,玉溪市,Yuxi,2015,Beauty,37.36762481,4.992435703
1745,259,玉溪市,Yuxi,2015,Entertainment,37.65182186,7.692307692
1746,259,玉溪市,Yuxi,2015,Training,52.63157895,47.36842105
1747,259,玉溪市,Yuxi,2015,Daily service,28.66293034,0.960768615
1748,259,玉溪市,Yuxi,2015,Retail goods,38.02584548,0.65988452
1749,259,玉溪市,Yuxi,2015,Exercise,56,14
1750,259,玉溪市,Yuxi,2015,F&B,35.39644013,2.508090615
1751,16,保山市,Baoshan,2015,Beauty,36.59889094,0.924214418
1752,16,保山市,Baoshan,2015,Entertainment,34.48275862,2.586206897
1753,16,保山市,Baoshan,2015,Training,51,1.5
1754,16,保山市,Baoshan,2015,Daily service,33.27630453,1.625320787
1755,16,保山市,Baoshan,2015,Retail goods,36.75023802,0.634719137
1756,16,保山市,Baoshan,2015,Exercise,40,11.11111111
1757,16,保山市,Baoshan,2015,F&B,35.51944283,1.160766106
1758,272,昭通市,Zhaotong,2015,Beauty,40.15594542,4.288499025
1759,272,昭通市,Zhaotong,2015,Entertainment,43.34975369,6.896551724
1760,272,昭通市,Zhaotong,2015,Training,54.38596491,2.339181287
1761,272,昭通市,Zhaotong,2015,Daily service,40.37914692,3.033175355
1762,272,昭通市,Zhaotong,2015,Retail goods,39.69830758,2.575423105
1763,272,昭通市,Zhaotong,2015,Exercise,53.33333333,26.66666667
1764,272,昭通市,Zhaotong,2015,F&B,35.49488055,2.901023891
1765,119,丽江市,Lijiang,2015,Beauty,42.87564767,7.124352332
1766,119,丽江市,Lijiang,2015,Entertainment,51.72413793,6.896551724
1767,119,丽江市,Lijiang,2015,Training,56.74157303,5.617977528
1768,119,丽江市,Lijiang,2015,Daily service,41.36513158,4.934210526
1769,119,丽江市,Lijiang,2015,Retail goods,47.6119403,2.263681592
1770,119,丽江市,Lijiang,2015,Exercise,40,14.73684211
1771,119,丽江市,Lijiang,2015,F&B,50.81355932,2.644067797
1772,125,临沧市,Lincang,2015,Beauty,34.02777778,11.80555556
1773,125,临沧市,Lincang,2015,Entertainment,29.91452991,9.401709402
1774,125,临沧市,Lincang,2015,Training,52.74725275,4.395604396
1775,125,临沧市,Lincang,2015,Daily service,31.39534884,4.15282392
1776,125,临沧市,Lincang,2015,Retail goods,34.72714387,5.953224663
1777,125,临沧市,Lincang,2015,Exercise,32.25806452,12.90322581
1778,125,临沧市,Lincang,2015,F&B,32.59259259,3.580246914
1779,114,拉萨市,Lasa,2015,Beauty,38.50658858,5.563689605
1780,114,拉萨市,Lasa,2015,Entertainment,43.08797127,1.97486535
1781,114,拉萨市,Lasa,2015,Training,53.17460317,2.380952381
1782,114,拉萨市,Lasa,2015,Daily service,36.11243449,0.952834683
1783,114,拉萨市,Lasa,2015,Retail goods,37.67209011,0.339710352
1784,114,拉萨市,Lasa,2015,Exercise,58.5106383,6.382978723
1785,114,拉萨市,Lasa,2015,F&B,38.29743165,2.34051367
1786,226,西安市,Xi'an,2015,Beauty,34.80928889,24.804476
1787,226,西安市,Xi'an,2015,Entertainment,35.34901082,22.62038074
1788,226,西安市,Xi'an,2015,Training,38.54166667,48.22916667
1789,226,西安市,Xi'an,2015,Daily service,31.54305651,10.93725221
1790,226,西安市,Xi'an,2015,Retail goods,30.38732801,5.750953867
1791,226,西安市,Xi'an,2015,Exercise,43.33470904,28.68345027
1792,226,西安市,Xi'an,2015,F&B,31.51989563,9.564812226
1793,209,铜川市,Tongchuan,2015,Beauty,40.8045977,5.747126437
1794,209,铜川市,Tongchuan,2015,Entertainment,42.25352113,4.225352113
1795,209,铜川市,Tongchuan,2015,Training,14.28571429,0
1796,209,铜川市,Tongchuan,2015,Daily service,35.50420168,1.050420168
1797,209,铜川市,Tongchuan,2015,Retail goods,29.54248366,1.045751634
1798,209,铜川市,Tongchuan,2015,Exercise,38.46153846,7.692307692
1799,209,铜川市,Tongchuan,2015,F&B,29.90196078,1.764705882
1800,14,宝鸡市,Baoji,2015,Beauty,32.17189315,18.00232288
1801,14,宝鸡市,Baoji,2015,Entertainment,34.5971564,16.58767773
1802,14,宝鸡市,Baoji,2015,Training,45.16129032,35.48387097
1803,14,宝鸡市,Baoji,2015,Daily service,31.32780083,3.042876902
1804,14,宝鸡市,Baoji,2015,Retail goods,36.42611684,2.405498282
1805,14,宝鸡市,Baoji,2015,Exercise,49.49494949,27.27272727
1806,14,宝鸡市,Baoji,2015,F&B,31.8062138,5.897840969
1807,229,咸阳市,Xianyang,2015,Beauty,37.46835443,21.43459916
1808,229,咸阳市,Xianyang,2015,Entertainment,33.95833333,21.04166667
1809,229,咸阳市,Xianyang,2015,Training,31.03448276,27.5862069
1810,229,咸阳市,Xianyang,2015,Daily service,29.93805919,4.748795595
1811,229,咸阳市,Xianyang,2015,Retail goods,35.7771261,1.979472141
1812,229,咸阳市,Xianyang,2015,Exercise,47.64705882,26.47058824
1813,229,咸阳市,Xianyang,2015,F&B,32.59229853,7.721317983
1814,215,渭南市,Weinan,2015,Beauty,23.97820163,11.98910082
1815,215,渭南市,Weinan,2015,Entertainment,28.39506173,15.22633745
1816,215,渭南市,Weinan,2015,Training,25,30
1817,215,渭南市,Weinan,2015,Daily service,23.22713258,2.672147996
1818,215,渭南市,Weinan,2015,Retail goods,16.04754829,0.842000991
1819,215,渭南市,Weinan,2015,Exercise,28.98550725,21.73913043
1820,215,渭南市,Weinan,2015,F&B,25.09378908,2.417674031
1821,243,延安市,Yan'an,2015,Beauty,20.77294686,18.11594203
1822,243,延安市,Yan'an,2015,Entertainment,21.95121951,19.51219512
1823,243,延安市,Yan'an,2015,Training,83.33333333,33.33333333
1824,243,延安市,Yan'an,2015,Daily service,21.88034188,2.905982906
1825,243,延安市,Yan'an,2015,Retail goods,20.73434125,2.375809935
1826,243,延安市,Yan'an,2015,Exercise,26.19047619,47.61904762
1827,243,延安市,Yan'an,2015,F&B,26.8899036,9.436834094
1828,67,汉中市,Hanzhong,2015,Beauty,33.03030303,8.181818182
1829,67,汉中市,Hanzhong,2015,Entertainment,26.7281106,11.52073733
1830,67,汉中市,Hanzhong,2015,Training,50,25
1831,67,汉中市,Hanzhong,2015,Daily service,21.80052957,1.58870256
1832,67,汉中市,Hanzhong,2015,Retail goods,26.90258752,0.837138508
1833,67,汉中市,Hanzhong,2015,Exercise,38.29787234,14.89361702
1834,67,汉中市,Hanzhong,2015,F&B,30.66298343,3.946329913
1835,257,榆林市,Yulin,2015,Beauty,31.76470588,6.890756303
1836,257,榆林市,Yulin,2015,Entertainment,32.14285714,12.08791209
1837,257,榆林市,Yulin,2015,Training,63.1372549,5.490196078
1838,257,榆林市,Yulin,2015,Daily service,30.6010929,1.420765027
1839,257,榆林市,Yulin,2015,Retail goods,28.80928355,0.807265388
1840,257,榆林市,Yulin,2015,Exercise,23.80952381,10.47619048
1841,257,榆林市,Yulin,2015,F&B,28.41601393,3.17667537
1842,1,安康市,Ankang,2015,Beauty,39.13043478,9.347826087
1843,1,安康市,Ankang,2015,Entertainment,45.69892473,6.989247312
1844,1,安康市,Ankang,2015,Training,25,25
1845,1,安康市,Ankang,2015,Daily service,38.73239437,2.288732394
1846,1,安康市,Ankang,2015,Retail goods,34.52554745,0.656934307
1847,1,安康市,Ankang,2015,Exercise,33.33333333,10
1848,1,安康市,Ankang,2015,F&B,37.5,7.174887892
1849,178,商洛市,Shangluo,2015,Beauty,36.60130719,9.803921569
1850,178,商洛市,Shangluo,2015,Entertainment,43.39622642,8.490566038
1851,178,商洛市,Shangluo,2015,Training,55.31914894,5.319148936
1852,178,商洛市,Shangluo,2015,Daily service,36.01108033,1.662049861
1853,178,商洛市,Shangluo,2015,Retail goods,34.1160221,1.933701657
1854,178,商洛市,Shangluo,2015,Exercise,23.80952381,14.28571429
1855,178,商洛市,Shangluo,2015,F&B,33.25330132,3.00120048
1856,116,兰州市,Lanzhou,2015,Beauty,31.55660377,20.04716981
1857,116,兰州市,Lanzhou,2015,Entertainment,40.61771562,18.64801865
1858,116,兰州市,Lanzhou,2015,Training,46.53465347,49.5049505
1859,116,兰州市,Lanzhou,2015,Daily service,32.49785408,6.626609442
1860,116,兰州市,Lanzhou,2015,Retail goods,31.96208531,3.308056872
1861,116,兰州市,Lanzhou,2015,Exercise,43.71584699,23.22404372
1862,116,兰州市,Lanzhou,2015,F&B,33.88588812,7.071459614
1863,97,嘉峪关市,Jiayuguan,2015,Beauty,24.34782609,4.130434783
1864,97,嘉峪关市,Jiayuguan,2015,Entertainment,29.26829268,5.226480836
1865,97,嘉峪关市,Jiayuguan,2015,Training,41.79104478,0.746268657
1866,97,嘉峪关市,Jiayuguan,2015,Daily service,25.05827506,3.37995338
1867,97,嘉峪关市,Jiayuguan,2015,Retail goods,22.83950617,3.148148148
1868,97,嘉峪关市,Jiayuguan,2015,Exercise,52.63157895,31.57894737
1869,97,嘉峪关市,Jiayuguan,2015,F&B,30.4199773,2.156640182
1870,101,金昌市,Jinchang,2015,Beauty,28.82703777,3.180914513
1871,101,金昌市,Jinchang,2015,Entertainment,32.53012048,8.43373494
1872,101,金昌市,Jinchang,2015,Training,42.17687075,2.040816327
1873,101,金昌市,Jinchang,2015,Daily service,17.48148148,0.296296296
1874,101,金昌市,Jinchang,2015,Retail goods,27.89934354,0.382932166
1875,101,金昌市,Jinchang,2015,Exercise,31.70731707,4.87804878
1876,101,金昌市,Jinchang,2015,F&B,20.96273292,2.562111801
1877,10,白银市,Baiyin,2015,Beauty,25.53648069,8.583690987
1878,10,白银市,Baiyin,2015,Entertainment,27.80748663,9.625668449
1879,10,白银市,Baiyin,2015,Training,31.08108108,8.108108108
1880,10,白银市,Baiyin,2015,Daily service,19.80558931,2.065613609
1881,10,白银市,Baiyin,2015,Retail goods,26.02813853,6.331168831
1882,10,白银市,Baiyin,2015,Exercise,28.57142857,21.42857143
1883,10,白银市,Baiyin,2015,F&B,23.80095923,4.196642686
1884,205,天水市,Tianshui,2015,Beauty,34.44730077,7.455012853
1885,205,天水市,Tianshui,2015,Entertainment,32.46753247,14.28571429
1886,205,天水市,Tianshui,2015,Training,100,25
1887,205,天水市,Tianshui,2015,Daily service,24.6130031,2.476780186
1888,205,天水市,Tianshui,2015,Retail goods,36.8445914,0.614076523
1889,205,天水市,Tianshui,2015,Exercise,62.5,21.875
1890,205,天水市,Tianshui,2015,F&B,31.55216285,4.452926209
1891,225,武威市,Wuwei,2015,Beauty,30.18181818,2.727272727
1892,225,武威市,Wuwei,2015,Entertainment,26.66666667,4.126984127
1893,225,武威市,Wuwei,2015,Training,38.46153846,23.07692308
1894,225,武威市,Wuwei,2015,Daily service,23.28205128,1.128205128
1895,225,武威市,Wuwei,2015,Retail goods,27.49271137,0.641399417
1896,225,武威市,Wuwei,2015,Exercise,18.91891892,13.51351351
1897,225,武威市,Wuwei,2015,F&B,28.30863567,2.043944813
1898,267,张掖市,Zhangye,2015,Beauty,27.86069652,7.462686567
1899,267,张掖市,Zhangye,2015,Entertainment,26.92307692,9.829059829
1900,267,张掖市,Zhangye,2015,Training,33.33333333,33.33333333
1901,267,张掖市,Zhangye,2015,Daily service,28.16568047,4.023668639
1902,267,张掖市,Zhangye,2015,Retail goods,34.8380051,4.331998544
1903,267,张掖市,Zhangye,2015,Exercise,26.66666667,26.66666667
1904,267,张掖市,Zhangye,2015,F&B,31.11849391,4.817275748
1905,157,平凉市,Pingliang,2015,Beauty,26.46502836,4.347826087
1906,157,平凉市,Pingliang,2015,Entertainment,33.58778626,3.435114504
1907,157,平凉市,Pingliang,2015,Training,36.56716418,2.985074627
1908,157,平凉市,Pingliang,2015,Daily service,19.59459459,1.351351351
1909,157,平凉市,Pingliang,2015,Retail goods,26.75746924,0.615114236
1910,157,平凉市,Pingliang,2015,Exercise,46.42857143,14.28571429
1911,157,平凉市,Pingliang,2015,F&B,23.89900176,2.935995302
1912,110,酒泉市,Jiuquan,2015,Beauty,32.60504202,2.857142857
1913,110,酒泉市,Jiuquan,2015,Entertainment,37.17948718,2.991452991
1914,110,酒泉市,Jiuquan,2015,Training,33.33333333,0
1915,110,酒泉市,Jiuquan,2015,Daily service,27.5739645,0.473372781
1916,110,酒泉市,Jiuquan,2015,Retail goods,32.03548546,2.907836373
1917,110,酒泉市,Jiuquan,2015,Exercise,38.46153846,23.07692308
1918,110,酒泉市,Jiuquan,2015,F&B,29.5929593,1.595159516
1919,167,庆阳市,Qingyang,2015,Beauty,25,4.05027933
1920,167,庆阳市,Qingyang,2015,Entertainment,23.46938776,9.183673469
1921,167,庆阳市,Qingyang,2015,Training,23.92638037,3.680981595
1922,167,庆阳市,Qingyang,2015,Daily service,19.72789116,2.210884354
1923,167,庆阳市,Qingyang,2015,Retail goods,18.98916968,0.613718412
1924,167,庆阳市,Qingyang,2015,Exercise,51.51515152,18.18181818
1925,167,庆阳市,Qingyang,2015,F&B,23.61829026,2.504970179
1926,43,定西市,Dingxi,2015,Beauty,23.52941176,3.529411765
1927,43,定西市,Dingxi,2015,Entertainment,32.69230769,5.769230769
1928,43,定西市,Dingxi,2015,Training,38.29787234,4.255319149
1929,43,定西市,Dingxi,2015,Daily service,18.65384615,0.769230769
1930,43,定西市,Dingxi,2015,Retail goods,18.72440023,0.585137507
1931,43,定西市,Dingxi,2015,Exercise,18.75,6.25
1932,43,定西市,Dingxi,2015,F&B,25.06702413,2.54691689
1933,132,陇南市,Longnan,2015,Beauty,50.27624309,3.314917127
1934,132,陇南市,Longnan,2015,Entertainment,42.63565891,0.775193798
1935,132,陇南市,Longnan,2015,Training,65,1.666666667
1936,132,陇南市,Longnan,2015,Daily service,42.99363057,2.229299363
1937,132,陇南市,Longnan,2015,Retail goods,38.66513234,0.345224396
1938,132,陇南市,Longnan,2015,Exercise,44.44444444,22.22222222
1939,132,陇南市,Longnan,2015,F&B,48.63013699,4.109589041
1940,227,西宁市,Xining,2015,Beauty,43.01675978,10.09883971
1941,227,西宁市,Xining,2015,Entertainment,40.20618557,9.621993127
1942,227,西宁市,Xining,2015,Training,54.54545455,27.27272727
1943,227,西宁市,Xining,2015,Daily service,32.38766184,2.532368621
1944,227,西宁市,Xining,2015,Retail goods,37.71103259,0.696898312
1945,227,西宁市,Xining,2015,Exercise,39.66942149,15.70247934
1946,227,西宁市,Xining,2015,F&B,36.90874559,3.373428597
1947,64,海东市,Haidong,2015,Beauty,52.84552846,2.43902439
1948,64,海东市,Haidong,2015,Entertainment,40.90909091,4.545454545
1949,64,海东市,Haidong,2015,Training,63.15789474,5.263157895
1950,64,海东市,Haidong,2015,Daily service,30.66666667,0
1951,64,海东市,Haidong,2015,Retail goods,47.21753794,0.505902192
1952,64,海东市,Haidong,2015,Exercise,20,0
1953,64,海东市,Haidong,2015,F&B,41.16424116,1.247401247
1954,253,银川市,Yinchuan,2015,Beauty,31.36762861,8.814303639
1955,253,银川市,Yinchuan,2015,Entertainment,32.50214961,6.964746346
1956,253,银川市,Yinchuan,2015,Training,44.08602151,25.80645161
1957,253,银川市,Yinchuan,2015,Daily service,28.21917808,4.337899543
1958,253,银川市,Yinchuan,2015,Retail goods,28.05822963,2.993660484
1959,253,银川市,Yinchuan,2015,Exercise,44.63414634,17.07317073
1960,253,银川市,Yinchuan,2015,F&B,27.57845595,3.138238091
1961,188,石嘴山市,Shizuishan,2015,Beauty,29.58015267,5.916030534
1962,188,石嘴山市,Shizuishan,2015,Entertainment,30.56603774,4.528301887
1963,188,石嘴山市,Shizuishan,2015,Training,100,33.33333333
1964,188,石嘴山市,Shizuishan,2015,Daily service,18.92523364,3.738317757
1965,188,石嘴山市,Shizuishan,2015,Retail goods,24.26829268,5.365853659
1966,188,石嘴山市,Shizuishan,2015,Exercise,38.23529412,14.70588235
1967,188,石嘴山市,Shizuishan,2015,F&B,22.35434007,3.032104637
1968,221,吴忠市,Wuzhong,2015,Beauty,23.85892116,4.979253112
1969,221,吴忠市,Wuzhong,2015,Entertainment,25.70694087,2.05655527
1970,221,吴忠市,Wuzhong,2015,Training,0,0
1971,221,吴忠市,Wuzhong,2015,Daily service,18.98016997,2.077431539
1972,221,吴忠市,Wuzhong,2015,Retail goods,23.64798427,2.015732547
1973,221,吴忠市,Wuzhong,2015,Exercise,32.72727273,5.454545455
1974,221,吴忠市,Wuzhong,2015,F&B,23.5097493,1.894150418
1975,56,固原市,Guyuan,2015,Beauty,20.56074766,2.180685358
1976,56,固原市,Guyuan,2015,Entertainment,29.18149466,2.135231317
1977,56,固原市,Guyuan,2015,Training,28.20512821,1.709401709
1978,56,固原市,Guyuan,2015,Daily service,12.83497884,1.833568406
1979,56,固原市,Guyuan,2015,Retail goods,21.31147541,1.490312966
1980,56,固原市,Guyuan,2015,Exercise,20,12
1981,56,固原市,Guyuan,2015,F&B,18.97702001,2.00148258
1982,277,中卫市,Zhongwei,2015,Beauty,24.7311828,1.433691756
1983,277,中卫市,Zhongwei,2015,Entertainment,58.95196507,9.170305677
1984,277,中卫市,Zhongwei,2015,Training,22.97297297,2.702702703
1985,277,中卫市,Zhongwei,2015,Daily service,18.64754098,6.762295082
1986,277,中卫市,Zhongwei,2015,Retail goods,24.15654521,2.699055331
1987,277,中卫市,Zhongwei,2015,Exercise,32.25806452,12.90322581
1988,277,中卫市,Zhongwei,2015,F&B,28.42465753,2.739726027
1989,219,乌鲁木齐市,Urumqi,2015,Beauty,40.38997214,14.12654198
1990,219,乌鲁木齐市,Urumqi,2015,Entertainment,42.60523322,11.60409556
1991,219,乌鲁木齐市,Urumqi,2015,Training,38.29787234,35.10638298
1992,219,乌鲁木齐市,Urumqi,2015,Daily service,34.76852962,6.224514272
1993,219,乌鲁木齐市,Urumqi,2015,Retail goods,34.43337484,4.04109589
1994,219,乌鲁木齐市,Urumqi,2015,Exercise,43.69369369,20.04504505
1995,219,乌鲁木齐市,Urumqi,2015,F&B,36.98348322,5.772056663
1996,112,克拉玛依市,Karamay,2015,Beauty,50.63291139,4.339963834
1997,112,克拉玛依市,Karamay,2015,Entertainment,40.95744681,7.446808511
1998,112,克拉玛依市,Karamay,2015,Training,57.14285714,28.57142857
1999,112,克拉玛依市,Karamay,2015,Daily service,35.88807786,1.338199513
2000,112,克拉玛依市,Karamay,2015,Retail goods,45.53191489,0.425531915
2001,112,克拉玛依市,Karamay,2015,Exercise,42.55319149,4.255319149
2002,112,克拉玛依市,Karamay,2015,F&B,39.55362678,2.169869808
2003,212,吐鲁番市,Turpan,2015,Beauty,21.05263158,4.093567251
2004,212,吐鲁番市,Turpan,2015,Entertainment,28.08988764,4.494382022
2005,212,吐鲁番市,Turpan,2015,Training,25.97402597,2.597402597
2006,212,吐鲁番市,Turpan,2015,Daily service,14.79289941,9.171597633
2007,212,吐鲁番市,Turpan,2015,Retail goods,14.80938416,6.158357771
2008,212,吐鲁番市,Turpan,2015,Exercise,33.33333333,16.66666667
2009,212,吐鲁番市,Turpan,2015,F&B,19.80392157,4.117647059
2010,18,北京市,Beijing,2019,Beauty,56.61296584,20.28338509
2011,18,北京市,Beijing,2019,Entertainment,61.33847493,24.81651947
2012,18,北京市,Beijing,2019,Training,67.99064192,32.9320225
2013,18,北京市,Beijing,2019,Daily service,56.915953,14.89046007
2014,18,北京市,Beijing,2019,Retail goods,51.24068098,10.88386929
2015,18,北京市,Beijing,2019,Exercise,69.64430894,26.08739837
2016,18,北京市,Beijing,2019,F&B,51.25440749,11.30754107
2017,204,天津市,Tianjin,2019,Beauty,49.64067075,16.43155
2018,204,天津市,Tianjin,2019,Entertainment,50.77967807,16.72535211
2019,204,天津市,Tianjin,2019,Training,60.68253513,26.37415161
2020,204,天津市,Tianjin,2019,Daily service,46.77022088,9.530430637
2021,204,天津市,Tianjin,2019,Retail goods,41.68416356,5.456406488
2022,204,天津市,Tianjin,2019,Exercise,63.06711661,24.071991
2023,204,天津市,Tianjin,2019,F&B,39.911908,4.153920236
2024,187,石家庄市,Shijiazhuang,2019,Beauty,42.1312149,16.08683742
2025,187,石家庄市,Shijiazhuang,2019,Entertainment,46.56635802,17.24537037
2026,187,石家庄市,Shijiazhuang,2019,Training,52.27576162,25.25791965
2027,187,石家庄市,Shijiazhuang,2019,Daily service,43.76769187,8.733818899
2028,187,石家庄市,Shijiazhuang,2019,Retail goods,42.43636476,6.561225751
2029,187,石家庄市,Shijiazhuang,2019,Exercise,48.97494305,24.37357631
2030,187,石家庄市,Shijiazhuang,2019,F&B,35.59785772,3.795552451
2031,203,唐山市,Tangshan,2019,Beauty,35.93637021,8.712942878
2032,203,唐山市,Tangshan,2019,Entertainment,40.68441065,12.4207858
2033,203,唐山市,Tangshan,2019,Training,46.5012205,14.60537022
2034,203,唐山市,Tangshan,2019,Daily service,32.64975715,4.995759772
2035,203,唐山市,Tangshan,2019,Retail goods,38.18998188,5.684626792
2036,203,唐山市,Tangshan,2019,Exercise,48.90350877,13.15789474
2037,203,唐山市,Tangshan,2019,F&B,35.09106571,4.540979572
2038,164,秦皇岛市,Qinhuangdao,2019,Beauty,45.11041009,12.51314406
2039,164,秦皇岛市,Qinhuangdao,2019,Entertainment,47.51958225,10.31331593
2040,164,秦皇岛市,Qinhuangdao,2019,Training,47.1969334,20.12458074
2041,164,秦皇岛市,Qinhuangdao,2019,Daily service,37.85683852,6.380485726
2042,164,秦皇岛市,Qinhuangdao,2019,Retail goods,40.80639555,4.680801761
2043,164,秦皇岛市,Qinhuangdao,2019,Exercise,50.48543689,23.05825243
2044,164,秦皇岛市,Qinhuangdao,2019,F&B,39.69715324,2.901271956
2045,66,邯郸市,Handan,2019,Beauty,36.43748762,14.06776303
2046,66,邯郸市,Handan,2019,Entertainment,38.63945578,17.82312925
2047,66,邯郸市,Handan,2019,Training,46.97589814,25.51159618
2048,66,邯郸市,Handan,2019,Daily service,31.07504723,5.126223596
2049,66,邯郸市,Handan,2019,Retail goods,35.38196439,3.170591614
2050,66,邯郸市,Handan,2019,Exercise,47.4522293,29.93630573
2051,66,邯郸市,Handan,2019,F&B,28.58590408,2.544471966
2052,237,邢台市,Xingtai,2019,Beauty,35.6441912,7.027540361
2053,237,邢台市,Xingtai,2019,Entertainment,41.92139738,10.04366812
2054,237,邢台市,Xingtai,2019,Training,44.89901605,12.11807354
2055,237,邢台市,Xingtai,2019,Daily service,30.34558554,4.56710221
2056,237,邢台市,Xingtai,2019,Retail goods,32.25227247,3.9445629
2057,237,邢台市,Xingtai,2019,Exercise,44.10646388,19.77186312
2058,237,邢台市,Xingtai,2019,F&B,28.54695276,2.333360529
2059,15,保定市,Baoding,2019,Beauty,39.58009331,9.117418351
2060,15,保定市,Baoding,2019,Entertainment,41.6498994,8.450704225
2061,15,保定市,Baoding,2019,Training,47.2281908,16.20111732
2062,15,保定市,Baoding,2019,Daily service,36.28036639,6.164874552
2063,15,保定市,Baoding,2019,Retail goods,34.76526185,3.606290672
2064,15,保定市,Baoding,2019,Exercise,51.77304965,15.13002364
2065,15,保定市,Baoding,2019,F&B,33.78112529,3.490528919
2066,266,张家口市,Zhangjiakou,2019,Beauty,48.85452463,8.304696449
2067,266,张家口市,Zhangjiakou,2019,Entertainment,42.02898551,10.14492754
2068,266,张家口市,Zhangjiakou,2019,Training,48.15270936,16.50246305
2069,266,张家口市,Zhangjiakou,2019,Daily service,37.11632706,4.745937581
2070,266,张家口市,Zhangjiakou,2019,Retail goods,46.14997484,6.114745848
2071,266,张家口市,Zhangjiakou,2019,Exercise,48.99328859,16.77852349
2072,266,张家口市,Zhangjiakou,2019,F&B,36.98911157,2.430172006
2073,30,承德市,Chengde,2019,Beauty,42.97468354,16.70886076
2074,30,承德市,Chengde,2019,Entertainment,45.625,15
2075,30,承德市,Chengde,2019,Training,44.83282675,20.97264438
2076,30,承德市,Chengde,2019,Daily service,36.6117112,9.664582149
2077,30,承德市,Chengde,2019,Retail goods,36.23332387,9.948907181
2078,30,承德市,Chengde,2019,Exercise,47.6635514,26.1682243
2079,30,承德市,Chengde,2019,F&B,36.18387696,4.698326855
2080,22,沧州市,Cangzhou,2019,Beauty,42.87616511,8.344429649
2081,22,沧州市,Cangzhou,2019,Entertainment,43.7037037,10.12345679
2082,22,沧州市,Cangzhou,2019,Training,50.18115942,20.38043478
2083,22,沧州市,Cangzhou,2019,Daily service,35.55821099,8.159781495
2084,22,沧州市,Cangzhou,2019,Retail goods,38.62858173,7.118399712
2085,22,沧州市,Cangzhou,2019,Exercise,52.74725275,26.92307692
2086,22,沧州市,Cangzhou,2019,F&B,35.27912621,2.621359223
2087,117,廊坊市,Langfang,2019,Beauty,42.97188755,12.12851406
2088,117,廊坊市,Langfang,2019,Entertainment,46.50112867,14.67268623
2089,117,廊坊市,Langfang,2019,Training,43.50408315,17.52041574
2090,117,廊坊市,Langfang,2019,Daily service,37.17286214,6.884480747
2091,117,廊坊市,Langfang,2019,Retail goods,36.32435414,4.891054519
2092,117,廊坊市,Langfang,2019,Exercise,53.53535354,22.22222222
2093,117,廊坊市,Langfang,2019,F&B,38.63139735,2.702702703
2094,76,衡水市,Hengshui,2019,Beauty,25.30501582,9.218255761
2095,76,衡水市,Hengshui,2019,Entertainment,26.02230483,15.24163569
2096,76,衡水市,Hengshui,2019,Training,33.92484342,17.95407098
2097,76,衡水市,Hengshui,2019,Daily service,22.76395427,5.884330868
2098,76,衡水市,Hengshui,2019,Retail goods,26.87495532,6.119968542
2099,76,衡水市,Hengshui,2019,Exercise,44,24
2100,76,衡水市,Hengshui,2019,F&B,20.2626123,4.312370422
2101,200,太原市,Taiyuan,2019,Beauty,45.93057298,20.19238812
2102,200,太原市,Taiyuan,2019,Entertainment,44.81561822,17.13665944
2103,200,太原市,Taiyuan,2019,Training,50.41752009,28.391366
2104,200,太原市,Taiyuan,2019,Daily service,40.06774429,9.81005874
2105,200,太原市,Taiyuan,2019,Retail goods,38.34097098,5.73376724
2106,200,太原市,Taiyuan,2019,Exercise,54.13153457,31.02866779
2107,200,太原市,Taiyuan,2019,F&B,37.09913202,4.993147556
2108,38,大同市,Datong,2019,Beauty,39.27414128,8.554763448
2109,38,大同市,Datong,2019,Entertainment,38.4751773,9.042553191
2110,38,大同市,Datong,2019,Training,38.7776607,10.64278188
2111,38,大同市,Datong,2019,Daily service,29.65973275,3.140928503
2112,38,大同市,Datong,2019,Retail goods,31.55786663,4.321551542
2113,38,大同市,Datong,2019,Exercise,42.75362319,15.57971014
2114,38,大同市,Datong,2019,F&B,33.09246309,3.364413364
2115,247,阳泉市,Yangquan,2019,Beauty,45.19528828,8.679479231
2116,247,阳泉市,Yangquan,2019,Entertainment,45.30612245,7.346938776
2117,247,阳泉市,Yangquan,2019,Training,50.77220077,19.11196911
2118,247,阳泉市,Yangquan,2019,Daily service,31.40770252,3.818061089
2119,247,阳泉市,Yangquan,2019,Retail goods,36.52494141,3.967191162
2120,247,阳泉市,Yangquan,2019,Exercise,45.45454545,24.24242424
2121,247,阳泉市,Yangquan,2019,F&B,36.51821862,2.975708502
2122,271,长治市,Changzhi,2019,Beauty,37.68656716,11.38059701
2123,271,长治市,Changzhi,2019,Entertainment,43.0523918,9.567198178
2124,271,长治市,Changzhi,2019,Training,42.01834862,12.93577982
2125,271,长治市,Changzhi,2019,Daily service,29.9393686,2.843403722
2126,271,长治市,Changzhi,2019,Retail goods,32.89916711,3.01258196
2127,271,长治市,Changzhi,2019,Exercise,47.31707317,14.63414634
2128,271,长治市,Changzhi,2019,F&B,32.58076138,1.76534166
2129,104,晋城市,Jincheng,2019,Beauty,34.71121178,10.02265006
2130,104,晋城市,Jincheng,2019,Entertainment,34.14634146,11.14982578
2131,104,晋城市,Jincheng,2019,Training,35.18299882,22.19598583
2132,104,晋城市,Jincheng,2019,Daily service,25.90007348,5.143277002
2133,104,晋城市,Jincheng,2019,Retail goods,31.14126653,5.741127349
2134,104,晋城市,Jincheng,2019,Exercise,42.55319149,16.31205674
2135,104,晋城市,Jincheng,2019,F&B,34.39831643,4.189783815
2136,190,朔州市,Shuozhou,2019,Beauty,28.87323944,3.521126761
2137,190,朔州市,Shuozhou,2019,Entertainment,25.38860104,5.18134715
2138,190,朔州市,Shuozhou,2019,Training,33.29145729,5.27638191
2139,190,朔州市,Shuozhou,2019,Daily service,29.70191625,1.596877218
2140,190,朔州市,Shuozhou,2019,Retail goods,25.89450956,1.619370759
2141,190,朔州市,Shuozhou,2019,Exercise,27.69230769,12.30769231
2142,190,朔州市,Shuozhou,2019,F&B,28.57142857,1.723179544
2143,105,晋中市,Jinzhong,2019,Beauty,39.81900452,14.28571429
2144,105,晋中市,Jinzhong,2019,Entertainment,52.59259259,9.62962963
2145,105,晋中市,Jinzhong,2019,Training,45.28301887,18.09100999
2146,105,晋中市,Jinzhong,2019,Daily service,30.24456522,3.614130435
2147,105,晋中市,Jinzhong,2019,Retail goods,29.85111973,2.489678469
2148,105,晋中市,Jinzhong,2019,Exercise,54.4,20.8
2149,105,晋中市,Jinzhong,2019,F&B,38.31282953,3.898386324
2150,262,运城市,Yuncheng,2019,Beauty,36.65777185,8.80587058
2151,262,运城市,Yuncheng,2019,Entertainment,42.47104247,14.47876448
2152,262,运城市,Yuncheng,2019,Training,41.90410007,16.40027797
2153,262,运城市,Yuncheng,2019,Daily service,36.12197029,3.870211102
2154,262,运城市,Yuncheng,2019,Retail goods,39.78283254,2.789478611
2155,262,运城市,Yuncheng,2019,Exercise,42.99516908,28.50241546
2156,262,运城市,Yuncheng,2019,F&B,31.09699887,2.745057872
2157,233,忻州市,Xinzhou,2019,Beauty,36,6.869565217
2158,233,忻州市,Xinzhou,2019,Entertainment,36.74698795,8.43373494
2159,233,忻州市,Xinzhou,2019,Training,33.51955307,18.80819367
2160,233,忻州市,Xinzhou,2019,Daily service,24.79550102,3.425357873
2161,233,忻州市,Xinzhou,2019,Retail goods,28.04744125,1.932791566
2162,233,忻州市,Xinzhou,2019,Exercise,50.74626866,23.88059701
2163,233,忻州市,Xinzhou,2019,F&B,28.84061764,1.727296519
2164,126,临汾市,Linfen,2019,Beauty,36.67385057,8.010057471
2165,126,临汾市,Linfen,2019,Entertainment,46.74556213,6.706114398
2166,126,临汾市,Linfen,2019,Training,50.77464789,11.83098592
2167,126,临汾市,Linfen,2019,Daily service,38.48345387,2.323033092
2168,126,临汾市,Linfen,2019,Retail goods,36.66307225,2.18606019
2169,126,临汾市,Linfen,2019,Exercise,51.2987013,18.83116883
2170,126,临汾市,Linfen,2019,F&B,31.74140236,1.956495321
2171,135,吕梁市,Lvliang,2019,Beauty,30.97484277,9.98427673
2172,135,吕梁市,Lvliang,2019,Entertainment,32.93413174,8.982035928
2173,135,吕梁市,Lvliang,2019,Training,33.97524072,13.75515818
2174,135,吕梁市,Lvliang,2019,Daily service,24.48747153,3.606681853
2175,135,吕梁市,Lvliang,2019,Retail goods,30.76512456,3.434163701
2176,135,吕梁市,Lvliang,2019,Exercise,48.93617021,21.27659574
2177,135,吕梁市,Lvliang,2019,F&B,31.6372796,3.400503778
2178,78,呼和浩特市,Hohhot,2019,Beauty,43.22869955,12.36173393
2179,78,呼和浩特市,Hohhot,2019,Entertainment,45.96363636,19.34545455
2180,78,呼和浩特市,Hohhot,2019,Training,53.38002436,28.22777101
2181,78,呼和浩特市,Hohhot,2019,Daily service,40.5817835,6.757953539
2182,78,呼和浩特市,Hohhot,2019,Retail goods,38.04861915,4.071440384
2183,78,呼和浩特市,Hohhot,2019,Exercise,56.64556962,30.37974684
2184,78,呼和浩特市,Hohhot,2019,F&B,39.84065051,4.928030427
2185,13,包头市,Baotou,2019,Beauty,32.82170543,9.085271318
2186,13,包头市,Baotou,2019,Entertainment,37.41610738,13.17114094
2187,13,包头市,Baotou,2019,Training,35.27022805,13.90190565
2188,13,包头市,Baotou,2019,Daily service,24.41091842,3.756124115
2189,13,包头市,Baotou,2019,Retail goods,25.76345039,2.562682323
2190,13,包头市,Baotou,2019,Exercise,44.83516484,24.17582418
2191,13,包头市,Baotou,2019,F&B,26.77465903,2.895312573
2192,217,乌海市,Wuhai,2019,Beauty,19.66568338,4.818092429
2193,217,乌海市,Wuhai,2019,Entertainment,23.00884956,15.04424779
2194,217,乌海市,Wuhai,2019,Training,27.78904665,8.722109533
2195,217,乌海市,Wuhai,2019,Daily service,12.94352824,1.549225387
2196,217,乌海市,Wuhai,2019,Retail goods,15.10382514,2.928961749
2197,217,乌海市,Wuhai,2019,Exercise,38.37209302,22.09302326
2198,217,乌海市,Wuhai,2019,F&B,17.6453231,2.065506049
2199,32,赤峰市,Chifeng,2019,Beauty,43.21229964,5.332024861
2200,32,赤峰市,Chifeng,2019,Entertainment,31.57894737,11.89083821
2201,32,赤峰市,Chifeng,2019,Training,48.76419506,18.50367401
2202,32,赤峰市,Chifeng,2019,Daily service,30.09437724,3.64216403
2203,32,赤峰市,Chifeng,2019,Retail goods,34.53642142,2.929787389
2204,32,赤峰市,Chifeng,2019,Exercise,31.48148148,14.19753086
2205,32,赤峰市,Chifeng,2019,F&B,35.35449735,5.312169312
2206,208,通辽市,Tongliao,2019,Beauty,35.84392015,6.896551724
2207,208,通辽市,Tongliao,2019,Entertainment,36.58008658,5.194805195
2208,208,通辽市,Tongliao,2019,Training,37.2069317,13.65953109
2209,208,通辽市,Tongliao,2019,Daily service,26.72317644,3.167521749
2210,208,通辽市,Tongliao,2019,Retail goods,30.19865841,2.941176471
2211,208,通辽市,Tongliao,2019,Exercise,31.89189189,11.89189189
2212,208,通辽市,Tongliao,2019,F&B,28.57142857,3.244274809
2213,46,鄂尔多斯市,Erdos,2019,Beauty,33.44155844,10.06493506
2214,46,鄂尔多斯市,Erdos,2019,Entertainment,39.66942149,19.00826446
2215,46,鄂尔多斯市,Erdos,2019,Training,42.45742092,24.81751825
2216,46,鄂尔多斯市,Erdos,2019,Daily service,31.15318417,10.06884682
2217,46,鄂尔多斯市,Erdos,2019,Retail goods,28.29341317,2.994011976
2218,46,鄂尔多斯市,Erdos,2019,Exercise,44.07894737,16.44736842
2219,46,鄂尔多斯市,Erdos,2019,F&B,32.40930233,3.069767442
2220,79,呼伦贝尔市,Hulunbuir,2019,Beauty,42.7107959,8.195429472
2221,79,呼伦贝尔市,Hulunbuir,2019,Entertainment,41.85185185,11.48148148
2222,79,呼伦贝尔市,Hulunbuir,2019,Training,46.91848907,16.50099404
2223,79,呼伦贝尔市,Hulunbuir,2019,Daily service,33.67924528,3.176100629
2224,79,呼伦贝尔市,Hulunbuir,2019,Retail goods,34.20043355,4.052026013
2225,79,呼伦贝尔市,Hulunbuir,2019,Exercise,46.05263158,11.84210526
2226,79,呼伦贝尔市,Hulunbuir,2019,F&B,38.45464726,4.636058231
2227,6,巴彦淖尔市,Bayannur,2019,Beauty,25.23636364,3.636363636
2228,6,巴彦淖尔市,Bayannur,2019,Entertainment,25,9.328358209
2229,6,巴彦淖尔市,Bayannur,2019,Training,28.31105711,7.411907655
2230,6,巴彦淖尔市,Bayannur,2019,Daily service,20.27618727,2.96396093
2231,6,巴彦淖尔市,Bayannur,2019,Retail goods,22.70036991,4.069050555
2232,6,巴彦淖尔市,Bayannur,2019,Exercise,34.72222222,22.22222222
2233,6,巴彦淖尔市,Bayannur,2019,F&B,21.6258468,2.188639917
2234,218,乌兰察布市,Ulanqab,2019,Beauty,26.41350211,2.025316456
2235,218,乌兰察布市,Ulanqab,2019,Entertainment,34.84848485,6.060606061
2236,218,乌兰察布市,Ulanqab,2019,Training,28.98550725,9.109730849
2237,218,乌兰察布市,Ulanqab,2019,Daily service,24.61419753,1.62037037
2238,218,乌兰察布市,Ulanqab,2019,Retail goods,21.80232558,2.855677155
2239,218,乌兰察布市,Ulanqab,2019,Exercise,34.54545455,7.272727273
2240,218,乌兰察布市,Ulanqab,2019,F&B,21.36662286,2.864651774
2241,28,沈阳市,Shenyang,2019,Beauty,38.56445641,11.33877482
2242,28,沈阳市,Shenyang,2019,Entertainment,37.70752384,6.39350053
2243,28,沈阳市,Shenyang,2019,Training,43.11714575,13.41181569
2244,28,沈阳市,Shenyang,2019,Daily service,36.35230173,5.372971499
2245,28,沈阳市,Shenyang,2019,Retail goods,34.16374609,4.79016157
2246,28,沈阳市,Shenyang,2019,Exercise,47.15231788,14.61368653
2247,28,沈阳市,Shenyang,2019,F&B,34.71545114,4.984198535
2248,36,大连市,Dalian,2019,Beauty,40.66712517,12.75790922
2249,36,大连市,Dalian,2019,Entertainment,42.43518215,10.63340991
2250,36,大连市,Dalian,2019,Training,49.10253258,18.28128842
2251,36,大连市,Dalian,2019,Daily service,39.23210379,10.33039149
2252,36,大连市,Dalian,2019,Retail goods,39.56425335,6.384363251
2253,36,大连市,Dalian,2019,Exercise,51.67235495,22.73037543
2254,36,大连市,Dalian,2019,F&B,39.01202238,4.832758005
2255,5,鞍山市,Anshan,2019,Beauty,36.32274389,9.249367444
2256,5,鞍山市,Anshan,2019,Entertainment,38.64836325,10.34846885
2257,5,鞍山市,Anshan,2019,Training,43.95061728,14.9382716
2258,5,鞍山市,Anshan,2019,Daily service,34.89192766,3.131892369
2259,5,鞍山市,Anshan,2019,Retail goods,36.97994612,4.751571386
2260,5,鞍山市,Anshan,2019,Exercise,37.16216216,19.59459459
2261,5,鞍山市,Anshan,2019,F&B,34.06059727,4.138880835
2262,51,抚顺市,Fushun,2019,Beauty,38.75362319,7.246376812
2263,51,抚顺市,Fushun,2019,Entertainment,39.66942149,5.548996458
2264,51,抚顺市,Fushun,2019,Training,42.53812636,9.204793028
2265,51,抚顺市,Fushun,2019,Daily service,32.61594928,1.584918252
2266,51,抚顺市,Fushun,2019,Retail goods,35.96864315,2.70202652
2267,51,抚顺市,Fushun,2019,Exercise,45.83333333,17.12962963
2268,51,抚顺市,Fushun,2019,F&B,33.7646872,2.492854875
2269,19,本溪市,Benxi,2019,Beauty,43.07370622,5.959226346
2270,19,本溪市,Benxi,2019,Entertainment,45.59139785,5.806451613
2271,19,本溪市,Benxi,2019,Training,45.73099415,9.707602339
2272,19,本溪市,Benxi,2019,Daily service,36.90590112,3.189792663
2273,19,本溪市,Benxi,2019,Retail goods,43.49165181,5.21964662
2274,19,本溪市,Benxi,2019,Exercise,54.54545455,10
2275,19,本溪市,Benxi,2019,F&B,38.90138733,4.368203975
2276,39,丹东市,Dandong,2019,Beauty,42.1859545,8.506429278
2277,39,丹东市,Dandong,2019,Entertainment,44.65753425,6.02739726
2278,39,丹东市,Dandong,2019,Training,46.90157959,9.963547995
2279,39,丹东市,Dandong,2019,Daily service,35.13238289,4.251527495
2280,39,丹东市,Dandong,2019,Retail goods,38.88776132,3.60259793
2281,39,丹东市,Dandong,2019,Exercise,44.07894737,17.76315789
2282,39,丹东市,Dandong,2019,F&B,37.95741425,2.218538824
2283,103,锦州市,Jinzhou,2019,Beauty,33.79198705,1.902063942
2284,103,锦州市,Jinzhou,2019,Entertainment,34.25414365,4.143646409
2285,103,锦州市,Jinzhou,2019,Training,33.56535189,4.64037123
2286,103,锦州市,Jinzhou,2019,Daily service,31.29489021,1.662220398
2287,103,锦州市,Jinzhou,2019,Retail goods,34.24762635,5.802244174
2288,103,锦州市,Jinzhou,2019,Exercise,40.83769634,8.90052356
2289,103,锦州市,Jinzhou,2019,F&B,36.38386648,2.169680111
2290,255,营口市,Yingkou,2019,Beauty,30.0281294,1.758087201
2291,255,营口市,Yingkou,2019,Entertainment,25.80645161,9.139784946
2292,255,营口市,Yingkou,2019,Training,33.59683794,8.82740448
2293,255,营口市,Yingkou,2019,Daily service,25.64642213,1.563439567
2294,255,营口市,Yingkou,2019,Retail goods,28.64433394,3.192881445
2295,255,营口市,Yingkou,2019,Exercise,39.80582524,7.766990291
2296,255,营口市,Yingkou,2019,F&B,29.19720768,1.518324607
2297,53,阜新市,Fuxin,2019,Beauty,31.27109111,3.637045369
2298,53,阜新市,Fuxin,2019,Entertainment,34.13533835,2.406015038
2299,53,阜新市,Fuxin,2019,Training,41.73648134,4.036557502
2300,53,阜新市,Fuxin,2019,Daily service,25.63118562,1.07049081
2301,53,阜新市,Fuxin,2019,Retail goods,30.96092128,2.482537285
2302,53,阜新市,Fuxin,2019,Exercise,48.52071006,10.0591716
2303,53,阜新市,Fuxin,2019,F&B,31.41791045,2.711442786
2304,122,辽阳市,Liaoyang,2019,Beauty,29.83404091,1.775376303
2305,122,辽阳市,Liaoyang,2019,Entertainment,32.57403189,2.961275626
2306,122,辽阳市,Liaoyang,2019,Training,41.57681941,3.436657682
2307,122,辽阳市,Liaoyang,2019,Daily service,25.97092213,0.816570404
2308,122,辽阳市,Liaoyang,2019,Retail goods,29.83657445,2.017712042
2309,122,辽阳市,Liaoyang,2019,Exercise,38.85714286,3.428571429
2310,122,辽阳市,Liaoyang,2019,F&B,27.70278956,1.452628873
2311,155,盘锦市,Panjin,2019,Beauty,36.64901664,4.689863843
2312,155,盘锦市,Panjin,2019,Entertainment,33.11111111,5.333333333
2313,155,盘锦市,Panjin,2019,Training,43.67201426,4.634581105
2314,155,盘锦市,Panjin,2019,Daily service,32.74523641,1.976005646
2315,155,盘锦市,Panjin,2019,Retail goods,35.73293547,3.002610966
2316,155,盘锦市,Panjin,2019,Exercise,40.4494382,8.426966292
2317,155,盘锦市,Panjin,2019,F&B,35.20074697,2.552131964
2318,206,铁岭市,Tieling,2019,Beauty,33.7995338,2.447552448
2319,206,铁岭市,Tieling,2019,Entertainment,25.24590164,3.606557377
2320,206,铁岭市,Tieling,2019,Training,36.32416787,5.354558611
2321,206,铁岭市,Tieling,2019,Daily service,25.85943468,1.527883881
2322,206,铁岭市,Tieling,2019,Retail goods,34.56617353,3.758496601
2323,206,铁岭市,Tieling,2019,Exercise,38.1443299,14.43298969
2324,206,铁岭市,Tieling,2019,F&B,31.34186818,1.801801802
2325,25,朝阳市,Chaoyang,2019,Beauty,39.30851064,4.787234043
2326,25,朝阳市,Chaoyang,2019,Entertainment,36.25377644,8.459214502
2327,25,朝阳市,Chaoyang,2019,Training,41.74664107,11.42034549
2328,25,朝阳市,Chaoyang,2019,Daily service,27.78178323,2.667627974
2329,25,朝阳市,Chaoyang,2019,Retail goods,35.44597534,4.858593183
2330,25,朝阳市,Chaoyang,2019,Exercise,37.87878788,17.42424242
2331,25,朝阳市,Chaoyang,2019,F&B,33.83218429,5.549016311
2332,81,葫芦岛市,Huludao,2019,Beauty,33.60230548,3.400576369
2333,81,葫芦岛市,Huludao,2019,Entertainment,34.17190776,3.354297694
2334,81,葫芦岛市,Huludao,2019,Training,34.55445545,4.257425743
2335,81,葫芦岛市,Huludao,2019,Daily service,25.5644952,1.712950947
2336,81,葫芦岛市,Huludao,2019,Retail goods,33.65451753,4.161429968
2337,81,葫芦岛市,Huludao,2019,Exercise,44.89795918,11.56462585
2338,81,葫芦岛市,Huludao,2019,F&B,29.25095681,2.952433024
2339,269,长春市,Changchun,2019,Beauty,37.32610541,7.595846124
2340,269,长春市,Changchun,2019,Entertainment,40.82047116,11.21039805
2341,269,长春市,Changchun,2019,Training,46.47007235,18.91032668
2342,269,长春市,Changchun,2019,Daily service,34.92240528,9.158407954
2343,269,长春市,Changchun,2019,Retail goods,37.02208148,6.622319512
2344,269,长春市,Changchun,2019,Exercise,48.95498392,18.64951768
2345,269,长春市,Changchun,2019,F&B,38.55565726,3.635140941
2346,92,吉林市,Jilin,2019,Beauty,36.0920666,5.313418217
2347,92,吉林市,Jilin,2019,Entertainment,35.66634708,8.245445829
2348,92,吉林市,Jilin,2019,Training,38.26600091,16.84067181
2349,92,吉林市,Jilin,2019,Daily service,34.29007634,3.348600509
2350,92,吉林市,Jilin,2019,Retail goods,39.04971162,5.026091733
2351,92,吉林市,Jilin,2019,Exercise,37.11048159,15.01416431
2352,92,吉林市,Jilin,2019,F&B,39.61796958,2.944817828
2353,191,四平市,Siping,2019,Beauty,33.27348893,3.770197487
2354,191,四平市,Siping,2019,Entertainment,32.53731343,7.462686567
2355,191,四平市,Siping,2019,Training,35.28064147,4.696449026
2356,191,四平市,Siping,2019,Daily service,26.39951055,2.508412359
2357,191,四平市,Siping,2019,Retail goods,32.603004,3.458729503
2358,191,四平市,Siping,2019,Exercise,47.70642202,11.00917431
2359,191,四平市,Siping,2019,F&B,32.80928592,4.349103732
2360,123,辽源市,Liaoyuan,2019,Beauty,38.40749415,6.869633099
2361,123,辽源市,Liaoyuan,2019,Entertainment,43.91891892,10.13513514
2362,123,辽源市,Liaoyuan,2019,Training,34.59119497,8.805031447
2363,123,辽源市,Liaoyuan,2019,Daily service,29.08348457,4.44646098
2364,123,辽源市,Liaoyuan,2019,Retail goods,35.69372481,4.701592784
2365,123,辽源市,Liaoyuan,2019,Exercise,54.76190476,16.66666667
2366,123,辽源市,Liaoyuan,2019,F&B,36.1890042,5.961580923
2367,207,通化市,Tonghua,2019,Beauty,39.95137763,3.889789303
2368,207,通化市,Tonghua,2019,Entertainment,44.03292181,2.469135802
2369,207,通化市,Tonghua,2019,Training,45.99303136,7.839721254
2370,207,通化市,Tonghua,2019,Daily service,36.76929942,2.320392682
2371,207,通化市,Tonghua,2019,Retail goods,42.5976034,3.401623502
2372,207,通化市,Tonghua,2019,Exercise,51.35135135,4.054054054
2373,207,通化市,Tonghua,2019,F&B,42.48785566,1.717557252
2374,9,白山市,Baishan,2019,Beauty,39.72332016,3.063241107
2375,9,白山市,Baishan,2019,Entertainment,35.33834586,3.007518797
2376,9,白山市,Baishan,2019,Training,43.98249453,3.719912473
2377,9,白山市,Baishan,2019,Daily service,33.15217391,1.358695652
2378,9,白山市,Baishan,2019,Retail goods,37.24268689,4.442036836
2379,9,白山市,Baishan,2019,Exercise,43.47826087,10.86956522
2380,9,白山市,Baishan,2019,F&B,38.18827709,3.167554766
2381,192,松原市,Songyuan,2019,Beauty,35.47579299,6.260434057
2382,192,松原市,Songyuan,2019,Entertainment,31.00558659,3.631284916
2383,192,松原市,Songyuan,2019,Training,36.65158371,5.882352941
2384,192,松原市,Songyuan,2019,Daily service,27.82724844,3.806767587
2385,192,松原市,Songyuan,2019,Retail goods,35.30488502,4.141402586
2386,192,松原市,Songyuan,2019,Exercise,34.07821229,8.379888268
2387,192,松原市,Songyuan,2019,F&B,34.87513839,2.817074671
2388,8,白城市,Baicheng,2019,Beauty,39.1776571,8.145849496
2389,8,白城市,Baicheng,2019,Entertainment,31.16438356,5.479452055
2390,8,白城市,Baicheng,2019,Training,53.80434783,10.14492754
2391,8,白城市,Baicheng,2019,Daily service,33.1232493,7.878151261
2392,8,白城市,Baicheng,2019,Retail goods,39.80317941,7.282361847
2393,8,白城市,Baicheng,2019,Exercise,46.75324675,14.28571429
2394,8,白城市,Baicheng,2019,F&B,35.94487446,9.439305267
2395,63,哈尔滨市,Harbin,2019,Beauty,51.35100277,14.14200039
2396,63,哈尔滨市,Harbin,2019,Entertainment,49.21340629,11.73050616
2397,63,哈尔滨市,Harbin,2019,Training,57.51087703,14.96450653
2398,63,哈尔滨市,Harbin,2019,Daily service,45.60997067,7.15542522
2399,63,哈尔滨市,Harbin,2019,Retail goods,46.83267803,6.350371341
2400,63,哈尔滨市,Harbin,2019,Exercise,55.47445255,18.77903119
2401,63,哈尔滨市,Harbin,2019,F&B,47.20577321,6.065343376
2402,162,齐齐哈尔市,Qiqihar,2019,Beauty,45.75342466,5.166340509
2403,162,齐齐哈尔市,Qiqihar,2019,Entertainment,44.62686567,5.223880597
2404,162,齐齐哈尔市,Qiqihar,2019,Training,48.05555556,7.152777778
2405,162,齐齐哈尔市,Qiqihar,2019,Daily service,35.33798022,2.966445129
2406,162,齐齐哈尔市,Qiqihar,2019,Retail goods,40.45371894,4.112910209
2407,162,齐齐哈尔市,Qiqihar,2019,Exercise,47.46835443,12.02531646
2408,162,齐齐哈尔市,Qiqihar,2019,F&B,42.49871992,3.370882403
2409,90,鸡西市,Jixi,2019,Beauty,44.40433213,5.776173285
2410,90,鸡西市,Jixi,2019,Entertainment,39.53488372,3.488372093
2411,90,鸡西市,Jixi,2019,Training,49.75922953,5.296950241
2412,90,鸡西市,Jixi,2019,Daily service,37.34082397,1.835205993
2413,90,鸡西市,Jixi,2019,Retail goods,39.64244073,2.720559658
2414,90,鸡西市,Jixi,2019,Exercise,50,6.976744186
2415,90,鸡西市,Jixi,2019,F&B,36.74499903,2.95202952
2416,74,鹤岗市,Hegang,2019,Beauty,37.99682035,4.054054054
2417,74,鹤岗市,Hegang,2019,Entertainment,39.59390863,3.553299492
2418,74,鹤岗市,Hegang,2019,Training,39.90825688,7.951070336
2419,74,鹤岗市,Hegang,2019,Daily service,30.49839963,1.828989483
2420,74,鹤岗市,Hegang,2019,Retail goods,38.77747782,4.030080987
2421,74,鹤岗市,Hegang,2019,Exercise,50,20
2422,74,鹤岗市,Hegang,2019,F&B,36.25,4.75
2423,189,双鸭山市,Shuangyashan,2019,Beauty,36.875,6.696428571
2424,189,双鸭山市,Shuangyashan,2019,Entertainment,37,5.5
2425,189,双鸭山市,Shuangyashan,2019,Training,45.06802721,4.591836735
2426,189,双鸭山市,Shuangyashan,2019,Daily service,34.52848723,1.768172888
2427,189,双鸭山市,Shuangyashan,2019,Retail goods,37.79781069,6.396222365
2428,189,双鸭山市,Shuangyashan,2019,Exercise,30.3030303,6.060606061
2429,189,双鸭山市,Shuangyashan,2019,F&B,32.72555056,2.912621359
2430,37,大庆市,Daqing,2019,Beauty,37.26750085,8.116334122
2431,37,大庆市,Daqing,2019,Entertainment,38.58064516,8.258064516
2432,37,大庆市,Daqing,2019,Training,40.49509575,14.19897244
2433,37,大庆市,Daqing,2019,Daily service,35.32470406,3.783604381
2434,37,大庆市,Daqing,2019,Retail goods,42.50925662,4.656792936
2435,37,大庆市,Daqing,2019,Exercise,36.87315634,13.86430678
2436,37,大庆市,Daqing,2019,F&B,39.16286149,4.642313546
2437,248,伊春市,Yichun,2019,Beauty,42.93706294,1.538461538
2438,248,伊春市,Yichun,2019,Entertainment,39.18918919,2.027027027
2439,248,伊春市,Yichun,2019,Training,45.21452145,3.96039604
2440,248,伊春市,Yichun,2019,Daily service,36.1230329,1.072961373
2441,248,伊春市,Yichun,2019,Retail goods,42.61411965,2.495038276
2442,248,伊春市,Yichun,2019,Exercise,38.63636364,11.36363636
2443,248,伊春市,Yichun,2019,F&B,38.8022679,4.429482636
2444,95,佳木斯市,Jiamusi,2019,Beauty,44.55810147,5.687397709
2445,95,佳木斯市,Jiamusi,2019,Entertainment,37.995338,4.895104895
2446,95,佳木斯市,Jiamusi,2019,Training,46.82034976,11.92368839
2447,95,佳木斯市,Jiamusi,2019,Daily service,36.87611408,5.124777184
2448,95,佳木斯市,Jiamusi,2019,Retail goods,40.43302048,5.727389078
2449,95,佳木斯市,Jiamusi,2019,Exercise,44.59459459,9.459459459
2450,95,佳木斯市,Jiamusi,2019,F&B,41.29455141,2.222449816
2451,161,七台河市,Qitaihe,2019,Beauty,43.79414733,7.164480323
2452,161,七台河市,Qitaihe,2019,Entertainment,33.68421053,5.263157895
2453,161,七台河市,Qitaihe,2019,Training,43.32723949,3.65630713
2454,161,七台河市,Qitaihe,2019,Daily service,35.96318212,4.404996713
2455,161,七台河市,Qitaihe,2019,Retail goods,44.30599826,4.056795132
2456,161,七台河市,Qitaihe,2019,Exercise,41.66666667,10
2457,161,七台河市,Qitaihe,2019,F&B,39.43833944,6.501831502
2458,143,牡丹江市,Mudanjiang,2019,Beauty,41.81743421,10.9375
2459,143,牡丹江市,Mudanjiang,2019,Entertainment,39.84063745,5.179282869
2460,143,牡丹江市,Mudanjiang,2019,Training,41.59566228,14.17505809
2461,143,牡丹江市,Mudanjiang,2019,Daily service,35.28594122,3.395552025
2462,143,牡丹江市,Mudanjiang,2019,Retail goods,39.97037664,4.062632247
2463,143,牡丹江市,Mudanjiang,2019,Exercise,50.39370079,22.04724409
2464,143,牡丹江市,Mudanjiang,2019,F&B,37.77263077,2.055587724
2465,75,黑河市,Heihe,2019,Beauty,42.73648649,6.587837838
2466,75,黑河市,Heihe,2019,Entertainment,40.78947368,9.210526316
2467,75,黑河市,Heihe,2019,Training,45.36082474,5.670103093
2468,75,黑河市,Heihe,2019,Daily service,36.45461044,1.929949964
2469,75,黑河市,Heihe,2019,Retail goods,42.79098487,2.747761655
2470,75,黑河市,Heihe,2019,Exercise,43.58974359,5.128205128
2471,75,黑河市,Heihe,2019,F&B,36.19909502,2.362996481
2472,196,绥化市,Suihua,2019,Beauty,44.32176656,8.280757098
2473,196,绥化市,Suihua,2019,Entertainment,40.53030303,6.060606061
2474,196,绥化市,Suihua,2019,Training,46.21309371,3.080872914
2475,196,绥化市,Suihua,2019,Daily service,35.84348468,1.070505722
2476,196,绥化市,Suihua,2019,Retail goods,40.57848444,3.078484438
2477,196,绥化市,Suihua,2019,Exercise,41.46341463,7.317073171
2478,196,绥化市,Suihua,2019,F&B,36.5559473,3.618482093
2479,180,上海市,Shanghai,2019,Beauty,39.815583,19.66719606
2480,180,上海市,Shanghai,2019,Entertainment,48.18773686,28.41317656
2481,180,上海市,Shanghai,2019,Training,59.96924287,37.19824041
2482,180,上海市,Shanghai,2019,Daily service,43.55171273,18.22100413
2483,180,上海市,Shanghai,2019,Retail goods,36.59332335,12.07271903
2484,180,上海市,Shanghai,2019,Exercise,60.01475082,27.56295438
2485,180,上海市,Shanghai,2019,F&B,36.39672284,9.325648138
2486,146,南京市,Nanjing,2019,Beauty,47.15017696,24.61042734
2487,146,南京市,Nanjing,2019,Entertainment,48.14967955,18.60657432
2488,146,南京市,Nanjing,2019,Training,60.47456008,35.0266741
2489,146,南京市,Nanjing,2019,Daily service,44.92602726,14.43376353
2490,146,南京市,Nanjing,2019,Retail goods,39.5565249,9.424936387
2491,146,南京市,Nanjing,2019,Exercise,65.35105941,32.19775654
2492,146,南京市,Nanjing,2019,F&B,42.01314515,6.066429976
2493,220,无锡市,Wuxi,2019,Beauty,39.26698262,11.43127962
2494,220,无锡市,Wuxi,2019,Entertainment,44.96350365,14.24817518
2495,220,无锡市,Wuxi,2019,Training,49.34993084,26.79114799
2496,220,无锡市,Wuxi,2019,Daily service,39.09915629,8.693697268
2497,220,无锡市,Wuxi,2019,Retail goods,37.73243606,4.852379386
2498,220,无锡市,Wuxi,2019,Exercise,53.12075984,26.05156038
2499,220,无锡市,Wuxi,2019,F&B,38.43112388,3.424223209
2500,238,徐州市,Xuzhou,2019,Beauty,44.89350783,18.98896587
2501,238,徐州市,Xuzhou,2019,Entertainment,45.0310559,18.24534161
2502,238,徐州市,Xuzhou,2019,Training,52.32938292,28.76992235
2503,238,徐州市,Xuzhou,2019,Daily service,35.00795496,8.934035002
2504,238,徐州市,Xuzhou,2019,Retail goods,36.42281463,4.463732176
2505,238,徐州市,Xuzhou,2019,Exercise,55.58867362,27.27272727
2506,238,徐州市,Xuzhou,2019,F&B,40.66587396,3.715814507
2507,24,常州市,Changzhou,2019,Beauty,33.33615508,9.988995175
2508,24,常州市,Changzhou,2019,Entertainment,35.86956522,12.69762846
2509,24,常州市,Changzhou,2019,Training,41.07328934,23.39353942
2510,24,常州市,Changzhou,2019,Daily service,33.80062881,7.778805252
2511,24,常州市,Changzhou,2019,Retail goods,30.17789182,4.244949973
2512,24,常州市,Changzhou,2019,Exercise,45.57739558,32.30958231
2513,24,常州市,Changzhou,2019,F&B,31.45721773,3.133189017
2514,193,苏州市,Suzhou,2019,Beauty,45.18328289,13.17068697
2515,193,苏州市,Suzhou,2019,Entertainment,48.81853984,14.55619509
2516,193,苏州市,Suzhou,2019,Training,53.356866,28.68909192
2517,193,苏州市,Suzhou,2019,Daily service,41.23235173,8.966756963
2518,193,苏州市,Suzhou,2019,Retail goods,40.79352963,5.338756388
2519,193,苏州市,Suzhou,2019,Exercise,55.30328702,31.71806167
2520,193,苏州市,Suzhou,2019,F&B,40.13438865,3.85716627
2521,149,南通市,Nantong,2019,Beauty,37.65088838,10.2129391
2522,149,南通市,Nantong,2019,Entertainment,38.09924306,17.66190076
2523,149,南通市,Nantong,2019,Training,45.39102392,28.37946788
2524,149,南通市,Nantong,2019,Daily service,32.77751056,9.37950938
2525,149,南通市,Nantong,2019,Retail goods,34.23483584,5.041736227
2526,149,南通市,Nantong,2019,Exercise,47.14086471,27.75453278
2527,149,南通市,Nantong,2019,F&B,36.51746725,5.248572388
2528,121,连云港市,Lianyungang,2019,Beauty,35.60454242,8.784235137
2529,121,连云港市,Lianyungang,2019,Entertainment,41.50579151,13.32046332
2530,121,连云港市,Lianyungang,2019,Training,43.54285714,18.11428571
2531,121,连云港市,Lianyungang,2019,Daily service,32.68867925,8.773584906
2532,121,连云港市,Lianyungang,2019,Retail goods,34.84946935,4.180203595
2533,121,连云港市,Lianyungang,2019,Exercise,39.01098901,21.42857143
2534,121,连云港市,Lianyungang,2019,F&B,33.85585753,2.875428995
2535,83,淮安市,Huai'an,2019,Beauty,36.13910294,4.524797471
2536,83,淮安市,Huai'an,2019,Entertainment,35.17786561,7.90513834
2537,83,淮安市,Huai'an,2019,Training,40.32197679,13.55297641
2538,83,淮安市,Huai'an,2019,Daily service,28.68432114,3.892391761
2539,83,淮安市,Huai'an,2019,Retail goods,32.21616749,2.351784324
2540,83,淮安市,Huai'an,2019,Exercise,48.29545455,23.86363636
2541,83,淮安市,Huai'an,2019,F&B,34.25756434,2.417357597
2542,244,盐城市,Yancheng,2019,Beauty,43.40677409,12.06839855
2543,244,盐城市,Yancheng,2019,Entertainment,40.97859327,14.22018349
2544,244,盐城市,Yancheng,2019,Training,45.90341834,26.96690179
2545,244,盐城市,Yancheng,2019,Daily service,36.40839292,9.295510491
2546,244,盐城市,Yancheng,2019,Retail goods,36.81607419,3.766099948
2547,244,盐城市,Yancheng,2019,Exercise,49.42528736,31.80076628
2548,244,盐城市,Yancheng,2019,F&B,41.876022,5.262375502
2549,245,扬州市,Yangzhou,2019,Beauty,41.4873616,7.666597034
2550,245,扬州市,Yangzhou,2019,Entertainment,42.32415902,6.23853211
2551,245,扬州市,Yangzhou,2019,Training,48.55704698,23.99328859
2552,245,扬州市,Yangzhou,2019,Daily service,35.14661112,6.248998558
2553,245,扬州市,Yangzhou,2019,Retail goods,36.18426384,3.419495989
2554,245,扬州市,Yangzhou,2019,Exercise,50,17.54385965
2555,245,扬州市,Yangzhou,2019,F&B,37.61845164,4.124202873
2556,274,镇江市,Zhenjiang,2019,Beauty,35.8173785,11.28129602
2557,274,镇江市,Zhenjiang,2019,Entertainment,39.94334278,13.03116147
2558,274,镇江市,Zhenjiang,2019,Training,43.20855615,21.76470588
2559,274,镇江市,Zhenjiang,2019,Daily service,31.6730176,7.07675558
2560,274,镇江市,Zhenjiang,2019,Retail goods,33.7557335,3.828811319
2561,274,镇江市,Zhenjiang,2019,Exercise,50.34722222,23.26388889
2562,274,镇江市,Zhenjiang,2019,F&B,32.71185343,4.648151745
2563,202,泰州市,Taizhou,2019,Beauty,27.87418655,6.507592191
2564,202,泰州市,Taizhou,2019,Entertainment,29.28257687,10.39531479
2565,202,泰州市,Taizhou,2019,Training,29.92081448,14.47963801
2566,202,泰州市,Taizhou,2019,Daily service,22.89681735,4.490168255
2567,202,泰州市,Taizhou,2019,Retail goods,24.01141459,2.45051411
2568,202,泰州市,Taizhou,2019,Exercise,38.48920863,17.62589928
2569,202,泰州市,Taizhou,2019,F&B,26.67518989,4.986087087
2570,194,宿迁市,Suqian,2019,Beauty,28.31071596,5.942910622
2571,194,宿迁市,Suqian,2019,Entertainment,34.81228669,5.802047782
2572,194,宿迁市,Suqian,2019,Training,30.87557604,15.94470046
2573,194,宿迁市,Suqian,2019,Daily service,23.51154313,4.480558931
2574,194,宿迁市,Suqian,2019,Retail goods,26.18671544,2.868068834
2575,194,宿迁市,Suqian,2019,Exercise,41.95402299,17.81609195
2576,194,宿迁市,Suqian,2019,F&B,28.11907682,2.887724384
2577,68,杭州市,Hangzhou,2019,Beauty,45.36256324,19.53906689
2578,68,杭州市,Hangzhou,2019,Entertainment,47.52878654,28.60938884
2579,68,杭州市,Hangzhou,2019,Training,54,33.28919861
2580,68,杭州市,Hangzhou,2019,Daily service,44.06927413,15.44332733
2581,68,杭州市,Hangzhou,2019,Retail goods,40.72961158,10.80749711
2582,68,杭州市,Hangzhou,2019,Exercise,61.352657,33.81642512
2583,68,杭州市,Hangzhou,2019,F&B,43.06574123,8.424567837
2584,152,宁波市,Ningbo,2019,Beauty,37.01078275,12.80950479
2585,152,宁波市,Ningbo,2019,Entertainment,39.76319684,15.49087321
2586,152,宁波市,Ningbo,2019,Training,51.20756629,27.39402128
2587,152,宁波市,Ningbo,2019,Daily service,36.95747131,12.67918834
2588,152,宁波市,Ningbo,2019,Retail goods,36.10713105,6.405819464
2589,152,宁波市,Ningbo,2019,Exercise,55.74229692,29.41176471
2590,152,宁波市,Ningbo,2019,F&B,35.22455488,4.285144831
2591,216,温州市,Wenzhou,2019,Beauty,37.91751311,7.355789673
2592,216,温州市,Wenzhou,2019,Entertainment,40.0886918,19.60088692
2593,216,温州市,Wenzhou,2019,Training,45.84110904,25.6864836
2594,216,温州市,Wenzhou,2019,Daily service,33.75045188,6.515391674
2595,216,温州市,Wenzhou,2019,Retail goods,37.36081893,3.535749179
2596,216,温州市,Wenzhou,2019,Exercise,50.08547009,32.99145299
2597,216,温州市,Wenzhou,2019,F&B,31.67084017,2.288230723
2598,96,嘉兴市,Jiaxing,2019,Beauty,32.21595966,15.30703055
2599,96,嘉兴市,Jiaxing,2019,Entertainment,35.5530474,18.17155756
2600,96,嘉兴市,Jiaxing,2019,Training,40.34761018,31.16076971
2601,96,嘉兴市,Jiaxing,2019,Daily service,33.59456033,13.74899159
2602,96,嘉兴市,Jiaxing,2019,Retail goods,32.0530684,8.287393227
2603,96,嘉兴市,Jiaxing,2019,Exercise,50.14164306,36.54390935
2604,96,嘉兴市,Jiaxing,2019,F&B,28.22055551,5.200692327
2605,80,湖州市,Huzhou,2019,Beauty,35.21959459,17.73648649
2606,80,湖州市,Huzhou,2019,Entertainment,40.23255814,17.20930233
2607,80,湖州市,Huzhou,2019,Training,38.87240356,28.18991098
2608,80,湖州市,Huzhou,2019,Daily service,30.59059633,12.78669725
2609,80,湖州市,Huzhou,2019,Retail goods,31.27734651,8.906139732
2610,80,湖州市,Huzhou,2019,Exercise,50.43478261,33.91304348
2611,80,湖州市,Huzhou,2019,F&B,33.07860262,7.345601996
2612,184,绍兴市,Shaoxing,2019,Beauty,37.07865169,12.25421348
2613,184,绍兴市,Shaoxing,2019,Entertainment,35.50651956,16.64994985
2614,184,绍兴市,Shaoxing,2019,Training,45.73929065,29.06494703
2615,184,绍兴市,Shaoxing,2019,Daily service,33.87860844,9.385640266
2616,184,绍兴市,Shaoxing,2019,Retail goods,36.11294821,8.016792708
2617,184,绍兴市,Shaoxing,2019,Exercise,51,35.2
2618,184,绍兴市,Shaoxing,2019,F&B,32.3903333,3.722368572
2619,102,金华市,Jinhua,2019,Beauty,30.93447905,12.96992481
2620,102,金华市,Jinhua,2019,Entertainment,35.23956723,13.60123648
2621,102,金华市,Jinhua,2019,Training,40.22646007,28.06912992
2622,102,金华市,Jinhua,2019,Daily service,26.9283937,10.32623721
2623,102,金华市,Jinhua,2019,Retail goods,28.48688635,5.447209146
2624,102,金华市,Jinhua,2019,Exercise,47.84482759,24.13793103
2625,102,金华市,Jinhua,2019,F&B,35.7149096,2.969691676
2626,169,衢州市,Quzhou,2019,Beauty,31.05590062,6.211180124
2627,169,衢州市,Quzhou,2019,Entertainment,40.98939929,16.60777385
2628,169,衢州市,Quzhou,2019,Training,39.07284768,20.52980132
2629,169,衢州市,Quzhou,2019,Daily service,29.27657874,6.155075939
2630,169,衢州市,Quzhou,2019,Retail goods,29.91308035,4.038583846
2631,169,衢州市,Quzhou,2019,Exercise,38.46153846,23.77622378
2632,169,衢州市,Quzhou,2019,F&B,35.1556568,4.844343204
2633,279,舟山市,Zhoushan,2019,Beauty,48.1920904,9.491525424
2634,279,舟山市,Zhoushan,2019,Entertainment,46.79665738,21.16991643
2635,279,舟山市,Zhoushan,2019,Training,51.57728707,30.75709779
2636,279,舟山市,Zhoushan,2019,Daily service,37.80213603,10.34288926
2637,279,舟山市,Zhoushan,2019,Retail goods,38.44782505,2.353220822
2638,279,舟山市,Zhoushan,2019,Exercise,54.23728814,43.22033898
2639,279,舟山市,Zhoushan,2019,F&B,35.55875472,3.85099874
2640,199,台州市,Taizhou,2019,Beauty,35.0747613,8.034588362
2641,199,台州市,Taizhou,2019,Entertainment,35.66666667,19.44444444
2642,199,台州市,Taizhou,2019,Training,39.7469459,23.03664921
2643,199,台州市,Taizhou,2019,Daily service,32.21307926,8.514508445
2644,199,台州市,Taizhou,2019,Retail goods,30.92221331,3.647153168
2645,199,台州市,Taizhou,2019,Exercise,49.3902439,30.48780488
2646,199,台州市,Taizhou,2019,F&B,29.30579965,3.866432337
2647,120,丽水市,Lishui,2019,Beauty,37.97169811,8.097484277
2648,120,丽水市,Lishui,2019,Entertainment,42.39631336,15.66820276
2649,120,丽水市,Lishui,2019,Training,44.42307692,23.65384615
2650,120,丽水市,Lishui,2019,Daily service,30.14145811,6.855277476
2651,120,丽水市,Lishui,2019,Retail goods,36.42450619,4.469367258
2652,120,丽水市,Lishui,2019,Exercise,50,26.25
2653,120,丽水市,Lishui,2019,F&B,39.55794257,2.354885354
2654,69,合肥市,Hefei,2019,Beauty,41.96230312,18.47146915
2655,69,合肥市,Hefei,2019,Entertainment,44.68775345,21.81670722
2656,69,合肥市,Hefei,2019,Training,51.22273629,35.133604
2657,69,合肥市,Hefei,2019,Daily service,37.90016875,14.46843894
2658,69,合肥市,Hefei,2019,Retail goods,36.35072223,7.800391004
2659,69,合肥市,Hefei,2019,Exercise,59.42992874,40.19002375
2660,69,合肥市,Hefei,2019,F&B,40.26039059,6.774223836
2661,222,芜湖市,Wuhu,2019,Beauty,42.17473287,13.82778127
2662,222,芜湖市,Wuhu,2019,Entertainment,42.81045752,16.88453159
2663,222,芜湖市,Wuhu,2019,Training,48.65188736,36.78849611
2664,222,芜湖市,Wuhu,2019,Daily service,36.84577809,11.34682484
2665,222,芜湖市,Wuhu,2019,Retail goods,37.19145093,5.877483444
2666,222,芜湖市,Wuhu,2019,Exercise,55.52560647,33.96226415
2667,222,芜湖市,Wuhu,2019,F&B,41.05945294,5.078743124
2668,12,蚌埠市,Bengbu,2019,Beauty,39.19860627,10.85946574
2669,12,蚌埠市,Bengbu,2019,Entertainment,43.09392265,12.70718232
2670,12,蚌埠市,Bengbu,2019,Training,45.26046114,26.8146883
2671,12,蚌埠市,Bengbu,2019,Daily service,30.41462445,6.305470923
2672,12,蚌埠市,Bengbu,2019,Retail goods,32.88353616,3.821174097
2673,12,蚌埠市,Bengbu,2019,Exercise,52.29357798,29.81651376
2674,12,蚌埠市,Bengbu,2019,F&B,37.21306858,4.245880862
2675,85,淮南市,Huainan,2019,Beauty,41.58415842,5.500550055
2676,85,淮南市,Huainan,2019,Entertainment,39.60573477,7.885304659
2677,85,淮南市,Huainan,2019,Training,43.88435878,11.63825056
2678,85,淮南市,Huainan,2019,Daily service,30.59770827,3.886652214
2679,85,淮南市,Huainan,2019,Retail goods,37.59002284,2.728496985
2680,85,淮南市,Huainan,2019,Exercise,54.70588235,22.94117647
2681,85,淮南市,Huainan,2019,F&B,37.69352569,2.331104856
2682,138,马鞍山市,Maanshan,2019,Beauty,38.26484018,9.086757991
2683,138,马鞍山市,Maanshan,2019,Entertainment,38.49056604,9.622641509
2684,138,马鞍山市,Maanshan,2019,Training,41.08956602,17.35918744
2685,138,马鞍山市,Maanshan,2019,Daily service,29.45650158,5.490632536
2686,138,马鞍山市,Maanshan,2019,Retail goods,30.9951624,2.833448514
2687,138,马鞍山市,Maanshan,2019,Exercise,42.25352113,25.35211268
2688,138,马鞍山市,Maanshan,2019,F&B,34.05569401,2.773864991
2689,84,淮北市,Huaibei,2019,Beauty,32.90877797,8.227194492
2690,84,淮北市,Huaibei,2019,Entertainment,31.99052133,10.42654028
2691,84,淮北市,Huaibei,2019,Training,36.66312434,16.79064825
2692,84,淮北市,Huaibei,2019,Daily service,22.47403211,2.927289896
2693,84,淮北市,Huaibei,2019,Retail goods,27.09497207,1.68419323
2694,84,淮北市,Huaibei,2019,Exercise,30.4,13.6
2695,84,淮北市,Huaibei,2019,F&B,29.98804158,2.47447337
2696,210,铜陵市,Tongling,2019,Beauty,41.14649682,8.025477707
2697,210,铜陵市,Tongling,2019,Entertainment,42.30769231,17.58241758
2698,210,铜陵市,Tongling,2019,Training,47.61146497,29.29936306
2699,210,铜陵市,Tongling,2019,Daily service,30.51388446,8.905202681
2700,210,铜陵市,Tongling,2019,Retail goods,32.82873256,4.46720095
2701,210,铜陵市,Tongling,2019,Exercise,43.24324324,36.03603604
2702,210,铜陵市,Tongling,2019,F&B,36.06036537,8.578236696
2703,2,安庆市,Anqing,2019,Beauty,37.00534759,5.882352941
2704,2,安庆市,Anqing,2019,Entertainment,38.66943867,13.30561331
2705,2,安庆市,Anqing,2019,Training,42.33333333,22.44444444
2706,2,安庆市,Anqing,2019,Daily service,30.94054054,4.886486486
2707,2,安庆市,Anqing,2019,Retail goods,39.04771293,4.54455836
2708,2,安庆市,Anqing,2019,Exercise,59.3220339,28.81355932
2709,2,安庆市,Anqing,2019,F&B,38.24215001,4.648292884
2710,87,黄山市,Huangshan,2019,Beauty,39.00497512,5.870646766
2711,87,黄山市,Huangshan,2019,Entertainment,43.09392265,12.70718232
2712,87,黄山市,Huangshan,2019,Training,44.345898,12.19512195
2713,87,黄山市,Huangshan,2019,Daily service,32.67973856,5.15995872
2714,87,黄山市,Huangshan,2019,Retail goods,33.37304542,2.799702159
2715,87,黄山市,Huangshan,2019,Exercise,45.16129032,26.88172043
2716,87,黄山市,Huangshan,2019,F&B,40.37946429,2.232142857
2717,34,滁州市,Chuzhou,2019,Beauty,37.2361809,7.43718593
2718,34,滁州市,Chuzhou,2019,Entertainment,36.11111111,10.25641026
2719,34,滁州市,Chuzhou,2019,Training,46.17449664,21.87919463
2720,34,滁州市,Chuzhou,2019,Daily service,29.96137576,3.935994114
2721,34,滁州市,Chuzhou,2019,Retail goods,35.19717481,4.002354326
2722,34,滁州市,Chuzhou,2019,Exercise,42.24137931,25
2723,34,滁州市,Chuzhou,2019,F&B,34.53935961,3.444688475
2724,54,阜阳市,Fuyang,2019,Beauty,42.3100304,9.848024316
2725,54,阜阳市,Fuyang,2019,Entertainment,36.8956743,13.48600509
2726,54,阜阳市,Fuyang,2019,Training,42.15784216,25.17482517
2727,54,阜阳市,Fuyang,2019,Daily service,32.68134915,5.559833667
2728,54,阜阳市,Fuyang,2019,Retail goods,36.75740115,3.881051725
2729,54,阜阳市,Fuyang,2019,Exercise,39.63963964,27.92792793
2730,54,阜阳市,Fuyang,2019,F&B,36.66369313,3.105993026
2731,195,宿州市,Suzhou,2019,Beauty,34.58914269,10.67932364
2732,195,宿州市,Suzhou,2019,Entertainment,35.09933775,11.25827815
2733,195,宿州市,Suzhou,2019,Training,37.93939394,18.90909091
2734,195,宿州市,Suzhou,2019,Daily service,24.15127529,3.201407212
2735,195,宿州市,Suzhou,2019,Retail goods,29.82370225,2.122102514
2736,195,宿州市,Suzhou,2019,Exercise,34.01360544,25.85034014
2737,195,宿州市,Suzhou,2019,F&B,31.28233971,2.643419573
2738,129,六安市,Lu'an,2019,Beauty,33.96715644,6.179775281
2739,129,六安市,Lu'an,2019,Entertainment,33.26612903,11.69354839
2740,129,六安市,Lu'an,2019,Training,34.72070099,14.45783133
2741,129,六安市,Lu'an,2019,Daily service,29.32371506,5.987376014
2742,129,六安市,Lu'an,2019,Retail goods,33.12416332,3.204484605
2743,129,六安市,Lu'an,2019,Exercise,50,35.07462687
2744,129,六安市,Lu'an,2019,F&B,31.58696671,3.293483357
2745,21,亳州市,Bozhou,2019,Beauty,31.88559322,7.521186441
2746,21,亳州市,Bozhou,2019,Entertainment,28.43137255,7.516339869
2747,21,亳州市,Bozhou,2019,Training,35.05654281,13.40872375
2748,21,亳州市,Bozhou,2019,Daily service,26.02442334,3.256445047
2749,21,亳州市,Bozhou,2019,Retail goods,28.82104274,1.390324096
2750,21,亳州市,Bozhou,2019,Exercise,25.80645161,17.20430108
2751,21,亳州市,Bozhou,2019,F&B,27.85963032,2.263594964
2752,31,池州市,Chizhou,2019,Beauty,34.3832021,8.748906387
2753,31,池州市,Chizhou,2019,Entertainment,32.23684211,21.71052632
2754,31,池州市,Chizhou,2019,Training,41.11675127,32.48730964
2755,31,池州市,Chizhou,2019,Daily service,29.69596002,9.620991254
2756,31,池州市,Chizhou,2019,Retail goods,31.89920098,2.904118009
2757,31,池州市,Chizhou,2019,Exercise,43.66197183,33.8028169
2758,31,池州市,Chizhou,2019,F&B,33.8281063,5.506344266
2759,240,宣城市,Xuancheng,2019,Beauty,38.125,7.604166667
2760,240,宣城市,Xuancheng,2019,Entertainment,35.57312253,11.46245059
2761,240,宣城市,Xuancheng,2019,Training,38.04347826,19.29347826
2762,240,宣城市,Xuancheng,2019,Daily service,25.53107789,5.782848151
2763,240,宣城市,Xuancheng,2019,Retail goods,31.93427398,2.946954813
2764,240,宣城市,Xuancheng,2019,Exercise,37.73584906,30.18867925
2765,240,宣城市,Xuancheng,2019,F&B,29.44349801,2.214650767
2766,50,福州市,Fuzhou,2019,Beauty,43.18268497,19.1266209
2767,50,福州市,Fuzhou,2019,Entertainment,52.72846811,25.8382643
2768,50,福州市,Fuzhou,2019,Training,55.09340853,37.3105393
2769,50,福州市,Fuzhou,2019,Daily service,42.6599515,15.78063794
2770,50,福州市,Fuzhou,2019,Retail goods,38.45076621,7.790181251
2771,50,福州市,Fuzhou,2019,Exercise,58.11606392,36.92178301
2772,50,福州市,Fuzhou,2019,F&B,39.08195708,5.731696547
2773,175,厦门市,Xiamen,2019,Beauty,46.3506545,16.51130504
2774,175,厦门市,Xiamen,2019,Entertainment,54.91105955,25.75406032
2775,175,厦门市,Xiamen,2019,Training,54.66604245,33.4113608
2776,175,厦门市,Xiamen,2019,Daily service,44.49200783,20.02823444
2777,175,厦门市,Xiamen,2019,Retail goods,41.79839453,10.8110539
2778,175,厦门市,Xiamen,2019,Exercise,58.59649123,38.10526316
2779,175,厦门市,Xiamen,2019,F&B,43.1211636,4.730451027
2780,159,莆田市,Putian,2019,Beauty,34.56480902,11.39636819
2781,159,莆田市,Putian,2019,Entertainment,39.07563025,19.74789916
2782,159,莆田市,Putian,2019,Training,38.79093199,23.04785894
2783,159,莆田市,Putian,2019,Daily service,34.7083926,9.189189189
2784,159,莆田市,Putian,2019,Retail goods,32.88019646,3.525697246
2785,159,莆田市,Putian,2019,Exercise,42.03821656,31.21019108
2786,159,莆田市,Putian,2019,F&B,31.6947909,2.555637075
2787,173,三明市,Sanming,2019,Beauty,50.23696682,18.00947867
2788,173,三明市,Sanming,2019,Entertainment,55.90551181,29.13385827
2789,173,三明市,Sanming,2019,Training,52.74151436,28.19843342
2790,173,三明市,Sanming,2019,Daily service,41.45052834,10.56676273
2791,173,三明市,Sanming,2019,Retail goods,39.14757792,6.609087495
2792,173,三明市,Sanming,2019,Exercise,66.07142857,28.57142857
2793,173,三明市,Sanming,2019,F&B,44.6179129,7.203505889
2794,170,泉州市,Quanzhou,2019,Beauty,35.94574228,9.28786737
2795,170,泉州市,Quanzhou,2019,Entertainment,40.78374456,18.43251089
2796,170,泉州市,Quanzhou,2019,Training,49.36386768,25.74600972
2797,170,泉州市,Quanzhou,2019,Daily service,34.04297811,7.585077488
2798,170,泉州市,Quanzhou,2019,Retail goods,35.26773531,4.487369633
2799,170,泉州市,Quanzhou,2019,Exercise,51.42857143,35.18796992
2800,170,泉州市,Quanzhou,2019,F&B,33.89060432,2.9201588
2801,268,漳州市,Zhangzhou,2019,Beauty,35.25449102,8.907185629
2802,268,漳州市,Zhangzhou,2019,Entertainment,40.10025063,13.28320802
2803,268,漳州市,Zhangzhou,2019,Training,44.99618029,23.45301757
2804,268,漳州市,Zhangzhou,2019,Daily service,31.7132116,6.055316864
2805,268,漳州市,Zhangzhou,2019,Retail goods,32.11642146,2.206890249
2806,268,漳州市,Zhangzhou,2019,Exercise,48.25174825,30.41958042
2807,268,漳州市,Zhangzhou,2019,F&B,30.97930305,1.950671163
2808,148,南平市,Nanping,2019,Beauty,47.2698908,21.06084243
2809,148,南平市,Nanping,2019,Entertainment,56.15384615,22.30769231
2810,148,南平市,Nanping,2019,Training,61.15384615,31.53846154
2811,148,南平市,Nanping,2019,Daily service,41.72569221,11.07533806
2812,148,南平市,Nanping,2019,Retail goods,43.61830952,4.456284815
2813,148,南平市,Nanping,2019,Exercise,57.69230769,38.46153846
2814,148,南平市,Nanping,2019,F&B,41.35338346,7.560568087
2815,131,龙岩市,Longyan,2019,Beauty,42.34813084,10.68925234
2816,131,龙岩市,Longyan,2019,Entertainment,41.84100418,21.75732218
2817,131,龙岩市,Longyan,2019,Training,50.18541409,33.49814586
2818,131,龙岩市,Longyan,2019,Daily service,35.70927787,9.301238607
2819,131,龙岩市,Longyan,2019,Retail goods,37.76172625,3.986467953
2820,131,龙岩市,Longyan,2019,Exercise,59.05511811,35.43307087
2821,131,龙岩市,Longyan,2019,F&B,37.71186441,2.997489014
2822,153,宁德市,Ningde,2019,Beauty,45.97233523,15.86655818
2823,153,宁德市,Ningde,2019,Entertainment,42.62295082,33.60655738
2824,153,宁德市,Ningde,2019,Training,51.05882353,30.82352941
2825,153,宁德市,Ningde,2019,Daily service,38.37882548,11.00082713
2826,153,宁德市,Ningde,2019,Retail goods,37.94033373,4.584527221
2827,153,宁德市,Ningde,2019,Exercise,67.39130435,33.69565217
2828,153,宁德市,Ningde,2019,F&B,39.67534018,5.013129625
2829,144,南昌市,Nanchang,2019,Beauty,38.07685063,11.96082125
2830,144,南昌市,Nanchang,2019,Entertainment,43.53049908,15.29574861
2831,144,南昌市,Nanchang,2019,Training,51.04905893,19.28417155
2832,144,南昌市,Nanchang,2019,Daily service,37.50366369,7.545115773
2833,144,南昌市,Nanchang,2019,Retail goods,35.56377738,4.360643413
2834,144,南昌市,Nanchang,2019,Exercise,56.32554392,30.1369863
2835,144,南昌市,Nanchang,2019,F&B,39.05688845,4.71768281
2836,108,景德镇市,Jingdezhen,2019,Beauty,40.89276552,7.850179579
2837,108,景德镇市,Jingdezhen,2019,Entertainment,45.12195122,5.574912892
2838,108,景德镇市,Jingdezhen,2019,Training,56.8,12.13333333
2839,108,景德镇市,Jingdezhen,2019,Daily service,34.5154387,3.240599205
2840,108,景德镇市,Jingdezhen,2019,Retail goods,36.91362621,2.168652271
2841,108,景德镇市,Jingdezhen,2019,Exercise,43.43434343,26.26262626
2842,108,景德镇市,Jingdezhen,2019,F&B,41.01414764,2.67544474
2843,158,萍乡市,Pingxiang,2019,Beauty,32.57142857,7.571428571
2844,158,萍乡市,Pingxiang,2019,Entertainment,46.34146341,15.6097561
2845,158,萍乡市,Pingxiang,2019,Training,38.22629969,21.10091743
2846,158,萍乡市,Pingxiang,2019,Daily service,28.43397478,4.412740544
2847,158,萍乡市,Pingxiang,2019,Retail goods,30.98468271,2.932166302
2848,158,萍乡市,Pingxiang,2019,Exercise,50,31.08108108
2849,158,萍乡市,Pingxiang,2019,F&B,31.25,2.179715302
2850,109,九江市,Jiujiang,2019,Beauty,41.2295082,10.24590164
2851,109,九江市,Jiujiang,2019,Entertainment,45.02164502,16.88311688
2852,109,九江市,Jiujiang,2019,Training,50,23.02405498
2853,109,九江市,Jiujiang,2019,Daily service,34.13550537,8.663457979
2854,109,九江市,Jiujiang,2019,Retail goods,39.25331472,3.890439637
2855,109,九江市,Jiujiang,2019,Exercise,52.7638191,29.14572864
2856,109,九江市,Jiujiang,2019,F&B,39.35717989,2.33281493
2857,235,新余市,Xinyu,2019,Beauty,28.47124825,8.835904628
2858,235,新余市,Xinyu,2019,Entertainment,22.90748899,13.65638767
2859,235,新余市,Xinyu,2019,Training,30.55555556,15.3256705
2860,235,新余市,Xinyu,2019,Daily service,27.07974756,5.220883534
2861,235,新余市,Xinyu,2019,Retail goods,28.27220077,3.754826255
2862,235,新余市,Xinyu,2019,Exercise,45.2173913,20
2863,235,新余市,Xinyu,2019,F&B,26.50241385,2.713500916
2864,254,鹰潭市,Yingtan,2019,Beauty,39.38973648,5.131761442
2865,254,鹰潭市,Yingtan,2019,Entertainment,43.33333333,14.16666667
2866,254,鹰潭市,Yingtan,2019,Training,50.46728972,16.19937695
2867,254,鹰潭市,Yingtan,2019,Daily service,29.78868439,5.112474438
2868,254,鹰潭市,Yingtan,2019,Retail goods,33.56533453,2.379883251
2869,254,鹰潭市,Yingtan,2019,Exercise,47.82608696,15.2173913
2870,254,鹰潭市,Yingtan,2019,F&B,34.37741686,3.248259861
2871,55,赣州市,Ganzhou,2019,Beauty,32.95030164,10.02585464
2872,55,赣州市,Ganzhou,2019,Entertainment,33.45794393,13.27102804
2873,55,赣州市,Ganzhou,2019,Training,41.08974359,19.61538462
2874,55,赣州市,Ganzhou,2019,Daily service,28.5732933,6.265500587
2875,55,赣州市,Ganzhou,2019,Retail goods,27.68784603,3.03190087
2876,55,赣州市,Ganzhou,2019,Exercise,48.28897338,29.65779468
2877,55,赣州市,Ganzhou,2019,F&B,30.07491321,3.160972045
2878,91,吉安市,Ji'an,2019,Beauty,31.38479001,10.89670829
2879,91,吉安市,Ji'an,2019,Entertainment,33.33333333,18.51851852
2880,91,吉安市,Ji'an,2019,Training,38.05555556,19.86111111
2881,91,吉安市,Ji'an,2019,Daily service,25.19161983,4.241185488
2882,91,吉安市,Ji'an,2019,Retail goods,25.96533567,2.040368583
2883,91,吉安市,Ji'an,2019,Exercise,50.76923077,30
2884,91,吉安市,Ji'an,2019,F&B,29.29818047,2.357965095
2885,251,宜春市,Yichun,2019,Beauty,31.56596794,6.658446363
2886,251,宜春市,Yichun,2019,Entertainment,38.25757576,8.333333333
2887,251,宜春市,Yichun,2019,Training,38.87945671,17.82682513
2888,251,宜春市,Yichun,2019,Daily service,25.73716782,4.841645431
2889,251,宜春市,Yichun,2019,Retail goods,30.20418646,3.711313728
2890,251,宜春市,Yichun,2019,Exercise,38.9380531,23.00884956
2891,251,宜春市,Yichun,2019,F&B,29.18065153,3.297137216
2892,52,抚州市,Fuzhou,2019,Beauty,31.07638889,2.719907407
2893,52,抚州市,Fuzhou,2019,Entertainment,31.33802817,4.577464789
2894,52,抚州市,Fuzhou,2019,Training,40.80370943,7.72797527
2895,52,抚州市,Fuzhou,2019,Daily service,23.81987578,2.51552795
2896,52,抚州市,Fuzhou,2019,Retail goods,27.87318362,1.422619652
2897,52,抚州市,Fuzhou,2019,Exercise,32.22222222,20
2898,52,抚州市,Fuzhou,2019,F&B,28.95315407,0.947065787
2899,181,上饶市,Shangrao,2019,Beauty,35.33278554,9.161873459
2900,181,上饶市,Shangrao,2019,Entertainment,36.03411514,18.33688699
2901,181,上饶市,Shangrao,2019,Training,44.48236633,25.48350398
2902,181,上饶市,Shangrao,2019,Daily service,27.80701754,4.385964912
2903,181,上饶市,Shangrao,2019,Retail goods,32.42601543,3.620791995
2904,181,上饶市,Shangrao,2019,Exercise,47.92899408,29.58579882
2905,181,上饶市,Shangrao,2019,F&B,31.29385349,4.069604266
2906,93,济南市,Ji'nan,2019,Beauty,45.34138061,17.85489752
2907,93,济南市,Ji'nan,2019,Entertainment,48.83910387,18.24847251
2908,93,济南市,Ji'nan,2019,Training,53.05684662,23.1766178
2909,93,济南市,Ji'nan,2019,Daily service,45.11594243,9.158477855
2910,93,济南市,Ji'nan,2019,Retail goods,39.84574634,6.302586476
2911,93,济南市,Ji'nan,2019,Exercise,56.92861428,30.23395321
2912,93,济南市,Ji'nan,2019,F&B,42.88227312,6.817001458
2913,165,青岛市,Qingdao,2019,Beauty,40.4041032,12.06092633
2914,165,青岛市,Qingdao,2019,Entertainment,41.5279879,10.13615734
2915,165,青岛市,Qingdao,2019,Training,50.18864274,15.91370804
2916,165,青岛市,Qingdao,2019,Daily service,37.14741884,8.405927005
2917,165,青岛市,Qingdao,2019,Retail goods,34.67907245,4.232592403
2918,165,青岛市,Qingdao,2019,Exercise,51.99326221,19.93262212
2919,165,青岛市,Qingdao,2019,F&B,35.87443946,3.416613282
2920,285,淄博市,Zibo,2019,Beauty,38.47447264,12.84011006
2921,285,淄博市,Zibo,2019,Entertainment,38.07574207,8.802456499
2922,285,淄博市,Zibo,2019,Training,39.97770346,15.27313266
2923,285,淄博市,Zibo,2019,Daily service,34.49137418,5.901249256
2924,285,淄博市,Zibo,2019,Retail goods,35.21238893,3.161436129
2925,285,淄博市,Zibo,2019,Exercise,43.43971631,21.9858156
2926,285,淄博市,Zibo,2019,F&B,31.75729218,2.818761556
2927,263,枣庄市,Zaozhuang,2019,Beauty,31.74934726,2.402088773
2928,263,枣庄市,Zaozhuang,2019,Entertainment,31.83520599,7.490636704
2929,263,枣庄市,Zaozhuang,2019,Training,39.07185629,8.008982036
2930,263,枣庄市,Zaozhuang,2019,Daily service,24.03721333,1.492860234
2931,263,枣庄市,Zaozhuang,2019,Retail goods,29.37226005,1.249883406
2932,263,枣庄市,Zaozhuang,2019,Exercise,33.05785124,18.18181818
2933,263,枣庄市,Zaozhuang,2019,F&B,25.9949463,1.437144662
2934,45,东营市,Dongying,2019,Beauty,38.4103512,9.833641405
2935,45,东营市,Dongying,2019,Entertainment,35.98615917,7.439446367
2936,45,东营市,Dongying,2019,Training,40.6120332,19.76141079
2937,45,东营市,Dongying,2019,Daily service,30.4216434,4.374730177
2938,45,东营市,Dongying,2019,Retail goods,33.02248677,3.28042328
2939,45,东营市,Dongying,2019,Exercise,43.67816092,18.77394636
2940,45,东营市,Dongying,2019,F&B,34.38264059,2.383863081
2941,242,烟台市,Yantai,2019,Beauty,41.95030032,9.987045107
2942,242,烟台市,Yantai,2019,Entertainment,39.96627319,10.28667791
2943,242,烟台市,Yantai,2019,Training,45.67156348,23.39979014
2944,242,烟台市,Yantai,2019,Daily service,38.98871446,8.511443162
2945,242,烟台市,Yantai,2019,Retail goods,36.17954461,4.609929078
2946,242,烟台市,Yantai,2019,Exercise,52.5477707,23.40764331
2947,242,烟台市,Yantai,2019,F&B,38.16200658,3.219572368
2948,214,潍坊市,Weifang,2019,Beauty,31.82930144,11.98695298
2949,214,潍坊市,Weifang,2019,Entertainment,31.68498168,7.509157509
2950,214,潍坊市,Weifang,2019,Training,36.94539249,16.23293515
2951,214,潍坊市,Weifang,2019,Daily service,29.46312149,7.19428539
2952,214,潍坊市,Weifang,2019,Retail goods,29.3403884,4.016954318
2953,214,潍坊市,Weifang,2019,Exercise,37.24137931,26.20689655
2954,214,潍坊市,Weifang,2019,F&B,30.06851333,3.024163843
2955,94,济宁市,Jining,2019,Beauty,36.40776699,12.33009709
2956,94,济宁市,Jining,2019,Entertainment,36.36363636,7.736943907
2957,94,济宁市,Jining,2019,Training,40.00837872,20.2764977
2958,94,济宁市,Jining,2019,Daily service,35.28233881,6.234147644
2959,94,济宁市,Jining,2019,Retail goods,35.1783692,3.086070215
2960,94,济宁市,Jining,2019,Exercise,42.62948207,30.27888446
2961,94,济宁市,Jining,2019,F&B,34.972106,3.444909344
2962,201,泰安市,Tai'an,2019,Beauty,32.942847,9.939652112
2963,201,泰安市,Tai'an,2019,Entertainment,34.44227006,11.93737769
2964,201,泰安市,Tai'an,2019,Training,35.4078265,17.82178218
2965,201,泰安市,Tai'an,2019,Daily service,26.98961938,5.241573754
2966,201,泰安市,Tai'an,2019,Retail goods,28.21742108,2.197870618
2967,201,泰安市,Tai'an,2019,Exercise,49.58677686,19.4214876
2968,201,泰安市,Tai'an,2019,F&B,34.74342201,3.227213258
2969,213,威海市,Weihai,2019,Beauty,40.42098841,10.34167175
2970,213,威海市,Weihai,2019,Entertainment,43.39622642,12.00686106
2971,213,威海市,Weihai,2019,Training,43.03797468,20.5833792
2972,213,威海市,Weihai,2019,Daily service,37.7600188,8.297097191
2973,213,威海市,Weihai,2019,Retail goods,41.03481316,7.333120409
2974,213,威海市,Weihai,2019,Exercise,47.36842105,29.32330827
2975,213,威海市,Weihai,2019,F&B,39.37443336,4.052583862
2976,171,日照市,Rizhao,2019,Beauty,25.02067825,8.064516129
2977,171,日照市,Rizhao,2019,Entertainment,27.75,6.75
2978,171,日照市,Rizhao,2019,Training,24.88542621,10.3116407
2979,171,日照市,Rizhao,2019,Daily service,23.44530816,4.636313159
2980,171,日照市,Rizhao,2019,Retail goods,26.01826121,2.612147678
2981,171,日照市,Rizhao,2019,Exercise,33.33333333,17.20430108
2982,171,日照市,Rizhao,2019,F&B,27.88163551,2.43926822
2983,127,临沂市,Linyi,2019,Beauty,29.28102049,5.237727097
2984,127,临沂市,Linyi,2019,Entertainment,29.09871245,8.841201717
2985,127,临沂市,Linyi,2019,Training,33.91843056,9.516434349
2986,127,临沂市,Linyi,2019,Daily service,29.22973428,3.551006679
2987,127,临沂市,Linyi,2019,Retail goods,29.34955179,2.564666227
2988,127,临沂市,Linyi,2019,Exercise,36.14035088,20.70175439
2989,127,临沂市,Linyi,2019,F&B,28.24486776,3.040503052
2990,42,德州市,Dezhou,2019,Beauty,34.06382161,5.459438677
2991,42,德州市,Dezhou,2019,Entertainment,26.66666667,5.111111111
2992,42,德州市,Dezhou,2019,Training,39.03644225,11.55033972
2993,42,德州市,Dezhou,2019,Daily service,30.47468354,4.683544304
2994,42,德州市,Dezhou,2019,Retail goods,33.85808979,3.690870744
2995,42,德州市,Dezhou,2019,Exercise,47.6744186,19.76744186
2996,42,德州市,Dezhou,2019,F&B,28.83068674,3.124355537
2997,124,聊城市,Liaocheng,2019,Beauty,36.09399076,10.16949153
2998,124,聊城市,Liaocheng,2019,Entertainment,36.64122137,9.732824427
2999,124,聊城市,Liaocheng,2019,Training,42.1574344,13.76093294
3000,124,聊城市,Liaocheng,2019,Daily service,31.50595529,3.883178333
3001,124,聊城市,Liaocheng,2019,Retail goods,37.20293131,2.472433395
3002,124,聊城市,Liaocheng,2019,Exercise,42.72727273,22.27272727
3003,124,聊城市,Liaocheng,2019,F&B,30.10184473,3.247501922
3004,20,滨州市,Binzhou,2019,Beauty,30.22822543,3.49324639
3005,20,滨州市,Binzhou,2019,Entertainment,32.32323232,3.703703704
3006,20,滨州市,Binzhou,2019,Training,35.33963887,10.5760963
3007,20,滨州市,Binzhou,2019,Daily service,28.30505314,3.039343651
3008,20,滨州市,Binzhou,2019,Retail goods,30.0092526,2.035571091
3009,20,滨州市,Binzhou,2019,Exercise,38.125,11.875
3010,20,滨州市,Binzhou,2019,F&B,26.43125293,1.454716096
3011,275,郑州市,Zhengzhou,2019,Beauty,44.96771743,24.57963609
3012,275,郑州市,Zhengzhou,2019,Entertainment,42.82460137,20.39989876
3013,275,郑州市,Zhengzhou,2019,Training,47.38148266,33.12122176
3014,275,郑州市,Zhengzhou,2019,Daily service,40.83397387,12.81919891
3015,275,郑州市,Zhengzhou,2019,Retail goods,37.87921305,7.237655764
3016,275,郑州市,Zhengzhou,2019,Exercise,53.42915811,32.64887064
3017,275,郑州市,Zhengzhou,2019,F&B,36.09793241,5.346453465
3018,111,开封市,Kaifeng,2019,Beauty,39.21338421,6.281185794
3019,111,开封市,Kaifeng,2019,Entertainment,41.42857143,5.892857143
3020,111,开封市,Kaifeng,2019,Training,50.56561086,8.936651584
3021,111,开封市,Kaifeng,2019,Daily service,31.05465963,3.996003996
3022,111,开封市,Kaifeng,2019,Retail goods,36.25936861,1.686350216
3023,111,开封市,Kaifeng,2019,Exercise,47.54716981,14.33962264
3024,111,开封市,Kaifeng,2019,F&B,36.40212998,2.861358825
3025,136,洛阳市,Luoyang,2019,Beauty,35.16579407,18.52821408
3026,136,洛阳市,Luoyang,2019,Entertainment,37.91088386,14.68224982
3027,136,洛阳市,Luoyang,2019,Training,43.09203502,27.95216741
3028,136,洛阳市,Luoyang,2019,Daily service,30.49613402,8.646907216
3029,136,洛阳市,Luoyang,2019,Retail goods,35.65331372,4.104990569
3030,136,洛阳市,Luoyang,2019,Exercise,42.90843806,26.21184919
3031,136,洛阳市,Luoyang,2019,F&B,30.27749577,2.693739425
3032,156,平顶山市,Pingdingshan,2019,Beauty,43.4674615,11.67411823
3033,156,平顶山市,Pingdingshan,2019,Entertainment,39.20454545,11.64772727
3034,156,平顶山市,Pingdingshan,2019,Training,45.21452145,14.05940594
3035,156,平顶山市,Pingdingshan,2019,Daily service,30.67143425,5.065554231
3036,156,平顶山市,Pingdingshan,2019,Retail goods,38.92371197,3.241094634
3037,156,平顶山市,Pingdingshan,2019,Exercise,51.96850394,21.25984252
3038,156,平顶山市,Pingdingshan,2019,F&B,37.6537164,3.689193601
3039,4,安阳市,Anyang,2019,Beauty,33.87267905,6.896551724
3040,4,安阳市,Anyang,2019,Entertainment,41.96428571,7.270408163
3041,4,安阳市,Anyang,2019,Training,42.10526316,9.022556391
3042,4,安阳市,Anyang,2019,Daily service,28.99584076,2.638146168
3043,4,安阳市,Anyang,2019,Retail goods,37.06248559,1.346552917
3044,4,安阳市,Anyang,2019,Exercise,41.28113879,11.03202847
3045,4,安阳市,Anyang,2019,F&B,31.72898162,1.742064312
3046,73,鹤壁市,Hebi,2019,Beauty,28.38114754,5.942622951
3047,73,鹤壁市,Hebi,2019,Entertainment,27.95031056,8.074534161
3048,73,鹤壁市,Hebi,2019,Training,31.53374233,13.49693252
3049,73,鹤壁市,Hebi,2019,Daily service,21.22807018,4.605263158
3050,73,鹤壁市,Hebi,2019,Retail goods,27.55411255,3.051948052
3051,73,鹤壁市,Hebi,2019,Exercise,31.14754098,21.31147541
3052,73,鹤壁市,Hebi,2019,F&B,24.4928401,2.386634845
3053,234,新乡市,Xinxiang,2019,Beauty,35.24342956,12.42998707
3054,234,新乡市,Xinxiang,2019,Entertainment,35.76437588,10.23842917
3055,234,新乡市,Xinxiang,2019,Training,41.81553044,16.00437477
3056,234,新乡市,Xinxiang,2019,Daily service,25.72033045,2.911545436
3057,234,新乡市,Xinxiang,2019,Retail goods,30.77723639,2.866739202
3058,234,新乡市,Xinxiang,2019,Exercise,40.36458333,20.05208333
3059,234,新乡市,Xinxiang,2019,F&B,29.18215613,2.613164225
3060,99,焦作市,Jiaozuo,2019,Beauty,35.21752937,4.985709749
3061,99,焦作市,Jiaozuo,2019,Entertainment,40.77669903,5.825242718
3062,99,焦作市,Jiaozuo,2019,Training,39.78372225,14.1149687
3063,99,焦作市,Jiaozuo,2019,Daily service,29.96097268,3.227259081
3064,99,焦作市,Jiaozuo,2019,Retail goods,32.09062951,2.008410218
3065,99,焦作市,Jiaozuo,2019,Exercise,41.98895028,15.46961326
3066,99,焦作市,Jiaozuo,2019,F&B,29.81170657,1.652892562
3067,160,濮阳市,Puyang,2019,Beauty,31.14816218,8.222811671
3068,160,濮阳市,Puyang,2019,Entertainment,29.21615202,9.501187648
3069,160,濮阳市,Puyang,2019,Training,31.91340782,8.798882682
3070,160,濮阳市,Puyang,2019,Daily service,21.485623,2.907348243
3071,160,濮阳市,Puyang,2019,Retail goods,25.51972379,2.541688092
3072,160,濮阳市,Puyang,2019,Exercise,27.74566474,12.71676301
3073,160,濮阳市,Puyang,2019,F&B,25.79055441,1.745379877
3074,239,许昌市,Xuchang,2019,Beauty,34.77707006,15.83864119
3075,239,许昌市,Xuchang,2019,Entertainment,27.86885246,12.02185792
3076,239,许昌市,Xuchang,2019,Training,38.1443299,17.44647105
3077,239,许昌市,Xuchang,2019,Daily service,22.78708134,4.385964912
3078,239,许昌市,Xuchang,2019,Retail goods,25.35058355,3.220845019
3079,239,许昌市,Xuchang,2019,Exercise,36.92307692,40
3080,239,许昌市,Xuchang,2019,F&B,27.37297297,4.508108108
3081,137,漯河市,Luohe,2019,Beauty,31.07390772,8.860759494
3082,137,漯河市,Luohe,2019,Entertainment,33.67346939,6.887755102
3083,137,漯河市,Luohe,2019,Training,35.07805326,12.12121212
3084,137,漯河市,Luohe,2019,Daily service,21.57145432,2.162551811
3085,137,漯河市,Luohe,2019,Retail goods,28.32091868,1.187150838
3086,137,漯河市,Luohe,2019,Exercise,40.47619048,18.25396825
3087,137,漯河市,Luohe,2019,F&B,24.43370907,2.147074611
3088,172,三门峡市,Sanmenxia,2019,Beauty,31.46214099,13.96866841
3089,172,三门峡市,Sanmenxia,2019,Entertainment,30.45685279,11.16751269
3090,172,三门峡市,Sanmenxia,2019,Training,36.95652174,17.39130435
3091,172,三门峡市,Sanmenxia,2019,Daily service,31.09318996,3.718637993
3092,172,三门峡市,Sanmenxia,2019,Retail goods,33.84030418,4.11913815
3093,172,三门峡市,Sanmenxia,2019,Exercise,33.33333333,22.91666667
3094,172,三门峡市,Sanmenxia,2019,F&B,28.82832256,2.556898005
3095,150,南阳市,Nanyang,2019,Beauty,40.92816588,15.6998272
3096,150,南阳市,Nanyang,2019,Entertainment,38.37398374,16.58536585
3097,150,南阳市,Nanyang,2019,Training,40.80105634,15.75704225
3098,150,南阳市,Nanyang,2019,Daily service,30.41020089,4.366654637
3099,150,南阳市,Nanyang,2019,Retail goods,34.53241319,3.553768407
3100,150,南阳市,Nanyang,2019,Exercise,49.42084942,36.29343629
3101,150,南阳市,Nanyang,2019,F&B,35.60636995,2.075677147
3102,179,商丘市,Shangqiu,2019,Beauty,29.21798911,7.275852191
3103,179,商丘市,Shangqiu,2019,Entertainment,25.13661202,5.464480874
3104,179,商丘市,Shangqiu,2019,Training,31.61141095,12.10485736
3105,179,商丘市,Shangqiu,2019,Daily service,21.57609492,3.398271569
3106,179,商丘市,Shangqiu,2019,Retail goods,26.66958753,1.189209489
3107,179,商丘市,Shangqiu,2019,Exercise,35.5,12
3108,179,商丘市,Shangqiu,2019,F&B,23.52750809,1.472491909
3109,236,信阳市,Xinyang,2019,Beauty,44.71374843,12.91266193
3110,236,信阳市,Xinyang,2019,Entertainment,43.32603939,12.4726477
3111,236,信阳市,Xinyang,2019,Training,45.78544061,18.58237548
3112,236,信阳市,Xinyang,2019,Daily service,32.75696446,4.495677233
3113,236,信阳市,Xinyang,2019,Retail goods,38.41637575,4.704855601
3114,236,信阳市,Xinyang,2019,Exercise,55.94405594,26.57342657
3115,236,信阳市,Xinyang,2019,F&B,41.64924749,3.051839465
3116,280,周口市,Zhoukou,2019,Beauty,33.08303887,14.88515901
3117,280,周口市,Zhoukou,2019,Entertainment,30.81081081,7.567567568
3118,280,周口市,Zhoukou,2019,Training,34.84419263,11.23701605
3119,280,周口市,Zhoukou,2019,Daily service,26.14042934,2.258497317
3120,280,周口市,Zhoukou,2019,Retail goods,25.26029453,1.951036488
3121,280,周口市,Zhoukou,2019,Exercise,37.5,20.53571429
3122,280,周口市,Zhoukou,2019,F&B,25.40872772,2.433927474
3123,283,驻马店市,Zhumadian,2019,Beauty,34.3349359,15.6650641
3124,283,驻马店市,Zhumadian,2019,Entertainment,34.54038997,12.53481894
3125,283,驻马店市,Zhumadian,2019,Training,34.81331988,26.13521695
3126,283,驻马店市,Zhumadian,2019,Daily service,26.27362366,5.053410025
3127,283,驻马店市,Zhumadian,2019,Retail goods,30.81781642,2.575670577
3128,283,驻马店市,Zhumadian,2019,Exercise,32.88590604,24.16107383
3129,283,驻马店市,Zhumadian,2019,F&B,31.04109261,3.078950521
3130,224,武汉市,Wuhan,2019,Beauty,51.37820389,21.57961882
3131,224,武汉市,Wuhan,2019,Entertainment,53.14469814,19.00826446
3132,224,武汉市,Wuhan,2019,Training,63.6084227,32.10175255
3133,224,武汉市,Wuhan,2019,Daily service,46.47937285,11.16136356
3134,224,武汉市,Wuhan,2019,Retail goods,45.11090203,7.882494381
3135,224,武汉市,Wuhan,2019,Exercise,67.04992436,38.54765507
3136,224,武汉市,Wuhan,2019,F&B,46.90008386,6.136935426
3137,88,黄石市,Huangshi,2019,Beauty,42.69513009,9.773182121
3138,88,黄石市,Huangshi,2019,Entertainment,41.35802469,13.16872428
3139,88,黄石市,Huangshi,2019,Training,51.64233577,19.79927007
3140,88,黄石市,Huangshi,2019,Daily service,34.96719413,3.975299112
3141,88,黄石市,Huangshi,2019,Retail goods,36.49760622,2.251645721
3142,88,黄石市,Huangshi,2019,Exercise,49.76744186,28.8372093
3143,88,黄石市,Huangshi,2019,F&B,37.69444731,2.688781292
3144,186,十堰市,Shiyan,2019,Beauty,49.23148579,16.5812762
3145,186,十堰市,Shiyan,2019,Entertainment,45.35315985,23.79182156
3146,186,十堰市,Shiyan,2019,Training,48.61386139,30.99009901
3147,186,十堰市,Shiyan,2019,Daily service,37.77168592,8.380654004
3148,186,十堰市,Shiyan,2019,Retail goods,39.75494816,6.446748351
3149,186,十堰市,Shiyan,2019,Exercise,53.37837838,25.67567568
3150,186,十堰市,Shiyan,2019,F&B,45.87877951,4.224768742
3151,250,宜昌市,Yichang,2019,Beauty,44.73316569,21.90556021
3152,250,宜昌市,Yichang,2019,Entertainment,47.03632887,25.23900574
3153,250,宜昌市,Yichang,2019,Training,50.56011949,28.6034354
3154,250,宜昌市,Yichang,2019,Daily service,43.37987482,8.056491735
3155,250,宜昌市,Yichang,2019,Retail goods,42.57627119,4.786440678
3156,250,宜昌市,Yichang,2019,Exercise,59.92509363,40.07490637
3157,250,宜昌市,Yichang,2019,F&B,44.49271864,4.34467777
3158,231,襄阳市,Xiangyang,2019,Beauty,36.77557834,14.83424756
3159,231,襄阳市,Xiangyang,2019,Entertainment,37.5399361,17.57188498
3160,231,襄阳市,Xiangyang,2019,Training,46.24277457,23.75722543
3161,231,襄阳市,Xiangyang,2019,Daily service,30.43158411,5.823933301
3162,231,襄阳市,Xiangyang,2019,Retail goods,33.87747138,3.804630593
3163,231,襄阳市,Xiangyang,2019,Exercise,52.30769231,34.23076923
3164,231,襄阳市,Xiangyang,2019,F&B,34.02088603,2.74372446
3165,47,鄂州市,Ezhou,2019,Beauty,37.9532635,5.237711523
3166,47,鄂州市,Ezhou,2019,Entertainment,31.84357542,11.17318436
3167,47,鄂州市,Ezhou,2019,Training,37.6344086,12.54480287
3168,47,鄂州市,Ezhou,2019,Daily service,27.98322531,2.401829966
3169,47,鄂州市,Ezhou,2019,Retail goods,29.47636479,1.830335827
3170,47,鄂州市,Ezhou,2019,Exercise,40.625,29.16666667
3171,47,鄂州市,Ezhou,2019,F&B,31.92942516,2.162777462
3172,106,荆门市,Jingmen,2019,Beauty,33.24974925,10.63189569
3173,106,荆门市,Jingmen,2019,Entertainment,34.169279,16.61442006
3174,106,荆门市,Jingmen,2019,Training,36.05150215,14.59227468
3175,106,荆门市,Jingmen,2019,Daily service,24.80935435,1.855617692
3176,106,荆门市,Jingmen,2019,Retail goods,30.02030972,4.747397817
3177,106,荆门市,Jingmen,2019,Exercise,45.90163934,26.2295082
3178,106,荆门市,Jingmen,2019,F&B,30.90190442,3.719008264
3179,232,孝感市,Xiaogan,2019,Beauty,35.06329114,7.658227848
3180,232,孝感市,Xiaogan,2019,Entertainment,31.21693122,12.16931217
3181,232,孝感市,Xiaogan,2019,Training,42.9675425,17.1561051
3182,232,孝感市,Xiaogan,2019,Daily service,25.67004169,2.948183443
3183,232,孝感市,Xiaogan,2019,Retail goods,31.60220994,2.529158993
3184,232,孝感市,Xiaogan,2019,Exercise,38.04347826,28.26086957
3185,232,孝感市,Xiaogan,2019,F&B,28.33787466,2.082522382
3186,107,荆州市,Jingzhou,2019,Beauty,35.86358636,11.03777044
3187,107,荆州市,Jingzhou,2019,Entertainment,36.50793651,12.6984127
3188,107,荆州市,Jingzhou,2019,Training,48.93221913,21.44846797
3189,107,荆州市,Jingzhou,2019,Daily service,28.28968639,2.327837051
3190,107,荆州市,Jingzhou,2019,Retail goods,29.94672192,2.730501702
3191,107,荆州市,Jingzhou,2019,Exercise,53.65853659,32.92682927
3192,107,荆州市,Jingzhou,2019,F&B,34.26298382,3.307410387
3193,86,黄冈市,Huanggang,2019,Beauty,37.55496922,8.795074758
3194,86,黄冈市,Huanggang,2019,Entertainment,37.33333333,15.55555556
3195,86,黄冈市,Huanggang,2019,Training,47.17391304,20.86956522
3196,86,黄冈市,Huanggang,2019,Daily service,27.67123288,3.561643836
3197,86,黄冈市,Huanggang,2019,Retail goods,33.00368431,3.839441536
3198,86,黄冈市,Huanggang,2019,Exercise,38.82352941,21.17647059
3199,86,黄冈市,Huanggang,2019,F&B,31.97654364,4.553294239
3200,228,咸宁市,Xianning,2019,Beauty,38.33962264,12.83018868
3201,228,咸宁市,Xianning,2019,Entertainment,39.30131004,12.66375546
3202,228,咸宁市,Xianning,2019,Training,45.89800443,17.29490022
3203,228,咸宁市,Xianning,2019,Daily service,29.98909487,4.543802254
3204,228,咸宁市,Xianning,2019,Retail goods,35.15877287,2.247039828
3205,228,咸宁市,Xianning,2019,Exercise,53.76344086,17.20430108
3206,228,咸宁市,Xianning,2019,F&B,34.64912281,1.685133887
3207,197,随州市,Suizhou,2019,Beauty,34.71437539,8.53735091
3208,197,随州市,Suizhou,2019,Entertainment,33.48623853,12.3853211
3209,197,随州市,Suizhou,2019,Training,43.00791557,13.98416887
3210,197,随州市,Suizhou,2019,Daily service,26.86567164,1.918976546
3211,197,随州市,Suizhou,2019,Retail goods,30.88497007,2.637113736
3212,197,随州市,Suizhou,2019,Exercise,37.83783784,20.27027027
3213,197,随州市,Suizhou,2019,F&B,28.91760905,2.342487884
3214,270,长沙市,Changsha,2019,Beauty,47.13042694,25.2197827
3215,270,长沙市,Changsha,2019,Entertainment,52.49789739,23.12867956
3216,270,长沙市,Changsha,2019,Training,52.95105917,34.04674945
3217,270,长沙市,Changsha,2019,Daily service,44.37783137,12.02866867
3218,270,长沙市,Changsha,2019,Retail goods,38.93064721,7.034698248
3219,270,长沙市,Changsha,2019,Exercise,57.30754927,39.94049833
3220,270,长沙市,Changsha,2019,F&B,42.45616135,6.070979712
3221,281,株洲市,Zhuzhou,2019,Beauty,44.45612191,18.9963216
3222,281,株洲市,Zhuzhou,2019,Entertainment,44.90835031,18.43177189
3223,281,株洲市,Zhuzhou,2019,Training,51.37676293,31.49764943
3224,281,株洲市,Zhuzhou,2019,Daily service,39.08188586,7.816377171
3225,281,株洲市,Zhuzhou,2019,Retail goods,41.1853628,6.166597164
3226,281,株洲市,Zhuzhou,2019,Exercise,53.6977492,31.18971061
3227,281,株洲市,Zhuzhou,2019,F&B,38.52174505,4.730143606
3228,230,湘潭市,Xiangtan,2019,Beauty,41.97108067,9.703196347
3229,230,湘潭市,Xiangtan,2019,Entertainment,43.78980892,13.05732484
3230,230,湘潭市,Xiangtan,2019,Training,47.45916515,15.97096189
3231,230,湘潭市,Xiangtan,2019,Daily service,36.22673435,3.739424704
3232,230,湘潭市,Xiangtan,2019,Retail goods,33.99117431,3.548663888
3233,230,湘潭市,Xiangtan,2019,Exercise,57.14285714,16.57142857
3234,230,湘潭市,Xiangtan,2019,F&B,39.28758971,3.920882198
3235,77,衡阳市,Hengyang,2019,Beauty,38.70350109,10.83150985
3236,77,衡阳市,Hengyang,2019,Entertainment,41.55124654,13.85041551
3237,77,衡阳市,Hengyang,2019,Training,42.97945205,19.94863014
3238,77,衡阳市,Hengyang,2019,Daily service,35.66446074,5.687712395
3239,77,衡阳市,Hengyang,2019,Retail goods,34.25298483,2.441647843
3240,77,衡阳市,Hengyang,2019,Exercise,49.80079681,24.70119522
3241,77,衡阳市,Hengyang,2019,F&B,38.93129771,2.610194533
3242,183,邵阳市,Shaoyang,2019,Beauty,34.95407888,6.05078336
3243,183,邵阳市,Shaoyang,2019,Entertainment,38.25503356,17.7852349
3244,183,邵阳市,Shaoyang,2019,Training,42.05298013,14.07284768
3245,183,邵阳市,Shaoyang,2019,Daily service,29.63585434,3.781512605
3246,183,邵阳市,Shaoyang,2019,Retail goods,32.79268398,3.373306876
3247,183,邵阳市,Shaoyang,2019,Exercise,46.80851064,28.72340426
3248,183,邵阳市,Shaoyang,2019,F&B,35.71826798,4.274298458
3249,260,岳阳市,Yueyang,2019,Beauty,41.43490528,14.0669085
3250,260,岳阳市,Yueyang,2019,Entertainment,45.99236641,19.08396947
3251,260,岳阳市,Yueyang,2019,Training,43.94580864,23.96274344
3252,260,岳阳市,Yueyang,2019,Daily service,34.56078996,7.981896729
3253,260,岳阳市,Yueyang,2019,Retail goods,33.42027161,4.487813652
3254,260,岳阳市,Yueyang,2019,Exercise,47.92899408,31.95266272
3255,260,岳阳市,Yueyang,2019,F&B,39.89116785,3.160318125
3256,23,常德市,Changde,2019,Beauty,32.00442968,11.48025102
3257,23,常德市,Changde,2019,Entertainment,31.22743682,17.50902527
3258,23,常德市,Changde,2019,Training,39.13043478,25.28837622
3259,23,常德市,Changde,2019,Daily service,26.63867081,7.631915282
3260,23,常德市,Changde,2019,Retail goods,28.8243153,3.613894456
3261,23,常德市,Changde,2019,Exercise,44.80874317,33.33333333
3262,23,常德市,Changde,2019,F&B,30.42116958,3.100696899
3263,265,张家界市,Zhangjiajie,2019,Beauty,48.84848485,16.84848485
3264,265,张家界市,Zhangjiajie,2019,Entertainment,51.98019802,25.24752475
3265,265,张家界市,Zhangjiajie,2019,Training,55.08196721,20.6557377
3266,265,张家界市,Zhangjiajie,2019,Daily service,40.19823789,8.920704846
3267,265,张家界市,Zhangjiajie,2019,Retail goods,42.70486342,4.641350211
3268,265,张家界市,Zhangjiajie,2019,Exercise,61.76470588,30.88235294
3269,265,张家界市,Zhangjiajie,2019,F&B,39.47867299,5.497630332
3270,252,益阳市,Yiyang,2019,Beauty,36.45634162,11.21733588
3271,252,益阳市,Yiyang,2019,Entertainment,37.76041667,11.45833333
3272,252,益阳市,Yiyang,2019,Training,51.1627907,18.42576029
3273,252,益阳市,Yiyang,2019,Daily service,31.2195122,5.652797704
3274,252,益阳市,Yiyang,2019,Retail goods,32.4029801,2.94673635
3275,252,益阳市,Yiyang,2019,Exercise,53,19
3276,252,益阳市,Yiyang,2019,F&B,36.22816856,2.403460984
3277,27,郴州市,Chenzhou,2019,Beauty,42.02298851,11.35632184
3278,27,郴州市,Chenzhou,2019,Entertainment,40.93959732,16.44295302
3279,27,郴州市,Chenzhou,2019,Training,46.34146341,21.60278746
3280,27,郴州市,Chenzhou,2019,Daily service,34.16488477,5.416963649
3281,27,郴州市,Chenzhou,2019,Retail goods,35.30920994,4.954436875
3282,27,郴州市,Chenzhou,2019,Exercise,56.42857143,30.71428571
3283,27,郴州市,Chenzhou,2019,F&B,38.04117469,4.056917953
3284,256,永州市,Yongzhou,2019,Beauty,35.02008032,10.20080321
3285,256,永州市,Yongzhou,2019,Entertainment,35.46511628,19.76744186
3286,256,永州市,Yongzhou,2019,Training,36.98630137,23.28767123
3287,256,永州市,Yongzhou,2019,Daily service,29.20254586,4.717334332
3288,256,永州市,Yongzhou,2019,Retail goods,33.83696844,4.752040941
3289,256,永州市,Yongzhou,2019,Exercise,51.89873418,22.78481013
3290,256,永州市,Yongzhou,2019,F&B,30.62940857,3.147042865
3291,82,怀化市,Huaihua,2019,Beauty,35.11811024,8.398950131
3292,82,怀化市,Huaihua,2019,Entertainment,36.89839572,13.10160428
3293,82,怀化市,Huaihua,2019,Training,39.34911243,28.69822485
3294,82,怀化市,Huaihua,2019,Daily service,31.51343706,5.912305516
3295,82,怀化市,Huaihua,2019,Retail goods,35.78981442,3.895123004
3296,82,怀化市,Huaihua,2019,Exercise,46.15384615,33.33333333
3297,82,怀化市,Huaihua,2019,F&B,31.56704818,3.419528049
3298,133,娄底市,Loudi,2019,Beauty,35.15923567,13.69426752
3299,133,娄底市,Loudi,2019,Entertainment,41.50326797,14.70588235
3300,133,娄底市,Loudi,2019,Training,43.62139918,27.16049383
3301,133,娄底市,Loudi,2019,Daily service,30.34126757,7.915113278
3302,133,娄底市,Loudi,2019,Retail goods,32.5303892,5.631760901
3303,133,娄底市,Loudi,2019,Exercise,50,26.47058824
3304,133,娄底市,Loudi,2019,F&B,35.8632041,5.248719824
3305,59,广州市,Guangzhou,2019,Beauty,53.17637775,12.46218598
3306,59,广州市,Guangzhou,2019,Entertainment,54.42885167,24.64161762
3307,59,广州市,Guangzhou,2019,Training,60.61235979,30.99475986
3308,59,广州市,Guangzhou,2019,Daily service,46.19556899,10.86419989
3309,59,广州市,Guangzhou,2019,Retail goods,46.33739594,8.819619124
3310,59,广州市,Guangzhou,2019,Exercise,64.30572229,30.25210084
3311,59,广州市,Guangzhou,2019,F&B,48.44291528,4.230641012
3312,182,韶关市,Shaoguan,2019,Beauty,43.22891566,9.156626506
3313,182,韶关市,Shaoguan,2019,Entertainment,44.12811388,13.87900356
3314,182,韶关市,Shaoguan,2019,Training,46.85990338,23.34943639
3315,182,韶关市,Shaoguan,2019,Daily service,34.02722178,5.464371497
3316,182,韶关市,Shaoguan,2019,Retail goods,34.63998688,2.739051993
3317,182,韶关市,Shaoguan,2019,Exercise,59.71223022,26.61870504
3318,182,韶关市,Shaoguan,2019,F&B,34.33652531,3.283173735
3319,185,深圳市,Shenzhen,2019,Beauty,59.41001192,16.23957092
3320,185,深圳市,Shenzhen,2019,Entertainment,63.1748859,24.15674051
3321,185,深圳市,Shenzhen,2019,Training,60.21509551,37.20298183
3322,185,深圳市,Shenzhen,2019,Daily service,53.51554057,16.54238534
3323,185,深圳市,Shenzhen,2019,Retail goods,54.01578865,12.78910174
3324,185,深圳市,Shenzhen,2019,Exercise,63.37552743,38.66666667
3325,185,深圳市,Shenzhen,2019,F&B,58.02432876,4.912866828
3326,282,珠海市,Zhuhai,2019,Beauty,44.54200758,16.06465775
3327,282,珠海市,Zhuhai,2019,Entertainment,46.63726571,16.53803749
3328,282,珠海市,Zhuhai,2019,Training,46.17117117,31.00600601
3329,282,珠海市,Zhuhai,2019,Daily service,39.20560748,13.39252336
3330,282,珠海市,Zhuhai,2019,Retail goods,35.65800844,10.38987445
3331,282,珠海市,Zhuhai,2019,Exercise,61.53846154,30.3030303
3332,282,珠海市,Zhuhai,2019,F&B,39.54612185,4.606068021
3333,176,汕头市,Shantou,2019,Beauty,33.50087962,9.349082684
3334,176,汕头市,Shantou,2019,Entertainment,40.03294893,16.47446458
3335,176,汕头市,Shantou,2019,Training,43.05037313,22.15485075
3336,176,汕头市,Shantou,2019,Daily service,31.92970245,6.185836088
3337,176,汕头市,Shantou,2019,Retail goods,32.1678133,3.126939161
3338,176,汕头市,Shantou,2019,Exercise,50.1369863,29.04109589
3339,176,汕头市,Shantou,2019,F&B,30.98411193,1.816457197
3340,49,佛山市,Foshan,2019,Beauty,37.08396179,5.932629462
3341,49,佛山市,Foshan,2019,Entertainment,46.7189729,16.83309558
3342,49,佛山市,Foshan,2019,Training,45.73578595,19.23076923
3343,49,佛山市,Foshan,2019,Daily service,35.1458429,5.697825754
3344,49,佛山市,Foshan,2019,Retail goods,36.47863001,4.48919068
3345,49,佛山市,Foshan,2019,Exercise,52.91563275,28.22580645
3346,49,佛山市,Foshan,2019,F&B,34.85677162,2.297999637
3347,98,江门市,Jiangmen,2019,Beauty,32.98454221,5.350772889
3348,98,江门市,Jiangmen,2019,Entertainment,38.85209713,12.91390728
3349,98,江门市,Jiangmen,2019,Training,39.74167909,18.13214108
3350,98,江门市,Jiangmen,2019,Daily service,32.23851761,5.032054097
3351,98,江门市,Jiangmen,2019,Retail goods,33.89167885,3.264255292
3352,98,江门市,Jiangmen,2019,Exercise,53.00546448,17.4863388
3353,98,江门市,Jiangmen,2019,F&B,31.65977184,2.776733108
3354,264,湛江市,Zhanjiang,2019,Beauty,31.37437811,8.737562189
3355,264,湛江市,Zhanjiang,2019,Entertainment,40.39548023,14.97175141
3356,264,湛江市,Zhanjiang,2019,Training,38.42257598,18.81331404
3357,264,湛江市,Zhanjiang,2019,Daily service,27.39901298,5.300676293
3358,264,湛江市,Zhanjiang,2019,Retail goods,32.56554766,4.214653271
3359,264,湛江市,Zhanjiang,2019,Exercise,52.47524752,21.28712871
3360,264,湛江市,Zhanjiang,2019,F&B,32.3993649,2.913981507
3361,139,茂名市,Maoming,2019,Beauty,28.02197802,7.967032967
3362,139,茂名市,Maoming,2019,Entertainment,30.04484305,14.79820628
3363,139,茂名市,Maoming,2019,Training,30.407911,22.24969098
3364,139,茂名市,Maoming,2019,Daily service,23.90998594,5.016408814
3365,139,茂名市,Maoming,2019,Retail goods,24.07060121,2.118036404
3366,139,茂名市,Maoming,2019,Exercise,44.44444444,32.47863248
3367,139,茂名市,Maoming,2019,F&B,28.07377049,2.510245902
3368,273,肇庆市,Zhaoqing,2019,Beauty,30.89049851,4.175543247
3369,273,肇庆市,Zhaoqing,2019,Entertainment,38.11188811,11.88811189
3370,273,肇庆市,Zhaoqing,2019,Training,37.48743719,20.70351759
3371,273,肇庆市,Zhaoqing,2019,Daily service,28.65055388,4.766700235
3372,273,肇庆市,Zhaoqing,2019,Retail goods,31.09263472,1.796219311
3373,273,肇庆市,Zhaoqing,2019,Exercise,42.96296296,20
3374,273,肇庆市,Zhaoqing,2019,F&B,27.14589738,1.915346418
3375,89,惠州市,Huizhou,2019,Beauty,37.54620665,10.05104735
3376,89,惠州市,Huizhou,2019,Entertainment,40.1459854,20.2919708
3377,89,惠州市,Huizhou,2019,Training,42.43713733,30.56092843
3378,89,惠州市,Huizhou,2019,Daily service,35.16927741,9.988209533
3379,89,惠州市,Huizhou,2019,Retail goods,34.79284873,4.774649395
3380,89,惠州市,Huizhou,2019,Exercise,51.29411765,33.64705882
3381,89,惠州市,Huizhou,2019,F&B,33.20952132,2.312320167
3382,141,梅州市,Meizhou,2019,Beauty,32.15118992,3.313112459
3383,141,梅州市,Meizhou,2019,Entertainment,37.6146789,9.174311927
3384,141,梅州市,Meizhou,2019,Training,38.91891892,10.59459459
3385,141,梅州市,Meizhou,2019,Daily service,29.76667882,2.442581116
3386,141,梅州市,Meizhou,2019,Retail goods,28.3079441,1.47299509
3387,141,梅州市,Meizhou,2019,Exercise,49.6124031,17.05426357
3388,141,梅州市,Meizhou,2019,F&B,32.04599425,2.074740657
3389,177,汕尾市,Shanwei,2019,Beauty,29.45736434,4.496124031
3390,177,汕尾市,Shanwei,2019,Entertainment,27.11864407,5.084745763
3391,177,汕尾市,Shanwei,2019,Training,33.49514563,16.50485437
3392,177,汕尾市,Shanwei,2019,Daily service,24.16302766,2.69286754
3393,177,汕尾市,Shanwei,2019,Retail goods,25.65481759,1.216089804
3394,177,汕尾市,Shanwei,2019,Exercise,58.62068966,17.24137931
3395,177,汕尾市,Shanwei,2019,F&B,27.84848485,2.272727273
3396,71,河源市,Heyuan,2019,Beauty,32.75475924,5.599104143
3397,71,河源市,Heyuan,2019,Entertainment,30.98039216,10.98039216
3398,71,河源市,Heyuan,2019,Training,29.91573034,14.18539326
3399,71,河源市,Heyuan,2019,Daily service,28.96966994,6.088314005
3400,71,河源市,Heyuan,2019,Retail goods,30.56732843,2.81061789
3401,71,河源市,Heyuan,2019,Exercise,41.93548387,18.5483871
3402,71,河源市,Heyuan,2019,F&B,29.7123623,3.228274174
3403,246,阳江市,Yangjiang,2019,Beauty,28.70873381,3.301295445
3404,246,阳江市,Yangjiang,2019,Entertainment,32.06751055,12.65822785
3405,246,阳江市,Yangjiang,2019,Training,31.37973138,11.35531136
3406,246,阳江市,Yangjiang,2019,Daily service,25.02793296,2.636871508
3407,246,阳江市,Yangjiang,2019,Retail goods,26.88412273,2.301161752
3408,246,阳江市,Yangjiang,2019,Exercise,45.18518519,17.03703704
3409,246,阳江市,Yangjiang,2019,F&B,25.24760513,1.883422634
3410,166,清远市,Qingyuan,2019,Beauty,38.67330017,5.704809287
3411,166,清远市,Qingyuan,2019,Entertainment,40.39548023,17.23163842
3412,166,清远市,Qingyuan,2019,Training,40.90909091,20.1010101
3413,166,清远市,Qingyuan,2019,Daily service,36.06835193,5.027538483
3414,166,清远市,Qingyuan,2019,Retail goods,35.07475317,2.053596615
3415,166,清远市,Qingyuan,2019,Exercise,54.18719212,23.15270936
3416,166,清远市,Qingyuan,2019,F&B,35.84102937,2.708311715
3417,44,东莞市,Dongguan,2019,Beauty,36.97227619,5.405988836
3418,44,东莞市,Dongguan,2019,Entertainment,39.2478928,15.30149125
3419,44,东莞市,Dongguan,2019,Training,45.04974404,23.7805467
3420,44,东莞市,Dongguan,2019,Daily service,31.85205499,5.933062276
3421,44,东莞市,Dongguan,2019,Retail goods,36.84355332,4.703459779
3422,44,东莞市,Dongguan,2019,Exercise,49.33214604,25.33392698
3423,44,东莞市,Dongguan,2019,F&B,33.36829405,2.193062007
3424,276,中山市,Zhongshan,2019,Beauty,30.46111255,4.766848343
3425,276,中山市,Zhongshan,2019,Entertainment,35.653166,11.86537365
3426,276,中山市,Zhongshan,2019,Training,37.60741746,16.87019448
3427,276,中山市,Zhongshan,2019,Daily service,29.44748666,4.633529907
3428,276,中山市,Zhongshan,2019,Retail goods,30.99259225,4.26411666
3429,276,中山市,Zhongshan,2019,Exercise,42.65129683,24.63976945
3430,276,中山市,Zhongshan,2019,F&B,28.09591418,1.47236683
3431,26,潮州市,Chaozhou,2019,Beauty,31.5536105,3.588621444
3432,26,潮州市,Chaozhou,2019,Entertainment,34.42028986,6.52173913
3433,26,潮州市,Chaozhou,2019,Training,39.05109489,14.41605839
3434,26,潮州市,Chaozhou,2019,Daily service,28.68830826,2.639218791
3435,26,潮州市,Chaozhou,2019,Retail goods,33.89579442,1.346042378
3436,26,潮州市,Chaozhou,2019,Exercise,44.8,16
3437,26,潮州市,Chaozhou,2019,F&B,30.90837074,1.95405334
3438,100,揭阳市,Jieyang,2019,Beauty,34.62099125,2.150145773
3439,100,揭阳市,Jieyang,2019,Entertainment,45.74780059,9.090909091
3440,100,揭阳市,Jieyang,2019,Training,43.36842105,7.368421053
3441,100,揭阳市,Jieyang,2019,Daily service,28.88739946,1.709115282
3442,100,揭阳市,Jieyang,2019,Retail goods,33.36492891,0.896524487
3443,100,揭阳市,Jieyang,2019,Exercise,43.16239316,14.1025641
3444,100,揭阳市,Jieyang,2019,F&B,26.84282269,1.100975149
3445,261,云浮市,Yunfu,2019,Beauty,29.92592593,5.185185185
3446,261,云浮市,Yunfu,2019,Entertainment,34.31372549,16.66666667
3447,261,云浮市,Yunfu,2019,Training,37.63837638,20.29520295
3448,261,云浮市,Yunfu,2019,Daily service,29.55190017,4.027226319
3449,261,云浮市,Yunfu,2019,Retail goods,27.54597588,1.680838442
3450,261,云浮市,Yunfu,2019,Exercise,40.38461538,19.23076923
3451,261,云浮市,Yunfu,2019,F&B,24.98836668,2.280130293
3452,147,南宁市,Nanning,2019,Beauty,49.34711306,16.46141469
3453,147,南宁市,Nanning,2019,Entertainment,51.77993528,26.35228849
3454,147,南宁市,Nanning,2019,Training,59.66436037,27.91108494
3455,147,南宁市,Nanning,2019,Daily service,45.69052738,9.738206652
3456,147,南宁市,Nanning,2019,Retail goods,43.06647605,5.135161479
3457,147,南宁市,Nanning,2019,Exercise,58.72235872,36.77313677
3458,147,南宁市,Nanning,2019,F&B,41.86705767,4.88172043
3459,128,柳州市,Liuzhou,2019,Beauty,52.73229434,15.46656145
3460,128,柳州市,Liuzhou,2019,Entertainment,55.56994819,24.35233161
3461,128,柳州市,Liuzhou,2019,Training,56.13691932,28.06845966
3462,128,柳州市,Liuzhou,2019,Daily service,37.62993763,6.209888819
3463,128,柳州市,Liuzhou,2019,Retail goods,39.73730889,3.716530112
3464,128,柳州市,Liuzhou,2019,Exercise,61.37440758,28.19905213
3465,128,柳州市,Liuzhou,2019,F&B,40.09528291,3.699564757
3466,62,桂林市,Guilin,2019,Beauty,44.11169567,9.490084986
3467,62,桂林市,Guilin,2019,Entertainment,48.36601307,13.94335512
3468,62,桂林市,Guilin,2019,Training,52.73297491,18.59318996
3469,62,桂林市,Guilin,2019,Daily service,38.9412957,4.669837062
3470,62,桂林市,Guilin,2019,Retail goods,40.34881376,2.332145978
3471,62,桂林市,Guilin,2019,Exercise,60.08230453,22.22222222
3472,62,桂林市,Guilin,2019,F&B,39.37590639,2.590388558
3473,223,梧州市,Wuzhou,2019,Beauty,40.45025418,8.569353667
3474,223,梧州市,Wuzhou,2019,Entertainment,36,21
3475,223,梧州市,Wuzhou,2019,Training,46.55581948,23.75296912
3476,223,梧州市,Wuzhou,2019,Daily service,30.55896806,4.883292383
3477,223,梧州市,Wuzhou,2019,Retail goods,33.77615801,3.656242652
3478,223,梧州市,Wuzhou,2019,Exercise,56.98924731,21.50537634
3479,223,梧州市,Wuzhou,2019,F&B,34.98718418,3.661662395
3480,17,北海市,Beihai,2019,Beauty,33.56454721,13.83429672
3481,17,北海市,Beihai,2019,Entertainment,43.25842697,19.38202247
3482,17,北海市,Beihai,2019,Training,39.52095808,22.05588822
3483,17,北海市,Beihai,2019,Daily service,29.42209451,6.800766284
3484,17,北海市,Beihai,2019,Retail goods,27.04014795,2.242428913
3485,17,北海市,Beihai,2019,Exercise,48.48484848,28.78787879
3486,17,北海市,Beihai,2019,F&B,31.19832747,2.793880072
3487,48,防城港市,Fangchenggang,2019,Beauty,25.72898799,8.233276158
3488,48,防城港市,Fangchenggang,2019,Entertainment,31.25,9.375
3489,48,防城港市,Fangchenggang,2019,Training,27,14
3490,48,防城港市,Fangchenggang,2019,Daily service,24.31551499,4.041720991
3491,48,防城港市,Fangchenggang,2019,Retail goods,21.43581938,6.519533232
3492,48,防城港市,Fangchenggang,2019,Exercise,27.5862069,31.03448276
3493,48,防城港市,Fangchenggang,2019,F&B,26.21225984,2.378774016
3494,163,钦州市,Qinzhou,2019,Beauty,31.82629387,7.317073171
3495,163,钦州市,Qinzhou,2019,Entertainment,34.17085427,15.07537688
3496,163,钦州市,Qinzhou,2019,Training,34.53389831,18.43220339
3497,163,钦州市,Qinzhou,2019,Daily service,25.02860412,3.861556064
3498,163,钦州市,Qinzhou,2019,Retail goods,28.73692078,2.45391131
3499,163,钦州市,Qinzhou,2019,Exercise,34.84848485,28.78787879
3500,163,钦州市,Qinzhou,2019,F&B,26.48790059,3.052103772
3501,60,贵港市,Guigang,2019,Beauty,34.50046685,9.570494865
3502,60,贵港市,Guigang,2019,Entertainment,36.40552995,14.74654378
3503,60,贵港市,Guigang,2019,Training,41.81117534,17.72639692
3504,60,贵港市,Guigang,2019,Daily service,27.80704186,6.736900471
3505,60,贵港市,Guigang,2019,Retail goods,30.93177189,4.709775967
3506,60,贵港市,Guigang,2019,Exercise,43.87755102,21.42857143
3507,60,贵港市,Guigang,2019,F&B,26.37957152,4.154944817
3508,258,玉林市,Yulin,2019,Beauty,33.66264179,7.720453714
3509,258,玉林市,Yulin,2019,Entertainment,31.5,17.5
3510,258,玉林市,Yulin,2019,Training,36.2033195,10.58091286
3511,258,玉林市,Yulin,2019,Daily service,28.09932786,4.350261389
3512,258,玉林市,Yulin,2019,Retail goods,27.77389549,2.562310738
3513,258,玉林市,Yulin,2019,Exercise,50.98039216,26.79738562
3514,258,玉林市,Yulin,2019,F&B,26.86000607,3.112663225
3515,11,百色市,Baise,2019,Beauty,33.63949483,8.381171068
3516,11,百色市,Baise,2019,Entertainment,35.65891473,21.70542636
3517,11,百色市,Baise,2019,Training,47.54716981,15.8490566
3518,11,百色市,Baise,2019,Daily service,27.98617966,3.603158934
3519,11,百色市,Baise,2019,Retail goods,29.97725863,2.832334091
3520,11,百色市,Baise,2019,Exercise,38,24
3521,11,百色市,Baise,2019,F&B,27.79177162,3.050657711
3522,72,贺州市,Hezhou,2019,Beauty,37.89778206,11.37897782
3523,72,贺州市,Hezhou,2019,Entertainment,32.63157895,15.78947368
3524,72,贺州市,Hezhou,2019,Training,37.74104683,12.12121212
3525,72,贺州市,Hezhou,2019,Daily service,23.70283019,3.144654088
3526,72,贺州市,Hezhou,2019,Retail goods,26.82628452,2.114645229
3527,72,贺州市,Hezhou,2019,Exercise,41.66666667,33.33333333
3528,72,贺州市,Hezhou,2019,F&B,26.67143368,2.538434036
3529,70,河池市,Hechi,2019,Beauty,33.18729463,4.600219058
3530,70,河池市,Hechi,2019,Entertainment,44.89795918,10.20408163
3531,70,河池市,Hechi,2019,Training,39.47368421,15.78947368
3532,70,河池市,Hechi,2019,Daily service,28.22195704,2.923627685
3533,70,河池市,Hechi,2019,Retail goods,29.16755376,2.299340004
3534,70,河池市,Hechi,2019,Exercise,51.61290323,19.35483871
3535,70,河池市,Hechi,2019,F&B,33.18402389,1.903695409
3536,115,来宾市,Laibin,2019,Beauty,32.56048387,7.963709677
3537,115,来宾市,Laibin,2019,Entertainment,44.82758621,12.06896552
3538,115,来宾市,Laibin,2019,Training,36.17021277,15.95744681
3539,115,来宾市,Laibin,2019,Daily service,24.97857755,3.727506427
3540,115,来宾市,Laibin,2019,Retail goods,30.10264176,3.23069157
3541,115,来宾市,Laibin,2019,Exercise,45,32.5
3542,115,来宾市,Laibin,2019,F&B,27.5,3.018292683
3543,33,崇左市,Chongzuo,2019,Beauty,39.488117,3.290676417
3544,33,崇左市,Chongzuo,2019,Entertainment,39.62264151,5.660377358
3545,33,崇左市,Chongzuo,2019,Training,40.43715847,10.38251366
3546,33,崇左市,Chongzuo,2019,Daily service,27.66519824,1.585903084
3547,33,崇左市,Chongzuo,2019,Retail goods,27.17659499,0.810715545
3548,33,崇左市,Chongzuo,2019,Exercise,44.82758621,10.34482759
3549,33,崇左市,Chongzuo,2019,F&B,29.52824694,2.154921374
3550,65,海口市,Haikou,2019,Beauty,43.94574107,22.76082186
3551,65,海口市,Haikou,2019,Entertainment,45.14134276,23.93992933
3552,65,海口市,Haikou,2019,Training,49.64816263,35.22283034
3553,65,海口市,Haikou,2019,Daily service,38.44966028,12.49227918
3554,65,海口市,Haikou,2019,Retail goods,31.93032847,5.22536456
3555,65,海口市,Haikou,2019,Exercise,52.86821705,36.58914729
3556,65,海口市,Haikou,2019,F&B,37.29852187,4.935749833
3557,174,三亚市,Sanya,2019,Beauty,43.68381241,20.80181543
3558,174,三亚市,Sanya,2019,Entertainment,46.10244989,17.14922049
3559,174,三亚市,Sanya,2019,Training,50.50946143,27.51091703
3560,174,三亚市,Sanya,2019,Daily service,37.32421875,10.5078125
3561,174,三亚市,Sanya,2019,Retail goods,31.5865187,5.42540074
3562,174,三亚市,Sanya,2019,Exercise,58.18181818,29.54545455
3563,174,三亚市,Sanya,2019,F&B,36.70462157,6.136972539
3564,40,儋州市,Danzhou,2019,Beauty,21.71799028,4.53808752
3565,40,儋州市,Danzhou,2019,Entertainment,20,7
3566,40,儋州市,Danzhou,2019,Training,19.42857143,7.428571429
3567,40,儋州市,Danzhou,2019,Daily service,15.42253521,2.394366197
3568,40,儋州市,Danzhou,2019,Retail goods,17.25944307,1.819685691
3569,40,儋州市,Danzhou,2019,Exercise,6.451612903,25.80645161
3570,40,儋州市,Danzhou,2019,F&B,19.61378266,2.158273381
3571,278,重庆市,Chongqing,2019,Beauty,45.07900049,9.824598037
3572,278,重庆市,Chongqing,2019,Entertainment,45.63311688,12.90584416
3573,278,重庆市,Chongqing,2019,Training,56.05745776,24.07624898
3574,278,重庆市,Chongqing,2019,Daily service,39.86386115,7.545928057
3575,278,重庆市,Chongqing,2019,Retail goods,38.33612462,5.380455619
3576,278,重庆市,Chongqing,2019,Exercise,59.53736655,17.22419929
3577,278,重庆市,Chongqing,2019,F&B,40.08355743,3.951210142
3578,29,成都市,Chengdu,2019,Beauty,38.45503897,16.03472677
3579,29,成都市,Chengdu,2019,Entertainment,43.82356585,20.64180399
3580,29,成都市,Chengdu,2019,Training,50.6614786,35.9844358
3581,29,成都市,Chengdu,2019,Daily service,36.41370598,10.44903477
3582,29,成都市,Chengdu,2019,Retail goods,33.12071132,5.610606086
3583,29,成都市,Chengdu,2019,Exercise,54.84418062,32.45707017
3584,29,成都市,Chengdu,2019,F&B,34.82353096,5.112358439
3585,286,自贡市,Zigong,2019,Beauty,44.67578822,11.42177275
3586,286,自贡市,Zigong,2019,Entertainment,47.36842105,16.89750693
3587,286,自贡市,Zigong,2019,Training,53.57142857,22.85714286
3588,286,自贡市,Zigong,2019,Daily service,32.88888889,5.925925926
3589,286,自贡市,Zigong,2019,Retail goods,36.07919824,3.385480323
3590,286,自贡市,Zigong,2019,Exercise,58.33333333,25
3591,286,自贡市,Zigong,2019,F&B,37.69230769,4.102564103
3592,154,攀枝花市,Panzhihua,2019,Beauty,44.72361809,6.972361809
3593,154,攀枝花市,Panzhihua,2019,Entertainment,44.79768786,12.71676301
3594,154,攀枝花市,Panzhihua,2019,Training,50.59952038,17.0263789
3595,154,攀枝花市,Panzhihua,2019,Daily service,44.6586083,5.063704672
3596,154,攀枝花市,Panzhihua,2019,Retail goods,45.98770298,3.752167744
3597,154,攀枝花市,Panzhihua,2019,Exercise,58.73015873,14.28571429
3598,154,攀枝花市,Panzhihua,2019,F&B,43.99894487,3.956739647
3599,134,泸州市,Luzhou,2019,Beauty,35.68164509,12.56664128
3600,134,泸州市,Luzhou,2019,Entertainment,46.25267666,15.84582441
3601,134,泸州市,Luzhou,2019,Training,42.15851602,29.51096121
3602,134,泸州市,Luzhou,2019,Daily service,33.38222967,6.642917016
3603,134,泸州市,Luzhou,2019,Retail goods,33.81518756,4.18115279
3604,134,泸州市,Luzhou,2019,Exercise,46.47887324,29.57746479
3605,134,泸州市,Luzhou,2019,F&B,31.19173312,4.829832641
3606,41,德阳市,Deyang,2019,Beauty,30.21555042,7.736720554
3607,41,德阳市,Deyang,2019,Entertainment,35.57142857,8.571428571
3608,41,德阳市,Deyang,2019,Training,36.51685393,21.57303371
3609,41,德阳市,Deyang,2019,Daily service,28.0418251,4.543726236
3610,41,德阳市,Deyang,2019,Retail goods,28.05768204,1.539967954
3611,41,德阳市,Deyang,2019,Exercise,45.73170732,23.7804878
3612,41,德阳市,Deyang,2019,F&B,30.97163549,1.991550996
3613,142,绵阳市,Mianyang,2019,Beauty,41.33806765,12.72659316
3614,142,绵阳市,Mianyang,2019,Entertainment,45.34778681,11.20144535
3615,142,绵阳市,Mianyang,2019,Training,49.40662086,20.67457839
3616,142,绵阳市,Mianyang,2019,Daily service,35,4.762886598
3617,142,绵阳市,Mianyang,2019,Retail goods,34.58933511,1.707526471
3618,142,绵阳市,Mianyang,2019,Exercise,62.04379562,30.2919708
3619,142,绵阳市,Mianyang,2019,F&B,37.77040983,2.962278509
3620,58,广元市,Guangyuan,2019,Beauty,33.56321839,10.651341
3621,58,广元市,Guangyuan,2019,Entertainment,33.09859155,14.08450704
3622,58,广元市,Guangyuan,2019,Training,39.64646465,19.94949495
3623,58,广元市,Guangyuan,2019,Daily service,25.65579015,5.822136916
3624,58,广元市,Guangyuan,2019,Retail goods,31.34984026,3.594249201
3625,58,广元市,Guangyuan,2019,Exercise,40,14.54545455
3626,58,广元市,Guangyuan,2019,F&B,27.99164429,3.133393017
3627,198,遂宁市,Suining,2019,Beauty,41.03726083,9.869083585
3628,198,遂宁市,Suining,2019,Entertainment,34.83606557,12.5
3629,198,遂宁市,Suining,2019,Training,48.97959184,20.861678
3630,198,遂宁市,Suining,2019,Daily service,34.19817149,4.84309365
3631,198,遂宁市,Suining,2019,Retail goods,39.30413786,2.590275491
3632,198,遂宁市,Suining,2019,Exercise,42.85714286,24.48979592
3633,198,遂宁市,Suining,2019,F&B,34.77315553,3.594723873
3634,151,内江市,Neijiang,2019,Beauty,34.53663793,8.512931034
3635,151,内江市,Neijiang,2019,Entertainment,26.3322884,11.28526646
3636,151,内江市,Neijiang,2019,Training,42.20623501,16.30695444
3637,151,内江市,Neijiang,2019,Daily service,30.58207576,4.712041885
3638,151,内江市,Neijiang,2019,Retail goods,29.21333509,3.307418632
3639,151,内江市,Neijiang,2019,Exercise,48.07692308,22.11538462
3640,151,内江市,Neijiang,2019,F&B,27.59268751,3.792926704
3641,118,乐山市,Leshan,2019,Beauty,38.35553514,10.24345429
3642,118,乐山市,Leshan,2019,Entertainment,37.55555556,10
3643,118,乐山市,Leshan,2019,Training,46.75675676,11.75675676
3644,118,乐山市,Leshan,2019,Daily service,32.72589218,5.745380916
3645,118,乐山市,Leshan,2019,Retail goods,33.08929676,2.701587956
3646,118,乐山市,Leshan,2019,Exercise,39.13043478,35.65217391
3647,118,乐山市,Leshan,2019,F&B,35.29615518,2.251472116
3648,145,南充市,Nanchong,2019,Beauty,34.80176211,8.72246696
3649,145,南充市,Nanchong,2019,Entertainment,38.86397608,12.10762332
3650,145,南充市,Nanchong,2019,Training,48.49498328,16.94537347
3651,145,南充市,Nanchong,2019,Daily service,31.01987142,3.492109877
3652,145,南充市,Nanchong,2019,Retail goods,32.52867009,2.223911804
3653,145,南充市,Nanchong,2019,Exercise,57.43589744,26.66666667
3654,145,南充市,Nanchong,2019,F&B,30.4294378,2.270119653
3655,140,眉山市,Meishan,2019,Beauty,31.45766345,4.501607717
3656,140,眉山市,Meishan,2019,Entertainment,35.48387097,8.467741935
3657,140,眉山市,Meishan,2019,Training,44.75374732,14.13276231
3658,140,眉山市,Meishan,2019,Daily service,29.84267453,4.30186824
3659,140,眉山市,Meishan,2019,Retail goods,28.33872708,2.524271845
3660,140,眉山市,Meishan,2019,Exercise,55.43478261,31.52173913
3661,140,眉山市,Meishan,2019,F&B,26.82187849,1.498963483
3662,249,宜宾市,Yibin,2019,Beauty,39.32545202,9.005563282
3663,249,宜宾市,Yibin,2019,Entertainment,43.0292599,11.35972461
3664,249,宜宾市,Yibin,2019,Training,43.30357143,19.64285714
3665,249,宜宾市,Yibin,2019,Daily service,33.27559661,4.060816012
3666,249,宜宾市,Yibin,2019,Retail goods,37.11498145,3.257539107
3667,249,宜宾市,Yibin,2019,Exercise,44.95412844,24.7706422
3668,249,宜宾市,Yibin,2019,F&B,35.71208226,3.938303342
3669,57,广安市,Guang'an,2019,Beauty,34.20342034,8.640864086
3670,57,广安市,Guang'an,2019,Entertainment,36.39705882,12.86764706
3671,57,广安市,Guang'an,2019,Training,37.16814159,11.79941003
3672,57,广安市,Guang'an,2019,Daily service,25.80540189,3.28669053
3673,57,广安市,Guang'an,2019,Retail goods,28.07769591,1.245813798
3674,57,广安市,Guang'an,2019,Exercise,39.53488372,18.60465116
3675,57,广安市,Guang'an,2019,F&B,28.47075405,2.701432934
3676,35,达州市,Dazhou,2019,Beauty,35.46725533,8.388520971
3677,35,达州市,Dazhou,2019,Entertainment,42.80821918,10.95890411
3678,35,达州市,Dazhou,2019,Training,43.71482176,16.51031895
3679,35,达州市,Dazhou,2019,Daily service,33.30700369,4.212743549
3680,35,达州市,Dazhou,2019,Retail goods,34.07079646,3.385470261
3681,35,达州市,Dazhou,2019,Exercise,52.27272727,18.18181818
3682,35,达州市,Dazhou,2019,F&B,32.89473684,3.296398892
3683,241,雅安市,Ya'an,2019,Beauty,44.84181568,10.5914718
3684,241,雅安市,Ya'an,2019,Entertainment,43.97163121,17.73049645
3685,241,雅安市,Ya'an,2019,Training,48.98785425,15.78947368
3686,241,雅安市,Ya'an,2019,Daily service,42.83276451,3.014789534
3687,241,雅安市,Ya'an,2019,Retail goods,45.97889801,3.423212192
3688,241,雅安市,Ya'an,2019,Exercise,52.94117647,23.52941176
3689,241,雅安市,Ya'an,2019,F&B,35.03991192,3.743462703
3690,7,巴中市,Bazhong,2019,Beauty,39.6016403,9.197422378
3691,7,巴中市,Bazhong,2019,Entertainment,37.86764706,16.91176471
3692,7,巴中市,Bazhong,2019,Training,44.77272727,23.86363636
3693,7,巴中市,Bazhong,2019,Daily service,37.59580476,6.77692618
3694,7,巴中市,Bazhong,2019,Retail goods,37.17948718,2.639517345
3695,7,巴中市,Bazhong,2019,Exercise,45.76271186,32.20338983
3696,7,巴中市,Bazhong,2019,F&B,34.5276873,4.364820847
3697,284,资阳市,Ziyang,2019,Beauty,35.92946363,6.39235856
3698,284,资阳市,Ziyang,2019,Entertainment,43.11111111,12.44444444
3699,284,资阳市,Ziyang,2019,Training,48.07692308,14.1025641
3700,284,资阳市,Ziyang,2019,Daily service,26.91634582,2.870143507
3701,284,资阳市,Ziyang,2019,Retail goods,31.33985049,2.300172513
3702,284,资阳市,Ziyang,2019,Exercise,43.5483871,9.677419355
3703,284,资阳市,Ziyang,2019,F&B,30.76229138,2.954442941
3704,61,贵阳市,Guiyang,2019,Beauty,43.32334602,25.49194267
3705,61,贵阳市,Guiyang,2019,Entertainment,46.98275862,33.77742947
3706,61,贵阳市,Guiyang,2019,Training,52.86659316,36.08967291
3707,61,贵阳市,Guiyang,2019,Daily service,39.95014155,12.35475557
3708,61,贵阳市,Guiyang,2019,Retail goods,39.37384972,7.150066296
3709,61,贵阳市,Guiyang,2019,Exercise,50.81300813,40.6504065
3710,61,贵阳市,Guiyang,2019,F&B,40.1927237,11.03834808
3711,130,六盘水市,Liupanshui,2019,Beauty,39.56386293,13.33333333
3712,130,六盘水市,Liupanshui,2019,Entertainment,43.09623431,24.26778243
3713,130,六盘水市,Liupanshui,2019,Training,46.70542636,17.63565891
3714,130,六盘水市,Liupanshui,2019,Daily service,29.58762887,3.840206186
3715,130,六盘水市,Liupanshui,2019,Retail goods,33.00438596,2.681419458
3716,130,六盘水市,Liupanshui,2019,Exercise,46.55172414,32.75862069
3717,130,六盘水市,Liupanshui,2019,F&B,33.47509113,3.645200486
3718,287,遵义市,Zunyi,2019,Beauty,43.65640599,12.87437604
3719,287,遵义市,Zunyi,2019,Entertainment,47.71505376,16.39784946
3720,287,遵义市,Zunyi,2019,Training,51.67394469,23.94468705
3721,287,遵义市,Zunyi,2019,Daily service,38.63317608,6.413362234
3722,287,遵义市,Zunyi,2019,Retail goods,37.19047122,3.400898548
3723,287,遵义市,Zunyi,2019,Exercise,53.84615385,26.92307692
3724,287,遵义市,Zunyi,2019,F&B,40.6865435,5.011889519
3725,3,安顺市,Anshun,2019,Beauty,35.62355658,11.43187067
3726,3,安顺市,Anshun,2019,Entertainment,43.47826087,13.4057971
3727,3,安顺市,Anshun,2019,Training,42.01877934,13.84976526
3728,3,安顺市,Anshun,2019,Daily service,29.46175637,3.611898017
3729,3,安顺市,Anshun,2019,Retail goods,35.02115656,1.889985896
3730,3,安顺市,Anshun,2019,Exercise,43.63636364,32.72727273
3731,3,安顺市,Anshun,2019,F&B,35.93029954,3.240207373
3732,211,铜仁市,Tongren,2019,Beauty,44.48430493,15.60538117
3733,211,铜仁市,Tongren,2019,Entertainment,47.79411765,22.79411765
3734,211,铜仁市,Tongren,2019,Training,38.43648208,17.58957655
3735,211,铜仁市,Tongren,2019,Daily service,35.06078055,4.478566859
3736,211,铜仁市,Tongren,2019,Retail goods,41.83651107,2.586017971
3737,211,铜仁市,Tongren,2019,Exercise,56.52173913,28.26086957
3738,211,铜仁市,Tongren,2019,F&B,37.84971098,4.578034682
3739,113,昆明市,Kunming,2019,Beauty,49.48710683,18.37914423
3740,113,昆明市,Kunming,2019,Entertainment,54.98436957,24.10559222
3741,113,昆明市,Kunming,2019,Training,58.46336948,28.7490082
3742,113,昆明市,Kunming,2019,Daily service,46.1433911,8.991348441
3743,113,昆明市,Kunming,2019,Retail goods,44.8350498,5.204560887
3744,113,昆明市,Kunming,2019,Exercise,65.13409962,32.87356322
3745,113,昆明市,Kunming,2019,F&B,48.10578052,5.26147913
3746,168,曲靖市,Qujing,2019,Beauty,36.28762542,9.740802676
3747,168,曲靖市,Qujing,2019,Entertainment,35.18164436,10.70745698
3748,168,曲靖市,Qujing,2019,Training,44.36781609,14.13793103
3749,168,曲靖市,Qujing,2019,Daily service,27.03300174,3.094899732
3750,168,曲靖市,Qujing,2019,Retail goods,31.91109205,1.47941681
3751,168,曲靖市,Qujing,2019,Exercise,47.28682171,28.68217054
3752,168,曲靖市,Qujing,2019,F&B,29.26461245,2.310991105
3753,259,玉溪市,Yuxi,2019,Beauty,40.66225166,8.80794702
3754,259,玉溪市,Yuxi,2019,Entertainment,43.20987654,20.16460905
3755,259,玉溪市,Yuxi,2019,Training,43.45047923,22.52396166
3756,259,玉溪市,Yuxi,2019,Daily service,30.05181347,3.901249619
3757,259,玉溪市,Yuxi,2019,Retail goods,35.90406434,2.05371248
3758,259,玉溪市,Yuxi,2019,Exercise,59.49367089,24.05063291
3759,259,玉溪市,Yuxi,2019,F&B,38.27553889,2.886597938
3760,16,保山市,Baoshan,2019,Beauty,33.87096774,4.933586338
3761,16,保山市,Baoshan,2019,Entertainment,29.86111111,7.638888889
3762,16,保山市,Baoshan,2019,Training,37.13080169,9.282700422
3763,16,保山市,Baoshan,2019,Daily service,26.8644417,2.884219201
3764,16,保山市,Baoshan,2019,Retail goods,29.90689013,2.104283054
3765,16,保山市,Baoshan,2019,Exercise,36.95652174,4.347826087
3766,16,保山市,Baoshan,2019,F&B,32.91796469,2.284527518
3767,272,昭通市,Zhaotong,2019,Beauty,36.27684964,11.93317422
3768,272,昭通市,Zhaotong,2019,Entertainment,40.7239819,11.76470588
3769,272,昭通市,Zhaotong,2019,Training,37.17948718,13.14102564
3770,272,昭通市,Zhaotong,2019,Daily service,32.94117647,3.367139959
3771,272,昭通市,Zhaotong,2019,Retail goods,27.67757382,1.995211492
3772,272,昭通市,Zhaotong,2019,Exercise,41.86046512,37.20930233
3773,272,昭通市,Zhaotong,2019,F&B,33.77549,3.524054643
3774,119,丽江市,Lijiang,2019,Beauty,39.01098901,7.82967033
3775,119,丽江市,Lijiang,2019,Entertainment,43.72623574,11.40684411
3776,119,丽江市,Lijiang,2019,Training,49.8015873,8.73015873
3777,119,丽江市,Lijiang,2019,Daily service,35.55787278,3.823427181
3778,119,丽江市,Lijiang,2019,Retail goods,40.16736402,2.132541504
3779,119,丽江市,Lijiang,2019,Exercise,46.31578947,17.89473684
3780,119,丽江市,Lijiang,2019,F&B,40.88586031,1.934061529
3781,125,临沧市,Lincang,2019,Beauty,42.5087108,11.32404181
3782,125,临沧市,Lincang,2019,Entertainment,49.41176471,16.47058824
3783,125,临沧市,Lincang,2019,Training,61.76470588,16.91176471
3784,125,临沧市,Lincang,2019,Daily service,34.69557965,3.919933278
3785,125,临沧市,Lincang,2019,Retail goods,38.10858144,2.451838879
3786,125,临沧市,Lincang,2019,Exercise,36.36363636,22.72727273
3787,125,临沧市,Lincang,2019,F&B,34.69198703,3.195924039
3788,114,拉萨市,Lasa,2019,Beauty,36.42518619,9.884901828
3789,114,拉萨市,Lasa,2019,Entertainment,36.73036093,8.704883227
3790,114,拉萨市,Lasa,2019,Training,48.86363636,8.333333333
3791,114,拉萨市,Lasa,2019,Daily service,34.34627171,2.425944842
3792,114,拉萨市,Lasa,2019,Retail goods,30.18657473,1.348610829
3793,114,拉萨市,Lasa,2019,Exercise,54.7826087,23.47826087
3794,114,拉萨市,Lasa,2019,F&B,34.63073852,3.642714571
3795,226,西安市,Xi'an,2019,Beauty,50.6852917,25.18981101
3796,226,西安市,Xi'an,2019,Entertainment,53.39459865,29.25731433
3797,226,西安市,Xi'an,2019,Training,54.80713457,32.37383991
3798,226,西安市,Xi'an,2019,Daily service,43.79683434,11.41241611
3799,226,西安市,Xi'an,2019,Retail goods,44.82960333,7.588425734
3800,226,西安市,Xi'an,2019,Exercise,59.24261874,33.11938383
3801,226,西安市,Xi'an,2019,F&B,43.5427499,6.120670669
3802,209,铜川市,Tongchuan,2019,Beauty,40.47186933,9.074410163
3803,209,铜川市,Tongchuan,2019,Entertainment,45.20547945,12.32876712
3804,209,铜川市,Tongchuan,2019,Training,41.93548387,6.85483871
3805,209,铜川市,Tongchuan,2019,Daily service,34.08505155,1.159793814
3806,209,铜川市,Tongchuan,2019,Retail goods,34.29404145,1.295336788
3807,209,铜川市,Tongchuan,2019,Exercise,51.2195122,26.82926829
3808,209,铜川市,Tongchuan,2019,F&B,29.79127135,6.024667932
3809,14,宝鸡市,Baoji,2019,Beauty,42.09228602,19.61958436
3810,14,宝鸡市,Baoji,2019,Entertainment,35.90116279,15.26162791
3811,14,宝鸡市,Baoji,2019,Training,40.61302682,26.34099617
3812,14,宝鸡市,Baoji,2019,Daily service,33.00438596,5.48245614
3813,14,宝鸡市,Baoji,2019,Retail goods,34.5410628,3.420289855
3814,14,宝鸡市,Baoji,2019,Exercise,46.15384615,34.87179487
3815,14,宝鸡市,Baoji,2019,F&B,38.21245976,3.323234236
3816,229,咸阳市,Xianyang,2019,Beauty,44.25221069,17.95463283
3817,229,咸阳市,Xianyang,2019,Entertainment,45.73913043,22.26086957
3818,229,咸阳市,Xianyang,2019,Training,47.06703911,21.01955307
3819,229,咸阳市,Xianyang,2019,Daily service,37.32516109,6.427785636
3820,229,咸阳市,Xianyang,2019,Retail goods,39.90704326,3.038970325
3821,229,咸阳市,Xianyang,2019,Exercise,51.63934426,31.14754098
3822,229,咸阳市,Xianyang,2019,F&B,38.47703153,2.912696568
3823,215,渭南市,Weinan,2019,Beauty,35.44494721,19.60784314
3824,215,渭南市,Weinan,2019,Entertainment,34.13173653,18.56287425
3825,215,渭南市,Weinan,2019,Training,35.79201935,17.6541717
3826,215,渭南市,Weinan,2019,Daily service,27.27272727,4.892676768
3827,215,渭南市,Weinan,2019,Retail goods,28.22760599,4.670066943
3828,215,渭南市,Weinan,2019,Exercise,34.42622951,36.06557377
3829,215,渭南市,Weinan,2019,F&B,30.00489476,2.088432044
3830,243,延安市,Yan'an,2019,Beauty,32.20720721,15.65315315
3831,243,延安市,Yan'an,2019,Entertainment,33.91304348,31.30434783
3832,243,延安市,Yan'an,2019,Training,43.22916667,26.5625
3833,243,延安市,Yan'an,2019,Daily service,24.36767428,5.181986428
3834,243,延安市,Yan'an,2019,Retail goods,25.74132492,5.141955836
3835,243,延安市,Yan'an,2019,Exercise,39.21568627,58.82352941
3836,243,延安市,Yan'an,2019,F&B,30.21472393,6.11305872
3837,67,汉中市,Hanzhong,2019,Beauty,37.08838821,11.66955517
3838,67,汉中市,Hanzhong,2019,Entertainment,33.67697595,15.12027491
3839,67,汉中市,Hanzhong,2019,Training,40.17094017,20.51282051
3840,67,汉中市,Hanzhong,2019,Daily service,26.70598147,3.00477394
3841,67,汉中市,Hanzhong,2019,Retail goods,30.69122275,2.867467071
3842,67,汉中市,Hanzhong,2019,Exercise,50,27.65957447
3843,67,汉中市,Hanzhong,2019,F&B,30.50146476,2.739962089
3844,257,榆林市,Yulin,2019,Beauty,38.36796756,5.930055753
3845,257,榆林市,Yulin,2019,Entertainment,36.28318584,13.86430678
3846,257,榆林市,Yulin,2019,Training,38.33333333,15.09259259
3847,257,榆林市,Yulin,2019,Daily service,28.51479109,3.659652333
3848,257,榆林市,Yulin,2019,Retail goods,30.43538355,3.842432619
3849,257,榆林市,Yulin,2019,Exercise,40.32258065,22.58064516
3850,257,榆林市,Yulin,2019,F&B,27.10632947,3.77253039
3851,1,安康市,Ankang,2019,Beauty,41.28919861,11.32404181
3852,1,安康市,Ankang,2019,Entertainment,41.47727273,17.04545455
3853,1,安康市,Ankang,2019,Training,41.45907473,13.70106762
3854,1,安康市,Ankang,2019,Daily service,31.46282974,3.932853717
3855,1,安康市,Ankang,2019,Retail goods,34.36802974,3.104089219
3856,1,安康市,Ankang,2019,Exercise,40,26.15384615
3857,1,安康市,Ankang,2019,F&B,37.00421006,2.681143364
3858,178,商洛市,Shangluo,2019,Beauty,35.31827515,12.52566735
3859,178,商洛市,Shangluo,2019,Entertainment,40.36697248,12.8440367
3860,178,商洛市,Shangluo,2019,Training,38.26086957,13.47826087
3861,178,商洛市,Shangluo,2019,Daily service,27.49301025,3.355079217
3862,178,商洛市,Shangluo,2019,Retail goods,30.85034014,2.346938776
3863,178,商洛市,Shangluo,2019,Exercise,47.61904762,19.04761905
3864,178,商洛市,Shangluo,2019,F&B,33.09203723,2.5336091
3865,116,兰州市,Lanzhou,2019,Beauty,44.20534891,19.13618199
3866,116,兰州市,Lanzhou,2019,Entertainment,52.64162954,23.04264799
3867,116,兰州市,Lanzhou,2019,Training,54.25983583,30.90857628
3868,116,兰州市,Lanzhou,2019,Daily service,38.50939988,10.77139225
3869,116,兰州市,Lanzhou,2019,Retail goods,40.04213576,6.287444861
3870,116,兰州市,Lanzhou,2019,Exercise,56.40569395,35.58718861
3871,116,兰州市,Lanzhou,2019,F&B,39.33947665,4.565278559
3872,97,嘉峪关市,Jiayuguan,2019,Beauty,25.38860104,2.694300518
3873,97,嘉峪关市,Jiayuguan,2019,Entertainment,29.72972973,5.405405405
3874,97,嘉峪关市,Jiayuguan,2019,Training,28.31858407,16.51917404
3875,97,嘉峪关市,Jiayuguan,2019,Daily service,21.63509472,2.891326022
3876,97,嘉峪关市,Jiayuguan,2019,Retail goods,30.03785348,2.182142062
3877,97,嘉峪关市,Jiayuguan,2019,Exercise,41.02564103,25.64102564
3878,97,嘉峪关市,Jiayuguan,2019,F&B,30.75949367,2.215189873
3879,101,金昌市,Jinchang,2019,Beauty,22.64416315,3.094233474
3880,101,金昌市,Jinchang,2019,Entertainment,31.51515152,8.484848485
3881,101,金昌市,Jinchang,2019,Training,30.03663004,12.82051282
3882,101,金昌市,Jinchang,2019,Daily service,18.69978086,1.826150475
3883,101,金昌市,Jinchang,2019,Retail goods,28.41830823,1.187717265
3884,101,金昌市,Jinchang,2019,Exercise,32.43243243,27.02702703
3885,101,金昌市,Jinchang,2019,F&B,21.1372549,2.078431373
3886,10,白银市,Baiyin,2019,Beauty,27.51322751,7.513227513
3887,10,白银市,Baiyin,2019,Entertainment,34.21052632,11.84210526
3888,10,白银市,Baiyin,2019,Training,27.73722628,17.51824818
3889,10,白银市,Baiyin,2019,Daily service,19.54808198,2.049395691
3890,10,白银市,Baiyin,2019,Retail goods,21.24253934,3.933803581
3891,10,白银市,Baiyin,2019,Exercise,48.64864865,27.02702703
3892,10,白银市,Baiyin,2019,F&B,23.48804501,3.58649789
3893,205,天水市,Tianshui,2019,Beauty,39.83548766,9.28319624
3894,205,天水市,Tianshui,2019,Entertainment,45.45454545,16.16161616
3895,205,天水市,Tianshui,2019,Training,47.16981132,19.40700809
3896,205,天水市,Tianshui,2019,Daily service,26.75626145,3.72632865
3897,205,天水市,Tianshui,2019,Retail goods,35.59585492,3.704663212
3898,205,天水市,Tianshui,2019,Exercise,50,27.08333333
3899,205,天水市,Tianshui,2019,F&B,33.01100367,4.968322774
3900,225,武威市,Wuwei,2019,Beauty,29.82744454,7.395234182
3901,225,武威市,Wuwei,2019,Entertainment,30.89005236,13.08900524
3902,225,武威市,Wuwei,2019,Training,30.93812375,11.77644711
3903,225,武威市,Wuwei,2019,Daily service,19.77982955,2.663352273
3904,225,武威市,Wuwei,2019,Retail goods,27.67098208,2.497711521
3905,225,武威市,Wuwei,2019,Exercise,39.39393939,18.18181818
3906,225,武威市,Wuwei,2019,F&B,30.66918397,4.950702748
3907,267,张掖市,Zhangye,2019,Beauty,35.16699411,4.715127701
3908,267,张掖市,Zhangye,2019,Entertainment,36.03603604,14.41441441
3909,267,张掖市,Zhangye,2019,Training,41.20734908,25.19685039
3910,267,张掖市,Zhangye,2019,Daily service,28.43519723,2.81751192
3911,267,张掖市,Zhangye,2019,Retail goods,36.03633917,2.338492598
3912,267,张掖市,Zhangye,2019,Exercise,44.11764706,35.29411765
3913,267,张掖市,Zhangye,2019,F&B,30.98695545,3.076544425
3914,157,平凉市,Pingliang,2019,Beauty,26.87312687,8.691308691
3915,157,平凉市,Pingliang,2019,Entertainment,28.8590604,14.76510067
3916,157,平凉市,Pingliang,2019,Training,40.59701493,24.47761194
3917,157,平凉市,Pingliang,2019,Daily service,21.3592233,2.030008826
3918,157,平凉市,Pingliang,2019,Retail goods,24.53723633,2.819629789
3919,157,平凉市,Pingliang,2019,Exercise,30.95238095,30.95238095
3920,157,平凉市,Pingliang,2019,F&B,24.7038064,3.377867406
3921,110,酒泉市,Jiuquan,2019,Beauty,26.33361558,3.810330229
3922,110,酒泉市,Jiuquan,2019,Entertainment,37.7245509,8.982035928
3923,110,酒泉市,Jiuquan,2019,Training,27.81316348,13.37579618
3924,110,酒泉市,Jiuquan,2019,Daily service,19.54707986,1.907032181
3925,110,酒泉市,Jiuquan,2019,Retail goods,24.61218313,2.62958759
3926,110,酒泉市,Jiuquan,2019,Exercise,41.50943396,24.52830189
3927,110,酒泉市,Jiuquan,2019,F&B,25.02026479,1.729262362
3928,167,庆阳市,Qingyang,2019,Beauty,26.62429379,6.850282486
3929,167,庆阳市,Qingyang,2019,Entertainment,34.05797101,12.31884058
3930,167,庆阳市,Qingyang,2019,Training,34.04255319,14.31334623
3931,167,庆阳市,Qingyang,2019,Daily service,21.53846154,2.544378698
3932,167,庆阳市,Qingyang,2019,Retail goods,24.68023779,2.774274905
3933,167,庆阳市,Qingyang,2019,Exercise,41.50943396,26.41509434
3934,167,庆阳市,Qingyang,2019,F&B,24.22956677,1.853506029
3935,43,定西市,Dingxi,2019,Beauty,23.85159011,4.240282686
3936,43,定西市,Dingxi,2019,Entertainment,36.70886076,12.65822785
3937,43,定西市,Dingxi,2019,Training,30.8056872,7.582938389
3938,43,定西市,Dingxi,2019,Daily service,23.80591357,2.880970432
3939,43,定西市,Dingxi,2019,Retail goods,24.3417203,1.19953189
3940,43,定西市,Dingxi,2019,Exercise,30,35
3941,43,定西市,Dingxi,2019,F&B,26.86774942,3.387470998
3942,132,陇南市,Longnan,2019,Beauty,47.16312057,9.574468085
3943,132,陇南市,Longnan,2019,Entertainment,45.16129032,15.05376344
3944,132,陇南市,Longnan,2019,Training,57.76397516,11.80124224
3945,132,陇南市,Longnan,2019,Daily service,36.05947955,4.460966543
3946,132,陇南市,Longnan,2019,Retail goods,36.05947955,3.011152416
3947,132,陇南市,Longnan,2019,Exercise,53.33333333,26.66666667
3948,132,陇南市,Longnan,2019,F&B,42.51601631,5.59114735
3949,227,西宁市,Xining,2019,Beauty,42.96482412,19.68174204
3950,227,西宁市,Xining,2019,Entertainment,44.21669107,16.54465593
3951,227,西宁市,Xining,2019,Training,46.72531769,25.41544477
3952,227,西宁市,Xining,2019,Daily service,34.89142857,7.702857143
3953,227,西宁市,Xining,2019,Retail goods,38.57846921,3.835876729
3954,227,西宁市,Xining,2019,Exercise,45.20547945,24.20091324
3955,227,西宁市,Xining,2019,F&B,36.23312359,5.663143747
3956,64,海东市,Haidong,2019,Beauty,34.01639344,4.918032787
3957,64,海东市,Haidong,2019,Entertainment,46.15384615,7.692307692
3958,64,海东市,Haidong,2019,Training,30.76923077,12.82051282
3959,64,海东市,Haidong,2019,Daily service,24.19659735,0.56710775
3960,64,海东市,Haidong,2019,Retail goods,29.87101154,1.83299389
3961,64,海东市,Haidong,2019,Exercise,37.5,0
3962,64,海东市,Haidong,2019,F&B,29.39330544,4.707112971
3963,253,银川市,Yinchuan,2019,Beauty,37.03812748,10.74635654
3964,253,银川市,Yinchuan,2019,Entertainment,40.19008826,10.31907671
3965,253,银川市,Yinchuan,2019,Training,44.98567335,19.3887297
3966,253,银川市,Yinchuan,2019,Daily service,36.7893477,6.238779174
3967,253,银川市,Yinchuan,2019,Retail goods,38.08789514,3.476888057
3968,253,银川市,Yinchuan,2019,Exercise,54.31818182,25.22727273
3969,253,银川市,Yinchuan,2019,F&B,31.53824119,3.298959228
3970,188,石嘴山市,Shizuishan,2019,Beauty,30,4.320987654
3971,188,石嘴山市,Shizuishan,2019,Entertainment,31.46067416,4.494382022
3972,188,石嘴山市,Shizuishan,2019,Training,41.88034188,12.82051282
3973,188,石嘴山市,Shizuishan,2019,Daily service,17.53118844,2.560735391
3974,188,石嘴山市,Shizuishan,2019,Retail goods,23.24938575,3.86977887
3975,188,石嘴山市,Shizuishan,2019,Exercise,35.29411765,14.70588235
3976,188,石嘴山市,Shizuishan,2019,F&B,21.05687777,1.734570391
3977,221,吴忠市,Wuzhong,2019,Beauty,28.60154603,4.146170063
3978,221,吴忠市,Wuzhong,2019,Entertainment,28.86178862,4.471544715
3979,221,吴忠市,Wuzhong,2019,Training,30.24282561,12.58278146
3980,221,吴忠市,Wuzhong,2019,Daily service,19.74607417,2.238556632
3981,221,吴忠市,Wuzhong,2019,Retail goods,25.66317088,2.128315854
3982,221,吴忠市,Wuzhong,2019,Exercise,40.57971014,13.04347826
3983,221,吴忠市,Wuzhong,2019,F&B,28.69809689,1.838235294
3984,56,固原市,Guyuan,2019,Beauty,22.70029674,5.192878338
3985,56,固原市,Guyuan,2019,Entertainment,24,6.666666667
3986,56,固原市,Guyuan,2019,Training,28.07017544,7.456140351
3987,56,固原市,Guyuan,2019,Daily service,17.17519685,1.230314961
3988,56,固原市,Guyuan,2019,Retail goods,17.53722524,4.041597731
3989,56,固原市,Guyuan,2019,Exercise,28.57142857,17.85714286
3990,56,固原市,Guyuan,2019,F&B,23.24402607,4.127443881
3991,277,中卫市,Zhongwei,2019,Beauty,28.45188285,4.463040446
3992,277,中卫市,Zhongwei,2019,Entertainment,58.37104072,6.334841629
3993,277,中卫市,Zhongwei,2019,Training,32.06349206,13.96825397
3994,277,中卫市,Zhongwei,2019,Daily service,21.63573086,5.916473318
3995,277,中卫市,Zhongwei,2019,Retail goods,22.70628967,6.116560877
3996,277,中卫市,Zhongwei,2019,Exercise,37.5,12.5
3997,277,中卫市,Zhongwei,2019,F&B,26.5631929,3.015521064
3998,219,乌鲁木齐市,Urumqi,2019,Beauty,49.6276789,16.26407555
3999,219,乌鲁木齐市,Urumqi,2019,Entertainment,47.64674775,11.52829191
4000,219,乌鲁木齐市,Urumqi,2019,Training,56.54916512,26.12244898
4001,219,乌鲁木齐市,Urumqi,2019,Daily service,41.20517625,8.060650952
4002,219,乌鲁木齐市,Urumqi,2019,Retail goods,47.78388044,4.736662835
4003,219,乌鲁木齐市,Urumqi,2019,Exercise,57.08274895,28.05049088
4004,219,乌鲁木齐市,Urumqi,2019,F&B,42.4004314,5.76226793
4005,112,克拉玛依市,Karamay,2019,Beauty,44.99332443,8.67823765
4006,112,克拉玛依市,Karamay,2019,Entertainment,23.30097087,7.766990291
4007,112,克拉玛依市,Karamay,2019,Training,46.23115578,19.59798995
4008,112,克拉玛依市,Karamay,2019,Daily service,37.39946381,4.08847185
4009,112,克拉玛依市,Karamay,2019,Retail goods,43.77211607,3.892427459
4010,112,克拉玛依市,Karamay,2019,Exercise,51.92307692,23.07692308
4011,112,克拉玛依市,Karamay,2019,F&B,36.49412788,1.78338408
4012,212,吐鲁番市,Turpan,2019,Beauty,16.31799163,3.347280335
4013,212,吐鲁番市,Turpan,2019,Entertainment,28.57142857,4.761904762
4014,212,吐鲁番市,Turpan,2019,Training,28.57142857,10.71428571
4015,212,吐鲁番市,Turpan,2019,Daily service,14.04612159,3.983228512
4016,212,吐鲁番市,Turpan,2019,Retail goods,17.1648164,3.672075149
4017,212,吐鲁番市,Turpan,2019,Exercise,44.44444444,0
4018,212,吐鲁番市,Turpan,2019,F&B,17.80821918,4.741833509
4019,18,北京市,Beijing,2023,Beauty,62.68603575,31.31809442
4020,18,北京市,Beijing,2023,Entertainment,70.64473684,38.56578947
4021,18,北京市,Beijing,2023,Training,71.44275121,42.0096923
4022,18,北京市,Beijing,2023,Daily service,61.49496152,15.92117012
4023,18,北京市,Beijing,2023,Retail goods,54.74834235,12.90003774
4024,18,北京市,Beijing,2023,Exercise,74.97721057,36.15542388
4025,18,北京市,Beijing,2023,F&B,56.13565147,14.62549277
4026,204,天津市,Tianjin,2023,Beauty,54.99238333,21.02201911
4027,204,天津市,Tianjin,2023,Entertainment,64.19686317,27.90697674
4028,204,天津市,Tianjin,2023,Training,66.1420205,39.01903367
4029,204,天津市,Tianjin,2023,Daily service,51.08166577,8.831028355
4030,204,天津市,Tianjin,2023,Retail goods,48.72004429,7.176188342
4031,204,天津市,Tianjin,2023,Exercise,69.17975567,30.9947644
4032,204,天津市,Tianjin,2023,F&B,45.72980058,6.087444996
4033,187,石家庄市,Shijiazhuang,2023,Beauty,56.10200364,25.68306011
4034,187,石家庄市,Shijiazhuang,2023,Entertainment,58.17547358,34.49651047
4035,187,石家庄市,Shijiazhuang,2023,Training,57.26231031,34.93341592
4036,187,石家庄市,Shijiazhuang,2023,Daily service,52.02580271,7.682829601
4037,187,石家庄市,Shijiazhuang,2023,Retail goods,52.65872368,8.225885425
4038,187,石家庄市,Shijiazhuang,2023,Exercise,61.2244898,33.18216175
4039,187,石家庄市,Shijiazhuang,2023,F&B,44.60965053,5.478518756
4040,203,唐山市,Tangshan,2023,Beauty,45.07277499,11.33381055
4041,203,唐山市,Tangshan,2023,Entertainment,55.60165975,19.91701245
4042,203,唐山市,Tangshan,2023,Training,50.46888321,19.01108269
4043,203,唐山市,Tangshan,2023,Daily service,43.68475224,4.484634613
4044,203,唐山市,Tangshan,2023,Retail goods,46.40243902,5.541158537
4045,203,唐山市,Tangshan,2023,Exercise,58.71080139,22.12543554
4046,203,唐山市,Tangshan,2023,F&B,45.1606945,5.818248984
4047,164,秦皇岛市,Qinhuangdao,2023,Beauty,55.11995319,18.63662961
4048,164,秦皇岛市,Qinhuangdao,2023,Entertainment,59.27977839,21.46814404
4049,164,秦皇岛市,Qinhuangdao,2023,Training,52.7230591,33.603708
4050,164,秦皇岛市,Qinhuangdao,2023,Daily service,49.23076923,5.877712032
4051,164,秦皇岛市,Qinhuangdao,2023,Retail goods,51.21058862,5.875390079
4052,164,秦皇岛市,Qinhuangdao,2023,Exercise,60.24096386,28.43373494
4053,164,秦皇岛市,Qinhuangdao,2023,F&B,47.05550329,5.465663217
4054,66,邯郸市,Handan,2023,Beauty,50.40690506,16.37484587
4055,66,邯郸市,Handan,2023,Entertainment,60.10781671,31.40161725
4056,66,邯郸市,Handan,2023,Training,59.44798301,35.45647558
4057,66,邯郸市,Handan,2023,Daily service,47.11119186,4.651162791
4058,66,邯郸市,Handan,2023,Retail goods,47.35399376,4.553415061
4059,66,邯郸市,Handan,2023,Exercise,62.23175966,28.54077253
4060,66,邯郸市,Handan,2023,F&B,42.99598752,3.584485065
4061,237,邢台市,Xingtai,2023,Beauty,51.69491525,9.922316384
4062,237,邢台市,Xingtai,2023,Entertainment,58.25,24.5
4063,237,邢台市,Xingtai,2023,Training,60.39755352,27.21712538
4064,237,邢台市,Xingtai,2023,Daily service,49.64559953,4.282339043
4065,237,邢台市,Xingtai,2023,Retail goods,45.29432499,3.536599695
4066,237,邢台市,Xingtai,2023,Exercise,63.32378223,19.19770774
4067,237,邢台市,Xingtai,2023,F&B,44.70573281,3.152408796
4068,15,保定市,Baoding,2023,Beauty,52.16080402,16.48241206
4069,15,保定市,Baoding,2023,Entertainment,58.21078431,22.30392157
4070,15,保定市,Baoding,2023,Training,58.1010453,22.82229965
4071,15,保定市,Baoding,2023,Daily service,51.0786802,5.604906937
4072,15,保定市,Baoding,2023,Retail goods,46.49075708,3.367339112
4073,15,保定市,Baoding,2023,Exercise,61.82170543,24.03100775
4074,15,保定市,Baoding,2023,F&B,48.40612964,4.359583709
4075,266,张家口市,Zhangjiakou,2023,Beauty,57.44186047,13.54651163
4076,266,张家口市,Zhangjiakou,2023,Entertainment,57.74647887,27.6056338
4077,266,张家口市,Zhangjiakou,2023,Training,56.44768856,20.4379562
4078,266,张家口市,Zhangjiakou,2023,Daily service,44.41637191,4.850934816
4079,266,张家口市,Zhangjiakou,2023,Retail goods,50.20029517,4.638414506
4080,266,张家口市,Zhangjiakou,2023,Exercise,61.07784431,29.34131737
4081,266,张家口市,Zhangjiakou,2023,F&B,46.77177177,5.28028028
4082,30,承德市,Chengde,2023,Beauty,45.6832087,12.23657376
4083,30,承德市,Chengde,2023,Entertainment,58.57605178,21.3592233
4084,30,承德市,Chengde,2023,Training,54.44015444,21.62162162
4085,30,承德市,Chengde,2023,Daily service,44.41446303,9.336211549
4086,30,承德市,Chengde,2023,Retail goods,40.58924485,7.866132723
4087,30,承德市,Chengde,2023,Exercise,56.20915033,25.49019608
4088,30,承德市,Chengde,2023,F&B,45.06018624,5.45082898
4089,22,沧州市,Cangzhou,2023,Beauty,60.26392962,11.33919844
4090,22,沧州市,Cangzhou,2023,Entertainment,69.20980926,21.25340599
4091,22,沧州市,Cangzhou,2023,Training,64.25531915,24.46808511
4092,22,沧州市,Cangzhou,2023,Daily service,58.61111111,6.031746032
4093,22,沧州市,Cangzhou,2023,Retail goods,53.36585366,5.229268293
4094,22,沧州市,Cangzhou,2023,Exercise,65.59633028,18.80733945
4095,22,沧州市,Cangzhou,2023,F&B,56.44801428,4.618473896
4096,117,廊坊市,Langfang,2023,Beauty,59.00877646,13.06143521
4097,117,廊坊市,Langfang,2023,Entertainment,64.33333333,29.66666667
4098,117,廊坊市,Langfang,2023,Training,54.66034755,22.27488152
4099,117,廊坊市,Langfang,2023,Daily service,52.43282498,4.938271605
4100,117,廊坊市,Langfang,2023,Retail goods,51.4033366,5.161923454
4101,117,廊坊市,Langfang,2023,Exercise,64.88095238,24.10714286
4102,117,廊坊市,Langfang,2023,F&B,50.84485407,3.362348524
4103,76,衡水市,Hengshui,2023,Beauty,47.10786868,11.88118812
4104,76,衡水市,Hengshui,2023,Entertainment,53.38645418,29.88047809
4105,76,衡水市,Hengshui,2023,Training,43.8247012,19.32270916
4106,76,衡水市,Hengshui,2023,Daily service,41.8464467,3.648477157
4107,76,衡水市,Hengshui,2023,Retail goods,38.64904552,4.875183554
4108,76,衡水市,Hengshui,2023,Exercise,56.63265306,24.48979592
4109,76,衡水市,Hengshui,2023,F&B,41.89111748,6.189111748
4110,200,太原市,Taiyuan,2023,Beauty,57.77043444,30.99426572
4111,200,太原市,Taiyuan,2023,Entertainment,57.75229358,39.26605505
4112,200,太原市,Taiyuan,2023,Training,61.50202977,43.53856563
4113,200,太原市,Taiyuan,2023,Daily service,51.52086579,10.4369927
4114,200,太原市,Taiyuan,2023,Retail goods,52.17148331,10.9651924
4115,200,太原市,Taiyuan,2023,Exercise,65.4723127,38.84364821
4116,200,太原市,Taiyuan,2023,F&B,47.98937529,7.850850649
4117,38,大同市,Datong,2023,Beauty,46.69603524,14.70687902
4118,38,大同市,Datong,2023,Entertainment,55.19031142,27.50865052
4119,38,大同市,Datong,2023,Training,43.61471861,16.99134199
4120,38,大同市,Datong,2023,Daily service,40.48402256,4.276315789
4121,38,大同市,Datong,2023,Retail goods,41.96182153,6.47424103
4122,38,大同市,Datong,2023,Exercise,50.14326648,30.08595989
4123,38,大同市,Datong,2023,F&B,42.33820459,6.889352818
4124,247,阳泉市,Yangquan,2023,Beauty,54.30847212,11.44098479
4125,247,阳泉市,Yangquan,2023,Entertainment,46.93877551,26.12244898
4126,247,阳泉市,Yangquan,2023,Training,52.23214286,26.33928571
4127,247,阳泉市,Yangquan,2023,Daily service,40.91967404,3.667054715
4128,247,阳泉市,Yangquan,2023,Retail goods,44.06824147,4.645669291
4129,247,阳泉市,Yangquan,2023,Exercise,70.22900763,27.48091603
4130,247,阳泉市,Yangquan,2023,F&B,45.1558753,5.299760192
4131,271,长治市,Changzhi,2023,Beauty,50.85158151,12.89537713
4132,271,长治市,Changzhi,2023,Entertainment,61.83574879,17.87439614
4133,271,长治市,Changzhi,2023,Training,58.88650964,20.77087794
4134,271,长治市,Changzhi,2023,Daily service,47.08910891,3.247524752
4135,271,长治市,Changzhi,2023,Retail goods,46.16398243,4.011713031
4136,271,长治市,Changzhi,2023,Exercise,60.06711409,15.77181208
4137,271,长治市,Changzhi,2023,F&B,42.50627465,3.567586949
4138,104,晋城市,Jincheng,2023,Beauty,52.11459754,16.16643929
4139,104,晋城市,Jincheng,2023,Entertainment,53.97923875,28.37370242
4140,104,晋城市,Jincheng,2023,Training,54.19161677,34.43113772
4141,104,晋城市,Jincheng,2023,Daily service,45.61506769,5.002942908
4142,104,晋城市,Jincheng,2023,Retail goods,51.00671141,6.014455343
4143,104,晋城市,Jincheng,2023,Exercise,66.25,33.75
4144,104,晋城市,Jincheng,2023,F&B,47.43002545,6.743002545
4145,190,朔州市,Shuozhou,2023,Beauty,32.87981859,3.06122449
4146,190,朔州市,Shuozhou,2023,Entertainment,41.22137405,18.32061069
4147,190,朔州市,Shuozhou,2023,Training,44.40298507,9.701492537
4148,190,朔州市,Shuozhou,2023,Daily service,41.5879017,1.638311279
4149,190,朔州市,Shuozhou,2023,Retail goods,41.87014428,1.970033296
4150,190,朔州市,Shuozhou,2023,Exercise,41.89189189,12.16216216
4151,190,朔州市,Shuozhou,2023,F&B,39.20361248,2.6272578
4152,105,晋中市,Jinzhong,2023,Beauty,51.72180959,22.55232951
4153,105,晋中市,Jinzhong,2023,Entertainment,57.99522673,31.50357995
4154,105,晋中市,Jinzhong,2023,Training,61.66219839,32.43967828
4155,105,晋中市,Jinzhong,2023,Daily service,49.38403856,5.356186395
4156,105,晋中市,Jinzhong,2023,Retail goods,46.58587742,5.10370543
4157,105,晋中市,Jinzhong,2023,Exercise,62.5698324,35.19553073
4158,105,晋中市,Jinzhong,2023,F&B,49.49702789,6.470050297
4159,262,运城市,Yuncheng,2023,Beauty,53.05954825,10.30800821
4160,262,运城市,Yuncheng,2023,Entertainment,55.74712644,22.79693487
4161,262,运城市,Yuncheng,2023,Training,54.63414634,24.3902439
4162,262,运城市,Yuncheng,2023,Daily service,50.86956522,3.47826087
4163,262,运城市,Yuncheng,2023,Retail goods,52.68361582,4.488386692
4164,262,运城市,Yuncheng,2023,Exercise,58.36298932,31.67259786
4165,262,运城市,Yuncheng,2023,F&B,47.03444333,4.24467629
4166,233,忻州市,Xinzhou,2023,Beauty,43.52941176,10.80213904
4167,233,忻州市,Xinzhou,2023,Entertainment,50.64935065,25.97402597
4168,233,忻州市,Xinzhou,2023,Training,44.59459459,25.22522523
4169,233,忻州市,Xinzhou,2023,Daily service,36.043095,3.917727718
4170,233,忻州市,Xinzhou,2023,Retail goods,41.11578143,3.095147115
4171,233,忻州市,Xinzhou,2023,Exercise,53.125,20.3125
4172,233,忻州市,Xinzhou,2023,F&B,38.90186916,5.179127726
4173,126,临汾市,Linfen,2023,Beauty,46.29258517,11.02204409
4174,126,临汾市,Linfen,2023,Entertainment,52.5,22.5
4175,126,临汾市,Linfen,2023,Training,59.26640927,22.97297297
4176,126,临汾市,Linfen,2023,Daily service,54.14091471,3.049031726
4177,126,临汾市,Linfen,2023,Retail goods,50.32,3.328
4178,126,临汾市,Linfen,2023,Exercise,57.47126437,25.86206897
4179,126,临汾市,Linfen,2023,F&B,45.80228515,2.732240437
4180,135,吕梁市,Lvliang,2023,Beauty,42.43743199,12.94885745
4181,135,吕梁市,Lvliang,2023,Entertainment,54.03225806,22.58064516
4182,135,吕梁市,Lvliang,2023,Training,39.8340249,23.23651452
4183,135,吕梁市,Lvliang,2023,Daily service,42.76901988,3.427004798
4184,135,吕梁市,Lvliang,2023,Retail goods,44.86534478,3.492157443
4185,135,吕梁市,Lvliang,2023,Exercise,51.1627907,26.74418605
4186,135,吕梁市,Lvliang,2023,F&B,44.56521739,4.985007496
4187,78,呼和浩特市,Hohhot,2023,Beauty,54.61004105,21.72402905
4188,78,呼和浩特市,Hohhot,2023,Entertainment,60.72423398,38.90436397
4189,78,呼和浩特市,Hohhot,2023,Training,60.67039106,43.12849162
4190,78,呼和浩特市,Hohhot,2023,Daily service,50.71228695,7.7715594
4191,78,呼和浩特市,Hohhot,2023,Retail goods,49.57669986,7.033704276
4192,78,呼和浩特市,Hohhot,2023,Exercise,65.67741935,40.12903226
4193,78,呼和浩特市,Hohhot,2023,F&B,45.5830596,8.235570155
4194,13,包头市,Baotou,2023,Beauty,39.21108742,11.49253731
4195,13,包头市,Baotou,2023,Entertainment,46.55172414,20.04310345
4196,13,包头市,Baotou,2023,Training,41.92546584,22.04968944
4197,13,包头市,Baotou,2023,Daily service,34.83917084,3.216583274
4198,13,包头市,Baotou,2023,Retail goods,35.5954846,3.393226905
4199,13,包头市,Baotou,2023,Exercise,55.06756757,25.84459459
4200,13,包头市,Baotou,2023,F&B,35.09400892,4.365838113
4201,217,乌海市,Wuhai,2023,Beauty,34.5847554,8.19112628
4202,217,乌海市,Wuhai,2023,Entertainment,48.17518248,27.73722628
4203,217,乌海市,Wuhai,2023,Training,38.25503356,24.16107383
4204,217,乌海市,Wuhai,2023,Daily service,28.22362489,3.155996393
4205,217,乌海市,Wuhai,2023,Retail goods,29.62652119,5.329416702
4206,217,乌海市,Wuhai,2023,Exercise,50.98039216,37.25490196
4207,217,乌海市,Wuhai,2023,F&B,35.06493506,6.325932132
4208,32,赤峰市,Chifeng,2023,Beauty,52.08250694,11.30503768
4209,32,赤峰市,Chifeng,2023,Entertainment,55.89622642,29.48113208
4210,32,赤峰市,Chifeng,2023,Training,54.97470489,34.40134907
4211,32,赤峰市,Chifeng,2023,Daily service,45.19657109,5.054685191
4212,32,赤峰市,Chifeng,2023,Retail goods,50.01322401,6.850039672
4213,32,赤峰市,Chifeng,2023,Exercise,54.21686747,33.33333333
4214,32,赤峰市,Chifeng,2023,F&B,48.25601084,8.093464274
4215,208,通辽市,Tongliao,2023,Beauty,49.8655191,8.983324368
4216,208,通辽市,Tongliao,2023,Entertainment,47.75,15.25
4217,208,通辽市,Tongliao,2023,Training,44.63894967,17.50547046
4218,208,通辽市,Tongliao,2023,Daily service,47.46543779,4.289259128
4219,208,通辽市,Tongliao,2023,Retail goods,46.23736428,5.428678398
4220,208,通辽市,Tongliao,2023,Exercise,45.41062802,16.90821256
4221,208,通辽市,Tongliao,2023,F&B,44.92943021,6.534239415
4222,46,鄂尔多斯市,Erdos,2023,Beauty,44.77876106,12.03539823
4223,46,鄂尔多斯市,Erdos,2023,Entertainment,58.60655738,34.42622951
4224,46,鄂尔多斯市,Erdos,2023,Training,43.92764858,30.23255814
4225,46,鄂尔多斯市,Erdos,2023,Daily service,39.57176844,6.026962728
4226,46,鄂尔多斯市,Erdos,2023,Retail goods,39.34181002,4.313138868
4227,46,鄂尔多斯市,Erdos,2023,Exercise,55.02392344,25.35885167
4228,46,鄂尔多斯市,Erdos,2023,F&B,42.6035503,5.325443787
4229,79,呼伦贝尔市,Hulunbuir,2023,Beauty,55.13459621,10.56829511
4230,79,呼伦贝尔市,Hulunbuir,2023,Entertainment,58.2781457,14.56953642
4231,79,呼伦贝尔市,Hulunbuir,2023,Training,48.35164835,15.38461538
4232,79,呼伦贝尔市,Hulunbuir,2023,Daily service,53.53181553,3.561004086
4233,79,呼伦贝尔市,Hulunbuir,2023,Retail goods,53.43779981,5.916213623
4234,79,呼伦贝尔市,Hulunbuir,2023,Exercise,62.93103448,18.10344828
4235,79,呼伦贝尔市,Hulunbuir,2023,F&B,57.07563025,5.411764706
4236,6,巴彦淖尔市,Bayannur,2023,Beauty,43.14456036,4.545454545
4237,6,巴彦淖尔市,Bayannur,2023,Entertainment,51.72413793,25.43103448
4238,6,巴彦淖尔市,Bayannur,2023,Training,45.69732938,12.46290801
4239,6,巴彦淖尔市,Bayannur,2023,Daily service,36.55282818,2.668089648
4240,6,巴彦淖尔市,Bayannur,2023,Retail goods,41.01825168,4.707012488
4241,6,巴彦淖尔市,Bayannur,2023,Exercise,50.63291139,34.17721519
4242,6,巴彦淖尔市,Bayannur,2023,F&B,37.32224309,4.749127985
4243,218,乌兰察布市,Ulanqab,2023,Beauty,46.11650485,6.067961165
4244,218,乌兰察布市,Ulanqab,2023,Entertainment,47.82608696,18.26086957
4245,218,乌兰察布市,Ulanqab,2023,Training,34.32835821,11.94029851
4246,218,乌兰察布市,Ulanqab,2023,Daily service,46.84579439,3.387850467
4247,218,乌兰察布市,Ulanqab,2023,Retail goods,44.45034519,5.098247477
4248,218,乌兰察布市,Ulanqab,2023,Exercise,50,20.45454545
4249,218,乌兰察布市,Ulanqab,2023,F&B,43.96200814,8.141112619
4250,28,沈阳市,Shenyang,2023,Beauty,48.78974846,16.89606075
4251,28,沈阳市,Shenyang,2023,Entertainment,47.52884825,13.76006967
4252,28,沈阳市,Shenyang,2023,Training,50.22156573,20.47267356
4253,28,沈阳市,Shenyang,2023,Daily service,44.08123207,5.227993356
4254,28,沈阳市,Shenyang,2023,Retail goods,43.72739787,5.814143394
4255,28,沈阳市,Shenyang,2023,Exercise,54.52173913,21.73913043
4256,28,沈阳市,Shenyang,2023,F&B,44.45230591,6.110503634
4257,36,大连市,Dalian,2023,Beauty,49.01395349,21.6744186
4258,36,大连市,Dalian,2023,Entertainment,51.38999206,20.1350278
4259,36,大连市,Dalian,2023,Training,54.91679274,26.32375189
4260,36,大连市,Dalian,2023,Daily service,45.42537212,7.237470982
4261,36,大连市,Dalian,2023,Retail goods,48.48298557,8.273966658
4262,36,大连市,Dalian,2023,Exercise,59.6742671,31.33550489
4263,36,大连市,Dalian,2023,F&B,43.38455772,6.491754123
4264,5,鞍山市,Anshan,2023,Beauty,44.98202027,13.50114416
4265,5,鞍山市,Anshan,2023,Entertainment,52.40223464,20.89385475
4266,5,鞍山市,Anshan,2023,Training,47.96954315,24.49238579
4267,5,鞍山市,Anshan,2023,Daily service,43.95770393,4.682779456
4268,5,鞍山市,Anshan,2023,Retail goods,43.60587002,6.918238994
4269,5,鞍山市,Anshan,2023,Exercise,60.28368794,26.24113475
4270,5,鞍山市,Anshan,2023,F&B,41.91432957,7.213617971
4271,51,抚顺市,Fushun,2023,Beauty,42.3865006,8.557653676
4272,51,抚顺市,Fushun,2023,Entertainment,46.72268908,9.915966387
4273,51,抚顺市,Fushun,2023,Training,44.08602151,15.3609831
4274,51,抚顺市,Fushun,2023,Daily service,40.42443064,2.458592133
4275,51,抚顺市,Fushun,2023,Retail goods,42.64957265,4.743589744
4276,51,抚顺市,Fushun,2023,Exercise,46.72131148,17.21311475
4277,51,抚顺市,Fushun,2023,F&B,39.19649379,2.089116143
4278,19,本溪市,Benxi,2023,Beauty,48.79267277,6.32805995
4279,19,本溪市,Benxi,2023,Entertainment,47.17514124,12.71186441
4280,19,本溪市,Benxi,2023,Training,46.64723032,9.620991254
4281,19,本溪市,Benxi,2023,Daily service,43.35060449,4.029936672
4282,19,本溪市,Benxi,2023,Retail goods,48.01774328,6.154699196
4283,19,本溪市,Benxi,2023,Exercise,49,17
4284,19,本溪市,Benxi,2023,F&B,47.37297921,5.946882217
4285,39,丹东市,Dandong,2023,Beauty,45.62913907,7.350993377
4286,39,丹东市,Dandong,2023,Entertainment,53.37620579,12.54019293
4287,39,丹东市,Dandong,2023,Training,47.56944444,12.5
4288,39,丹东市,Dandong,2023,Daily service,41.00268577,3.401969561
4289,39,丹东市,Dandong,2023,Retail goods,43.04860615,4.824874911
4290,39,丹东市,Dandong,2023,Exercise,56.875,18.75
4291,39,丹东市,Dandong,2023,F&B,43.56412639,3.159851301
4292,103,锦州市,Jinzhou,2023,Beauty,43.0432955,2.732240437
4293,103,锦州市,Jinzhou,2023,Entertainment,44.7806354,7.41301059
4294,103,锦州市,Jinzhou,2023,Training,45.90443686,11.77474403
4295,103,锦州市,Jinzhou,2023,Daily service,45.46757435,1.074883554
4296,103,锦州市,Jinzhou,2023,Retail goods,45.75228595,3.65752286
4297,103,锦州市,Jinzhou,2023,Exercise,57.14285714,13.33333333
4298,103,锦州市,Jinzhou,2023,F&B,44.00132935,3.140578265
4299,255,营口市,Yingkou,2023,Beauty,42.25759768,3.617945007
4300,255,营口市,Yingkou,2023,Entertainment,50,8.510638298
4301,255,营口市,Yingkou,2023,Training,44.44444444,17.97385621
4302,255,营口市,Yingkou,2023,Daily service,37.76295536,1.282709082
4303,255,营口市,Yingkou,2023,Retail goods,43.78629501,4.715447154
4304,255,营口市,Yingkou,2023,Exercise,50.66666667,21.33333333
4305,255,营口市,Yingkou,2023,F&B,40.28317601,1.83231538
4306,53,阜新市,Fuxin,2023,Beauty,42.63521289,2.991944764
4307,53,阜新市,Fuxin,2023,Entertainment,49.49698189,5.432595573
4308,53,阜新市,Fuxin,2023,Training,42.79569892,4.301075269
4309,53,阜新市,Fuxin,2023,Daily service,37.89253315,1.605024424
4310,53,阜新市,Fuxin,2023,Retail goods,41.06361494,3.096600471
4311,53,阜新市,Fuxin,2023,Exercise,52.20588235,11.76470588
4312,53,阜新市,Fuxin,2023,F&B,39.65341488,3.160040775
4313,122,辽阳市,Liaoyang,2023,Beauty,39.05088622,3.087478559
4314,122,辽阳市,Liaoyang,2023,Entertainment,47.16981132,8.254716981
4315,122,辽阳市,Liaoyang,2023,Training,40.78947368,4.511278195
4316,122,辽阳市,Liaoyang,2023,Daily service,38.81373569,1.734304544
4317,122,辽阳市,Liaoyang,2023,Retail goods,40.63405488,3.391852736
4318,122,辽阳市,Liaoyang,2023,Exercise,45.67307692,12.5
4319,122,辽阳市,Liaoyang,2023,F&B,38.11705895,3.520099979
4320,155,盘锦市,Panjin,2023,Beauty,44.09820585,5.760151086
4321,155,盘锦市,Panjin,2023,Entertainment,42.75534442,14.25178147
4322,155,盘锦市,Panjin,2023,Training,47.90940767,11.8466899
4323,155,盘锦市,Panjin,2023,Daily service,44.43493151,2.654109589
4324,155,盘锦市,Panjin,2023,Retail goods,46.841876,5.76448381
4325,155,盘锦市,Panjin,2023,Exercise,52.19298246,18.85964912
4326,155,盘锦市,Panjin,2023,F&B,44.46153846,3.661538462
4327,206,铁岭市,Tieling,2023,Beauty,43.53899884,4.074505239
4328,206,铁岭市,Tieling,2023,Entertainment,41.96891192,6.735751295
4329,206,铁岭市,Tieling,2023,Training,50.49019608,5.392156863
4330,206,铁岭市,Tieling,2023,Daily service,39.86587183,1.937406855
4331,206,铁岭市,Tieling,2023,Retail goods,43.16098276,4.253758709
4332,206,铁岭市,Tieling,2023,Exercise,50,15.15151515
4333,206,铁岭市,Tieling,2023,F&B,41.92814916,3.365165985
4334,25,朝阳市,Chaoyang,2023,Beauty,45.80369844,5.618776671
4335,25,朝阳市,Chaoyang,2023,Entertainment,53.82262997,8.562691131
4336,25,朝阳市,Chaoyang,2023,Training,42.85714286,15.49636804
4337,25,朝阳市,Chaoyang,2023,Daily service,45.28301887,2.337981952
4338,25,朝阳市,Chaoyang,2023,Retail goods,51.48835203,5.241587575
4339,25,朝阳市,Chaoyang,2023,Exercise,47.05882353,16.17647059
4340,25,朝阳市,Chaoyang,2023,F&B,45.32275711,6.920131291
4341,81,葫芦岛市,Huludao,2023,Beauty,39.02633679,5.985634477
4342,81,葫芦岛市,Huludao,2023,Entertainment,43.05555556,9.722222222
4343,81,葫芦岛市,Huludao,2023,Training,41.43222506,8.439897698
4344,81,葫芦岛市,Huludao,2023,Daily service,36.18111918,1.794105083
4345,81,葫芦岛市,Huludao,2023,Retail goods,40.84226265,5.806130077
4346,81,葫芦岛市,Huludao,2023,Exercise,58.18181818,12.72727273
4347,81,葫芦岛市,Huludao,2023,F&B,38.34606268,3.634448249
4348,269,长春市,Changchun,2023,Beauty,48.93936362,12.34740845
4349,269,长春市,Changchun,2023,Entertainment,53.98848684,18.83223684
4350,269,长春市,Changchun,2023,Training,50.21037868,25.13323983
4351,269,长春市,Changchun,2023,Daily service,46.39023239,5.880618143
4352,269,长春市,Changchun,2023,Retail goods,49.45858835,6.888059972
4353,269,长春市,Changchun,2023,Exercise,59.20096852,25.84745763
4354,269,长春市,Changchun,2023,F&B,47.35265365,5.351455331
4355,92,吉林市,Jilin,2023,Beauty,51.25175809,7.876230661
4356,92,吉林市,Jilin,2023,Entertainment,44.99424626,12.54315305
4357,92,吉林市,Jilin,2023,Training,49.68487395,19.53781513
4358,92,吉林市,Jilin,2023,Daily service,46.98284172,4.144977829
4359,92,吉林市,Jilin,2023,Retail goods,49.54173167,6.45475819
4360,92,吉林市,Jilin,2023,Exercise,54.7112462,23.40425532
4361,92,吉林市,Jilin,2023,F&B,49.8431478,4.16778704
4362,191,四平市,Siping,2023,Beauty,41.32352941,7.5
4363,191,四平市,Siping,2023,Entertainment,47.81021898,12.40875912
4364,191,四平市,Siping,2023,Training,43.13099042,7.667731629
4365,191,四平市,Siping,2023,Daily service,41.7109458,2.497343252
4366,191,四平市,Siping,2023,Retail goods,42.62683736,6.069227122
4367,191,四平市,Siping,2023,Exercise,57.72357724,21.13821138
4368,191,四平市,Siping,2023,F&B,44.25581395,5.76744186
4369,123,辽源市,Liaoyuan,2023,Beauty,49.63579605,5.51508845
4370,123,辽源市,Liaoyuan,2023,Entertainment,46.57534247,13.01369863
4371,123,辽源市,Liaoyuan,2023,Training,34.93150685,12.32876712
4372,123,辽源市,Liaoyuan,2023,Daily service,40.06791171,2.801358234
4373,123,辽源市,Liaoyuan,2023,Retail goods,46.59913169,5.02894356
4374,123,辽源市,Liaoyuan,2023,Exercise,53.84615385,30.76923077
4375,123,辽源市,Liaoyuan,2023,F&B,45.69464544,4.88422576
4376,207,通化市,Tonghua,2023,Beauty,50.17502917,4.434072345
4377,207,通化市,Tonghua,2023,Entertainment,56.08465608,13.22751323
4378,207,通化市,Tonghua,2023,Training,51.5625,12.5
4379,207,通化市,Tonghua,2023,Daily service,44.72868217,2.945736434
4380,207,通化市,Tonghua,2023,Retail goods,51.30851456,4.976041283
4381,207,通化市,Tonghua,2023,Exercise,66.66666667,13.7254902
4382,207,通化市,Tonghua,2023,F&B,48.82131876,4.099760847
4383,9,白山市,Baishan,2023,Beauty,50.85324232,3.583617747
4384,9,白山市,Baishan,2023,Entertainment,48.51485149,4.95049505
4385,9,白山市,Baishan,2023,Training,39.16083916,8.391608392
4386,9,白山市,Baishan,2023,Daily service,43.5387674,1.789264414
4387,9,白山市,Baishan,2023,Retail goods,48.87700535,4.171122995
4388,9,白山市,Baishan,2023,Exercise,58.06451613,16.12903226
4389,9,白山市,Baishan,2023,F&B,48.05429864,3.257918552
4390,192,松原市,Songyuan,2023,Beauty,44.7815534,6.492718447
4391,192,松原市,Songyuan,2023,Entertainment,38.1147541,7.786885246
4392,192,松原市,Songyuan,2023,Training,40.08908686,7.349665924
4393,192,松原市,Songyuan,2023,Daily service,42.06320378,1.961496549
4394,192,松原市,Songyuan,2023,Retail goods,43.93331927,3.144123233
4395,192,松原市,Songyuan,2023,Exercise,46.26865672,9.950248756
4396,192,松原市,Songyuan,2023,F&B,45.94407211,2.264848625
4397,8,白城市,Baicheng,2023,Beauty,57.45296671,11.86685962
4398,8,白城市,Baicheng,2023,Entertainment,55.49450549,19.23076923
4399,8,白城市,Baicheng,2023,Training,60.82474227,15.46391753
4400,8,白城市,Baicheng,2023,Daily service,53.57436319,11.75020542
4401,8,白城市,Baicheng,2023,Retail goods,50.66202091,10.59233449
4402,8,白城市,Baicheng,2023,Exercise,71.42857143,18.18181818
4403,8,白城市,Baicheng,2023,F&B,50.72756669,12.61115602
4404,63,哈尔滨市,Harbin,2023,Beauty,58.55965537,19.00168571
4405,63,哈尔滨市,Harbin,2023,Entertainment,59.01201602,18.73609257
4406,63,哈尔滨市,Harbin,2023,Training,61.16661296,21.88204963
4407,63,哈尔滨市,Harbin,2023,Daily service,53.2497876,5.570305862
4408,63,哈尔滨市,Harbin,2023,Retail goods,55.55217832,7.771023303
4409,63,哈尔滨市,Harbin,2023,Exercise,63.29113924,21.7721519
4410,63,哈尔滨市,Harbin,2023,F&B,53.16602845,6.243161926
4411,162,齐齐哈尔市,Qiqihar,2023,Beauty,52.10267613,7.482250137
4412,162,齐齐哈尔市,Qiqihar,2023,Entertainment,61.19402985,10.44776119
4413,162,齐齐哈尔市,Qiqihar,2023,Training,50.96525097,9.073359073
4414,162,齐齐哈尔市,Qiqihar,2023,Daily service,54.64852608,3.174603175
4415,162,齐齐哈尔市,Qiqihar,2023,Retail goods,56.70212766,6.474164134
4416,162,齐齐哈尔市,Qiqihar,2023,Exercise,59.35483871,15.48387097
4417,162,齐齐哈尔市,Qiqihar,2023,F&B,52.66726137,4.745762712
4418,90,鸡西市,Jixi,2023,Beauty,50.28248588,11.5819209
4419,90,鸡西市,Jixi,2023,Entertainment,50.57915058,8.108108108
4420,90,鸡西市,Jixi,2023,Training,44.13407821,13.40782123
4421,90,鸡西市,Jixi,2023,Daily service,50.25307303,3.036876356
4422,90,鸡西市,Jixi,2023,Retail goods,54.87670225,5.852042694
4423,90,鸡西市,Jixi,2023,Exercise,60,12
4424,90,鸡西市,Jixi,2023,F&B,53.31299041,5.143853531
4425,74,鹤岗市,Hegang,2023,Beauty,49.1202346,3.958944282
4426,74,鹤岗市,Hegang,2023,Entertainment,53.50877193,7.01754386
4427,74,鹤岗市,Hegang,2023,Training,44,6.857142857
4428,74,鹤岗市,Hegang,2023,Daily service,46.77700348,2.264808362
4429,74,鹤岗市,Hegang,2023,Retail goods,48.13841437,4.424003504
4430,74,鹤岗市,Hegang,2023,Exercise,48.38709677,22.58064516
4431,74,鹤岗市,Hegang,2023,F&B,48.53487412,7.552620718
4432,189,双鸭山市,Shuangyashan,2023,Beauty,50.47361299,5.412719892
4433,189,双鸭山市,Shuangyashan,2023,Entertainment,57.14285714,5.263157895
4434,189,双鸭山市,Shuangyashan,2023,Training,31.70731707,7.317073171
4435,189,双鸭山市,Shuangyashan,2023,Daily service,46.64484452,1.636661211
4436,189,双鸭山市,Shuangyashan,2023,Retail goods,49.09167723,4.351499789
4437,189,双鸭山市,Shuangyashan,2023,Exercise,54.92957746,7.042253521
4438,189,双鸭山市,Shuangyashan,2023,F&B,45.35452323,5.460472698
4439,37,大庆市,Daqing,2023,Beauty,51.25,12.66129032
4440,37,大庆市,Daqing,2023,Entertainment,53.40314136,14.83420593
4441,37,大庆市,Daqing,2023,Training,48.88888889,25.03703704
4442,37,大庆市,Daqing,2023,Daily service,46.33738964,4.032450489
4443,37,大庆市,Daqing,2023,Retail goods,50.15836453,6.579326231
4444,37,大庆市,Daqing,2023,Exercise,56.1461794,27.90697674
4445,37,大庆市,Daqing,2023,F&B,51.23244103,7.169361251
4446,248,伊春市,Yichun,2023,Beauty,55.29411765,2.352941176
4447,248,伊春市,Yichun,2023,Entertainment,58.10810811,16.21621622
4448,248,伊春市,Yichun,2023,Training,44.73684211,6.578947368
4449,248,伊春市,Yichun,2023,Daily service,52.3943662,2.112676056
4450,248,伊春市,Yichun,2023,Retail goods,58.17513778,4.960195958
4451,248,伊春市,Yichun,2023,Exercise,50,29.16666667
4452,248,伊春市,Yichun,2023,F&B,52.96187683,6.744868035
4453,95,佳木斯市,Jiamusi,2023,Beauty,53.74100719,6.474820144
4454,95,佳木斯市,Jiamusi,2023,Entertainment,52.44956772,10.37463977
4455,95,佳木斯市,Jiamusi,2023,Training,52.26586103,11.78247734
4456,95,佳木斯市,Jiamusi,2023,Daily service,52.43790248,2.897884085
4457,95,佳木斯市,Jiamusi,2023,Retail goods,51.49756211,4.36498723
4458,95,佳木斯市,Jiamusi,2023,Exercise,52.07100592,16.56804734
4459,95,佳木斯市,Jiamusi,2023,F&B,51.04394512,2.525352953
4460,161,七台河市,Qitaihe,2023,Beauty,51.77165354,7.086614173
4461,161,七台河市,Qitaihe,2023,Entertainment,50.3875969,12.40310078
4462,161,七台河市,Qitaihe,2023,Training,50.89820359,7.185628743
4463,161,七台河市,Qitaihe,2023,Daily service,50.06242197,3.245942572
4464,161,七台河市,Qitaihe,2023,Retail goods,52.35259083,5.122096486
4465,161,七台河市,Qitaihe,2023,Exercise,55,10
4466,161,七台河市,Qitaihe,2023,F&B,47.88816181,6.246281975
4467,143,牡丹江市,Mudanjiang,2023,Beauty,52.02976996,9.066305819
4468,143,牡丹江市,Mudanjiang,2023,Entertainment,48.04928131,9.856262834
4469,143,牡丹江市,Mudanjiang,2023,Training,48.60335196,18.15642458
4470,143,牡丹江市,Mudanjiang,2023,Daily service,45.0465707,2.49788315
4471,143,牡丹江市,Mudanjiang,2023,Retail goods,50.04251701,4.783163265
4472,143,牡丹江市,Mudanjiang,2023,Exercise,57.44680851,17.73049645
4473,143,牡丹江市,Mudanjiang,2023,F&B,47.77917641,3.704369718
4474,75,黑河市,Heihe,2023,Beauty,52.05047319,5.047318612
4475,75,黑河市,Heihe,2023,Entertainment,52.45901639,19.67213115
4476,75,黑河市,Heihe,2023,Training,48.14814815,6.172839506
4477,75,黑河市,Heihe,2023,Daily service,48.23717949,1.282051282
4478,75,黑河市,Heihe,2023,Retail goods,51.20440468,3.785271851
4479,75,黑河市,Heihe,2023,Exercise,47.61904762,4.761904762
4480,75,黑河市,Heihe,2023,F&B,52.05338809,2.772073922
4481,196,绥化市,Suihua,2023,Beauty,54.59662289,7.03564728
4482,196,绥化市,Suihua,2023,Entertainment,56.58536585,11.70731707
4483,196,绥化市,Suihua,2023,Training,38.96103896,6.493506494
4484,196,绥化市,Suihua,2023,Daily service,50.94471659,1.049685094
4485,196,绥化市,Suihua,2023,Retail goods,48.61702128,3.475177305
4486,196,绥化市,Suihua,2023,Exercise,59.30232558,9.302325581
4487,196,绥化市,Suihua,2023,F&B,50.49235993,5.161290323
4488,180,上海市,Shanghai,2023,Beauty,48.78002708,29.04637471
4489,180,上海市,Shanghai,2023,Entertainment,59.50906678,47.24679345
4490,180,上海市,Shanghai,2023,Training,65.20644512,46.8215005
4491,180,上海市,Shanghai,2023,Daily service,47.28240683,13.80463043
4492,180,上海市,Shanghai,2023,Retail goods,41.18750244,10.31348085
4493,180,上海市,Shanghai,2023,Exercise,67.57405925,40.79835297
4494,180,上海市,Shanghai,2023,F&B,46.51234459,13.40735393
4495,146,南京市,Nanjing,2023,Beauty,55.97338936,32.75910364
4496,146,南京市,Nanjing,2023,Entertainment,59.95911878,35.97547127
4497,146,南京市,Nanjing,2023,Training,64.8096428,42.76054682
4498,146,南京市,Nanjing,2023,Daily service,50.47336086,12.5490986
4499,146,南京市,Nanjing,2023,Retail goods,46.98727545,9.792023097
4500,146,南京市,Nanjing,2023,Exercise,70.29140014,43.4612651
4501,146,南京市,Nanjing,2023,F&B,50.70801133,8.225731612
4502,220,无锡市,Wuxi,2023,Beauty,46.11511416,16.98064068
4503,220,无锡市,Wuxi,2023,Entertainment,51.77973836,28.20200791
4504,220,无锡市,Wuxi,2023,Training,52.70053476,32.11229947
4505,220,无锡市,Wuxi,2023,Daily service,45.02061856,7.077319588
4506,220,无锡市,Wuxi,2023,Retail goods,41.94100155,6.455093287
4507,220,无锡市,Wuxi,2023,Exercise,60.1980198,38.87788779
4508,220,无锡市,Wuxi,2023,F&B,46.0928043,5.657924232
4509,238,徐州市,Xuzhou,2023,Beauty,51.26962913,23.10390912
4510,238,徐州市,Xuzhou,2023,Entertainment,60.12891344,34.9907919
4511,238,徐州市,Xuzhou,2023,Training,58.65515675,32.21263062
4512,238,徐州市,Xuzhou,2023,Daily service,45.86802535,7.133093078
4513,238,徐州市,Xuzhou,2023,Retail goods,45.41348158,7.366226546
4514,238,徐州市,Xuzhou,2023,Exercise,63.45177665,35.53299492
4515,238,徐州市,Xuzhou,2023,F&B,47.36707566,5.521472393
4516,24,常州市,Changzhou,2023,Beauty,42.00811075,16.83680604
4517,24,常州市,Changzhou,2023,Entertainment,48.50206612,27.01446281
4518,24,常州市,Changzhou,2023,Training,45.92707525,30.56633049
4519,24,常州市,Changzhou,2023,Daily service,38.39174938,6.878101737
4520,24,常州市,Changzhou,2023,Retail goods,35.9369686,5.245059139
4521,24,常州市,Changzhou,2023,Exercise,52.85132383,40.42769857
4522,24,常州市,Changzhou,2023,F&B,38.57654628,4.543792952
4523,193,苏州市,Suzhou,2023,Beauty,50.6973393,22.27368638
4524,193,苏州市,Suzhou,2023,Entertainment,58.6188719,31.10173959
4525,193,苏州市,Suzhou,2023,Training,59.87721692,41.52796726
4526,193,苏州市,Suzhou,2023,Daily service,47.93551478,9.072461317
4527,193,苏州市,Suzhou,2023,Retail goods,44.46623512,7.09035054
4528,193,苏州市,Suzhou,2023,Exercise,66.58864833,44.49970743
4529,193,苏州市,Suzhou,2023,F&B,47.29299738,6.572465647
4530,149,南通市,Nantong,2023,Beauty,47.30668313,17.91943201
4531,149,南通市,Nantong,2023,Entertainment,52.78015398,36.78357571
4532,149,南通市,Nantong,2023,Training,54.02439024,41.2804878
4533,149,南通市,Nantong,2023,Daily service,41.89651701,6.905576807
4534,149,南通市,Nantong,2023,Retail goods,43.66149697,5.634693189
4535,149,南通市,Nantong,2023,Exercise,58.67665418,47.06616729
4536,149,南通市,Nantong,2023,F&B,45.7851149,8.512038611
4537,121,连云港市,Lianyungang,2023,Beauty,44.70142977,11.05971405
4538,121,连云港市,Lianyungang,2023,Entertainment,52.91375291,31.93473193
4539,121,连云港市,Lianyungang,2023,Training,48.7804878,26.97274032
4540,121,连云港市,Lianyungang,2023,Daily service,43.62139918,7.217473884
4541,121,连云港市,Lianyungang,2023,Retail goods,48.37823699,6.408579649
4542,121,连云港市,Lianyungang,2023,Exercise,61.63793103,35.34482759
4543,121,连云港市,Lianyungang,2023,F&B,42.74721047,4.886494806
4544,83,淮安市,Huai'an,2023,Beauty,44.18604651,8.99383009
4545,83,淮安市,Huai'an,2023,Entertainment,49.58847737,20.37037037
4546,83,淮安市,Huai'an,2023,Training,43.4623813,20.30679328
4547,83,淮安市,Huai'an,2023,Daily service,37.05126064,3.673401236
4548,83,淮安市,Huai'an,2023,Retail goods,41.09220477,4.726585224
4549,83,淮安市,Huai'an,2023,Exercise,59.0809628,34.1356674
4550,83,淮安市,Huai'an,2023,F&B,42.23573793,4.927246131
4551,244,盐城市,Yancheng,2023,Beauty,54.03453689,18.17896389
4552,244,盐城市,Yancheng,2023,Entertainment,52.8330781,38.13169985
4553,244,盐城市,Yancheng,2023,Training,54.1322314,40.2892562
4554,244,盐城市,Yancheng,2023,Daily service,45.15474378,7.661085743
4555,244,盐城市,Yancheng,2023,Retail goods,46.92702335,7.873521097
4556,244,盐城市,Yancheng,2023,Exercise,61.55844156,48.57142857
4557,244,盐城市,Yancheng,2023,F&B,53.62874004,10.03209442
4558,245,扬州市,Yangzhou,2023,Beauty,51.53424101,15.95204227
4559,245,扬州市,Yangzhou,2023,Entertainment,58.57826384,23.17156528
4560,245,扬州市,Yangzhou,2023,Training,56.85828116,35.57199772
4561,245,扬州市,Yangzhou,2023,Daily service,44.01168452,6.475170399
4562,245,扬州市,Yangzhou,2023,Retail goods,44.08837704,6.440508231
4563,245,扬州市,Yangzhou,2023,Exercise,63.47992352,38.81453155
4564,245,扬州市,Yangzhou,2023,F&B,47.87213179,6.654899654
4565,274,镇江市,Zhenjiang,2023,Beauty,42.90694556,14.15929204
4566,274,镇江市,Zhenjiang,2023,Entertainment,48.70210136,27.44128554
4567,274,镇江市,Zhenjiang,2023,Training,48.48780488,33.26829268
4568,274,镇江市,Zhenjiang,2023,Daily service,39.37554206,6.43538595
4569,274,镇江市,Zhenjiang,2023,Retail goods,38.92400412,5.130089666
4570,274,镇江市,Zhenjiang,2023,Exercise,51.83374083,37.89731051
4571,274,镇江市,Zhenjiang,2023,F&B,40.35583942,6.450729927
4572,202,泰州市,Taizhou,2023,Beauty,37.27720895,9.708001517
4573,202,泰州市,Taizhou,2023,Entertainment,45.88665448,21.93784278
4574,202,泰州市,Taizhou,2023,Training,42.2005571,19.49860724
4575,202,泰州市,Taizhou,2023,Daily service,33.12856516,3.554190434
4576,202,泰州市,Taizhou,2023,Retail goods,31.03901354,3.911461492
4577,202,泰州市,Taizhou,2023,Exercise,54.94880546,29.01023891
4578,202,泰州市,Taizhou,2023,F&B,35.08237418,4.998871587
4579,194,宿迁市,Suqian,2023,Beauty,35.49488055,8.67869332
4580,194,宿迁市,Suqian,2023,Entertainment,39.68253968,18.78306878
4581,194,宿迁市,Suqian,2023,Training,38.12260536,24.32950192
4582,194,宿迁市,Suqian,2023,Daily service,34.92171545,3.641933288
4583,194,宿迁市,Suqian,2023,Retail goods,35.72357724,4.308943089
4584,194,宿迁市,Suqian,2023,Exercise,46.15384615,32.69230769
4585,194,宿迁市,Suqian,2023,F&B,37.79169038,5.30734206
4586,68,杭州市,Hangzhou,2023,Beauty,55.09264276,33.0805071
4587,68,杭州市,Hangzhou,2023,Entertainment,59.27327782,45.73807721
4588,68,杭州市,Hangzhou,2023,Training,59.60330171,40.42133793
4589,68,杭州市,Hangzhou,2023,Daily service,49.99631024,13.44550218
4590,68,杭州市,Hangzhou,2023,Retail goods,46.48864122,10.0225752
4591,68,杭州市,Hangzhou,2023,Exercise,67.6805078,50.33060037
4592,68,杭州市,Hangzhou,2023,F&B,52.2465346,10.89675501
4593,152,宁波市,Ningbo,2023,Beauty,46.89731593,16.41221374
4594,152,宁波市,Ningbo,2023,Entertainment,55.51436515,30.35217794
4595,152,宁波市,Ningbo,2023,Training,56.56332454,33.87203166
4596,152,宁波市,Ningbo,2023,Daily service,44.27501826,9.048575603
4597,152,宁波市,Ningbo,2023,Retail goods,40.73594195,7.683337652
4598,152,宁波市,Ningbo,2023,Exercise,65.58139535,47.36434109
4599,152,宁波市,Ningbo,2023,F&B,45.08769478,6.519460555
4600,216,温州市,Wenzhou,2023,Beauty,40.47556662,10.4480545
4601,216,温州市,Wenzhou,2023,Entertainment,44.43570586,30.55446323
4602,216,温州市,Wenzhou,2023,Training,46.4372143,35.22452272
4603,216,温州市,Wenzhou,2023,Daily service,36.29115929,6.088570961
4604,216,温州市,Wenzhou,2023,Retail goods,35.79034623,3.742906332
4605,216,温州市,Wenzhou,2023,Exercise,54.92371706,42.7184466
4606,216,温州市,Wenzhou,2023,F&B,35.75684441,3.326042688
4607,96,嘉兴市,Jiaxing,2023,Beauty,42.29494615,23.98508699
4608,96,嘉兴市,Jiaxing,2023,Entertainment,45.03311258,34.96688742
4609,96,嘉兴市,Jiaxing,2023,Training,43.66925065,36.04651163
4610,96,嘉兴市,Jiaxing,2023,Daily service,39.914469,8.363031599
4611,96,嘉兴市,Jiaxing,2023,Retail goods,36.03916223,5.87433387
4612,96,嘉兴市,Jiaxing,2023,Exercise,63.88888889,45.55555556
4613,96,嘉兴市,Jiaxing,2023,F&B,41.26676602,6.393442623
4614,80,湖州市,Huzhou,2023,Beauty,43.96135266,25.04025765
4615,80,湖州市,Huzhou,2023,Entertainment,50.19305019,31.27413127
4616,80,湖州市,Huzhou,2023,Training,40.96692112,37.15012723
4617,80,湖州市,Huzhou,2023,Daily service,39.65948923,9.614421632
4618,80,湖州市,Huzhou,2023,Retail goods,40.4368932,10.36407767
4619,80,湖州市,Huzhou,2023,Exercise,67.68292683,47.56097561
4620,80,湖州市,Huzhou,2023,F&B,43.44149459,8.574237955
4621,184,绍兴市,Shaoxing,2023,Beauty,41.97171381,20.46589018
4622,184,绍兴市,Shaoxing,2023,Entertainment,50.91225022,35.96872285
4623,184,绍兴市,Shaoxing,2023,Training,50.89141005,36.54781199
4624,184,绍兴市,Shaoxing,2023,Daily service,39.28472029,7.500695797
4625,184,绍兴市,Shaoxing,2023,Retail goods,39.19882035,6.469648562
4626,184,绍兴市,Shaoxing,2023,Exercise,66.33825944,46.63382594
4627,184,绍兴市,Shaoxing,2023,F&B,40.31919629,5.239397215
4628,102,金华市,Jinhua,2023,Beauty,38.5620915,16.0130719
4629,102,金华市,Jinhua,2023,Entertainment,45.41832669,29.6812749
4630,102,金华市,Jinhua,2023,Training,40.05524862,27.20994475
4631,102,金华市,Jinhua,2023,Daily service,35.27188136,5.553940099
4632,102,金华市,Jinhua,2023,Retail goods,33.56959735,3.920977228
4633,102,金华市,Jinhua,2023,Exercise,54.14201183,34.02366864
4634,102,金华市,Jinhua,2023,F&B,41.08860241,3.867403315
4635,169,衢州市,Quzhou,2023,Beauty,35.15248796,9.844836811
4636,169,衢州市,Quzhou,2023,Entertainment,49.84802432,28.87537994
4637,169,衢州市,Quzhou,2023,Training,43.93939394,25.75757576
4638,169,衢州市,Quzhou,2023,Daily service,37.93939394,4
4639,169,衢州市,Quzhou,2023,Retail goods,38.02895323,4.361544172
4640,169,衢州市,Quzhou,2023,Exercise,60,37.41935484
4641,169,衢州市,Quzhou,2023,F&B,42.82911517,5.199136747
4642,279,舟山市,Zhoushan,2023,Beauty,49.34903906,15.80905146
4643,279,舟山市,Zhoushan,2023,Entertainment,56.23188406,38.55072464
4644,279,舟山市,Zhoushan,2023,Training,56.25,35.19736842
4645,279,舟山市,Zhoushan,2023,Daily service,43.09874523,8.947081288
4646,279,舟山市,Zhoushan,2023,Retail goods,41.02016607,5.005931198
4647,279,舟山市,Zhoushan,2023,Exercise,60,55.86206897
4648,279,舟山市,Zhoushan,2023,F&B,43.59035005,6.88268685
4649,199,台州市,Taizhou,2023,Beauty,42.2380188,11.3964687
4650,199,台州市,Taizhou,2023,Entertainment,44.85981308,30.95794393
4651,199,台州市,Taizhou,2023,Training,44.51939292,30.35413153
4652,199,台州市,Taizhou,2023,Daily service,40.45781893,5.336934156
4653,199,台州市,Taizhou,2023,Retail goods,36.29480369,4.829944434
4654,199,台州市,Taizhou,2023,Exercise,57.07317073,37.56097561
4655,199,台州市,Taizhou,2023,F&B,36.40435502,4.237872106
4656,120,丽水市,Lishui,2023,Beauty,40.98088113,9.476309227
4657,120,丽水市,Lishui,2023,Entertainment,45.20547945,27.85388128
4658,120,丽水市,Lishui,2023,Training,46.11650485,24.27184466
4659,120,丽水市,Lishui,2023,Daily service,42.47404844,6.228373702
4660,120,丽水市,Lishui,2023,Retail goods,46.92206942,6.024885396
4661,120,丽水市,Lishui,2023,Exercise,47.32142857,41.96428571
4662,120,丽水市,Lishui,2023,F&B,44.74824942,3.901300433
4663,69,合肥市,Hefei,2023,Beauty,54.0397351,27.35447891
4664,69,合肥市,Hefei,2023,Entertainment,61.31049483,44.045677
4665,69,合肥市,Hefei,2023,Training,59.78395608,44.23587746
4666,69,合肥市,Hefei,2023,Daily service,48.99175957,10.13572467
4667,69,合肥市,Hefei,2023,Retail goods,47.87968566,10.13080921
4668,69,合肥市,Hefei,2023,Exercise,68.14939152,50.48258498
4669,69,合肥市,Hefei,2023,F&B,50.44445764,8.485280434
4670,222,芜湖市,Wuhu,2023,Beauty,48.2047636,16.60149307
4671,222,芜湖市,Wuhu,2023,Entertainment,51.99468085,32.57978723
4672,222,芜湖市,Wuhu,2023,Training,61.88888889,45
4673,222,芜湖市,Wuhu,2023,Daily service,46.02215509,11.98388721
4674,222,芜湖市,Wuhu,2023,Retail goods,44.68900705,9.880054408
4675,222,芜湖市,Wuhu,2023,Exercise,66.97247706,47.01834862
4676,222,芜湖市,Wuhu,2023,F&B,49.94930292,6.273764259
4677,12,蚌埠市,Bengbu,2023,Beauty,51.00413467,13.64441819
4678,12,蚌埠市,Bengbu,2023,Entertainment,57.51211632,30.69466882
4679,12,蚌埠市,Bengbu,2023,Training,57.58039816,32.92496172
4680,12,蚌埠市,Bengbu,2023,Daily service,43.41429239,4.950957496
4681,12,蚌埠市,Bengbu,2023,Retail goods,45.25734944,4.338312244
4682,12,蚌埠市,Bengbu,2023,Exercise,62.69592476,46.0815047
4683,12,蚌埠市,Bengbu,2023,F&B,48.49220806,5.757943736
4684,85,淮南市,Huainan,2023,Beauty,55.0094518,13.34593573
4685,85,淮南市,Huainan,2023,Entertainment,61.62528217,29.11963883
4686,85,淮南市,Huainan,2023,Training,59.81308411,31.15264798
4687,85,淮南市,Huainan,2023,Daily service,45.90117109,5.512710654
4688,85,淮南市,Huainan,2023,Retail goods,49.42027322,5.074044312
4689,85,淮南市,Huainan,2023,Exercise,68.75,38.46153846
4690,85,淮南市,Huainan,2023,F&B,52.89620319,6.090449657
4691,138,马鞍山市,Maanshan,2023,Beauty,43.7785678,10.86846115
4692,138,马鞍山市,Maanshan,2023,Entertainment,48.56046065,28.40690979
4693,138,马鞍山市,Maanshan,2023,Training,46.37931034,25.51724138
4694,138,马鞍山市,Maanshan,2023,Daily service,41.62617428,4.016844833
4695,138,马鞍山市,Maanshan,2023,Retail goods,42.17549535,3.760614638
4696,138,马鞍山市,Maanshan,2023,Exercise,53.19148936,35.31914894
4697,138,马鞍山市,Maanshan,2023,F&B,41.43163923,2.977809592
4698,84,淮北市,Huaibei,2023,Beauty,45.30310042,11.24479408
4699,84,淮北市,Huaibei,2023,Entertainment,54.97382199,28.79581152
4700,84,淮北市,Huaibei,2023,Training,47.49340369,32.18997361
4701,84,淮北市,Huaibei,2023,Daily service,37.66404199,3.772965879
4702,84,淮北市,Huaibei,2023,Retail goods,43.17801339,4.213169643
4703,84,淮北市,Huaibei,2023,Exercise,56.57142857,27.42857143
4704,84,淮北市,Huaibei,2023,F&B,43.63566586,4.272738902
4705,210,铜陵市,Tongling,2023,Beauty,48.72501723,9.786354238
4706,210,铜陵市,Tongling,2023,Entertainment,54.46808511,40.85106383
4707,210,铜陵市,Tongling,2023,Training,53.24232082,40.27303754
4708,210,铜陵市,Tongling,2023,Daily service,43.29649207,6.82364248
4709,210,铜陵市,Tongling,2023,Retail goods,44.76626016,6.580284553
4710,210,铜陵市,Tongling,2023,Exercise,58.53658537,50.40650407
4711,210,铜陵市,Tongling,2023,F&B,46.17768595,7.412190083
4712,2,安庆市,Anqing,2023,Beauty,43.15068493,11.70091324
4713,2,安庆市,Anqing,2023,Entertainment,48.96551724,33.79310345
4714,2,安庆市,Anqing,2023,Training,48.87387387,34.00900901
4715,2,安庆市,Anqing,2023,Daily service,37.785658,4.609929078
4716,2,安庆市,Anqing,2023,Retail goods,43.38235294,5.029411765
4717,2,安庆市,Anqing,2023,Exercise,65.44117647,40.44117647
4718,2,安庆市,Anqing,2023,F&B,44.44687363,5.946655007
4719,87,黄山市,Huangshan,2023,Beauty,49.32362123,6.451612903
4720,87,黄山市,Huangshan,2023,Entertainment,65.06024096,22.28915663
4721,87,黄山市,Huangshan,2023,Training,45.02369668,12.79620853
4722,87,黄山市,Huangshan,2023,Daily service,39.8064962,5.114029026
4723,87,黄山市,Huangshan,2023,Retail goods,38.75432526,2.848017035
4724,87,黄山市,Huangshan,2023,Exercise,58.33333333,28.7037037
4725,87,黄山市,Huangshan,2023,F&B,47.90318041,3.433717985
4726,34,滁州市,Chuzhou,2023,Beauty,53.53371243,14.01299756
4727,34,滁州市,Chuzhou,2023,Entertainment,59.49579832,29.57983193
4728,34,滁州市,Chuzhou,2023,Training,56.17283951,34.1563786
4729,34,滁州市,Chuzhou,2023,Daily service,43.52283318,4.131717925
4730,34,滁州市,Chuzhou,2023,Retail goods,46.54444738,5.433922448
4731,34,滁州市,Chuzhou,2023,Exercise,63.29113924,39.24050633
4732,34,滁州市,Chuzhou,2023,F&B,51.45593374,6.639057849
4733,54,阜阳市,Fuyang,2023,Beauty,58.74053682,13.8678596
4734,54,阜阳市,Fuyang,2023,Entertainment,57.67366721,25.20193861
4735,54,阜阳市,Fuyang,2023,Training,70.3649635,41.89781022
4736,54,阜阳市,Fuyang,2023,Daily service,53.13180828,5.991285403
4737,54,阜阳市,Fuyang,2023,Retail goods,54.94715652,6.542526422
4738,54,阜阳市,Fuyang,2023,Exercise,69.36416185,41.90751445
4739,54,阜阳市,Fuyang,2023,F&B,51.4457174,6.273867976
4740,195,宿州市,Suzhou,2023,Beauty,51.26503526,16.75653256
4741,195,宿州市,Suzhou,2023,Entertainment,59.18803419,34.4017094
4742,195,宿州市,Suzhou,2023,Training,58.56481481,41.43518519
4743,195,宿州市,Suzhou,2023,Daily service,41.65512465,4.293628809
4744,195,宿州市,Suzhou,2023,Retail goods,49.14536158,5.113221329
4745,195,宿州市,Suzhou,2023,Exercise,69.60352423,44.05286344
4746,195,宿州市,Suzhou,2023,F&B,50.73806078,6.396526773
4747,129,六安市,Lu'an,2023,Beauty,49.51259139,8.367181154
4748,129,六安市,Lu'an,2023,Entertainment,50.84745763,21.61016949
4749,129,六安市,Lu'an,2023,Training,54.24292845,24.62562396
4750,129,六安市,Lu'an,2023,Daily service,47.13008365,5.85520623
4751,129,六安市,Lu'an,2023,Retail goods,51.41327356,5.478769767
4752,129,六安市,Lu'an,2023,Exercise,64.60176991,38.05309735
4753,129,六安市,Lu'an,2023,F&B,44.2662528,5.104328332
4754,21,亳州市,Bozhou,2023,Beauty,49.4568029,10.29487843
4755,21,亳州市,Bozhou,2023,Entertainment,58.18181818,27.53246753
4756,21,亳州市,Bozhou,2023,Training,49.4011976,25.74850299
4757,21,亳州市,Bozhou,2023,Daily service,40.09302326,3.209302326
4758,21,亳州市,Bozhou,2023,Retail goods,44.02574973,3.485633537
4759,21,亳州市,Bozhou,2023,Exercise,57.14285714,33.99014778
4760,21,亳州市,Bozhou,2023,F&B,46.43755239,3.101424979
4761,31,池州市,Chizhou,2023,Beauty,42.67650158,8.956796628
4762,31,池州市,Chizhou,2023,Entertainment,42,45
4763,31,池州市,Chizhou,2023,Training,47.97979798,35.35353535
4764,31,池州市,Chizhou,2023,Daily service,40.92664093,6.1003861
4765,31,池州市,Chizhou,2023,Retail goods,37.91139241,3.575949367
4766,31,池州市,Chizhou,2023,Exercise,60.34482759,43.10344828
4767,31,池州市,Chizhou,2023,F&B,40.46177139,7.115821347
4768,240,宣城市,Xuancheng,2023,Beauty,45.39411206,6.647673314
4769,240,宣城市,Xuancheng,2023,Entertainment,47.47474747,14.14141414
4770,240,宣城市,Xuancheng,2023,Training,42.63959391,26.9035533
4771,240,宣城市,Xuancheng,2023,Daily service,37.79527559,4.803149606
4772,240,宣城市,Xuancheng,2023,Retail goods,43.68048534,4.078193461
4773,240,宣城市,Xuancheng,2023,Exercise,65.625,34.375
4774,240,宣城市,Xuancheng,2023,F&B,43.44512195,4.573170732
4775,50,福州市,Fuzhou,2023,Beauty,52.62068966,24.45517241
4776,50,福州市,Fuzhou,2023,Entertainment,64.32783019,51.06132075
4777,50,福州市,Fuzhou,2023,Training,57.92630677,42.28791774
4778,50,福州市,Fuzhou,2023,Daily service,48.27273643,11.38080371
4779,50,福州市,Fuzhou,2023,Retail goods,43.78711952,7.846139569
4780,50,福州市,Fuzhou,2023,Exercise,65.17626827,44.45399828
4781,50,福州市,Fuzhou,2023,F&B,45.58400749,6.565487731
4782,175,厦门市,Xiamen,2023,Beauty,51.66608615,20.39939626
4783,175,厦门市,Xiamen,2023,Entertainment,63.78519974,38.04846103
4784,175,厦门市,Xiamen,2023,Training,55.72385669,32.56626857
4785,175,厦门市,Xiamen,2023,Daily service,46.12569277,12.17191258
4786,175,厦门市,Xiamen,2023,Retail goods,45.84401141,8.8825492
4787,175,厦门市,Xiamen,2023,Exercise,64.56743003,43.44783715
4788,175,厦门市,Xiamen,2023,F&B,45.92606744,6.103734836
4789,159,莆田市,Putian,2023,Beauty,42.4437299,15.75562701
4790,159,莆田市,Putian,2023,Entertainment,64.48275862,42.4137931
4791,159,莆田市,Putian,2023,Training,52.58426966,32.35955056
4792,159,莆田市,Putian,2023,Daily service,42.50135355,6.87601516
4793,159,莆田市,Putian,2023,Retail goods,38.31508003,5.0210615
4794,159,莆田市,Putian,2023,Exercise,63.63636364,41.81818182
4795,159,莆田市,Putian,2023,F&B,39.08250356,3.858463727
4796,173,三明市,Sanming,2023,Beauty,50.55821372,16.58692185
4797,173,三明市,Sanming,2023,Entertainment,55.33980583,37.86407767
4798,173,三明市,Sanming,2023,Training,55.38461538,34.61538462
4799,173,三明市,Sanming,2023,Daily service,39.96062992,8.169291339
4800,173,三明市,Sanming,2023,Retail goods,42.02501955,6.411258796
4801,173,三明市,Sanming,2023,Exercise,68.35443038,41.7721519
4802,173,三明市,Sanming,2023,F&B,47.65687053,7.664813344
4803,170,泉州市,Quanzhou,2023,Beauty,39.11939035,12.71319705
4804,170,泉州市,Quanzhou,2023,Entertainment,49.22322159,31.1529027
4805,170,泉州市,Quanzhou,2023,Training,50.44454843,32.80299485
4806,170,泉州市,Quanzhou,2023,Daily service,37.54238538,5.550641309
4807,170,泉州市,Quanzhou,2023,Retail goods,36.30889933,3.544222962
4808,170,泉州市,Quanzhou,2023,Exercise,59.82230997,40.47384008
4809,170,泉州市,Quanzhou,2023,F&B,37.3832594,3.68024749
4810,268,漳州市,Zhangzhou,2023,Beauty,42.22689076,10.36414566
4811,268,漳州市,Zhangzhou,2023,Entertainment,45.6284153,27.59562842
4812,268,漳州市,Zhangzhou,2023,Training,50.0727802,28.67540029
4813,268,漳州市,Zhangzhou,2023,Daily service,40.8388521,4.801324503
4814,268,漳州市,Zhangzhou,2023,Retail goods,37.88879235,3.440486533
4815,268,漳州市,Zhangzhou,2023,Exercise,60.55555556,34.44444444
4816,268,漳州市,Zhangzhou,2023,F&B,38.24871649,2.595550485
4817,148,南平市,Nanping,2023,Beauty,47.17391304,19.34782609
4818,148,南平市,Nanping,2023,Entertainment,61.62790698,32.55813953
4819,148,南平市,Nanping,2023,Training,53.22580645,27.41935484
4820,148,南平市,Nanping,2023,Daily service,42.60614934,10.2489019
4821,148,南平市,Nanping,2023,Retail goods,46.02076125,5.437469105
4822,148,南平市,Nanping,2023,Exercise,55.55555556,31.11111111
4823,148,南平市,Nanping,2023,F&B,43.27411168,6.725888325
4824,131,龙岩市,Longyan,2023,Beauty,51.27175368,12.24899598
4825,131,龙岩市,Longyan,2023,Entertainment,51.50214592,45.06437768
4826,131,龙岩市,Longyan,2023,Training,53.06859206,41.15523466
4827,131,龙岩市,Longyan,2023,Daily service,42.60826282,6.719761075
4828,131,龙岩市,Longyan,2023,Retail goods,44.1025641,4.185277089
4829,131,龙岩市,Longyan,2023,Exercise,62.2754491,41.91616766
4830,131,龙岩市,Longyan,2023,F&B,45.50030506,2.471018914
4831,153,宁德市,Ningde,2023,Beauty,51.9047619,19.36507937
4832,153,宁德市,Ningde,2023,Entertainment,52.80373832,48.13084112
4833,153,宁德市,Ningde,2023,Training,53.81165919,35.42600897
4834,153,宁德市,Ningde,2023,Daily service,41.55172414,8.017241379
4835,153,宁德市,Ningde,2023,Retail goods,45.15001456,4.544130498
4836,153,宁德市,Ningde,2023,Exercise,66.99029126,40.77669903
4837,153,宁德市,Ningde,2023,F&B,47.53420299,6.108813236
4838,144,南昌市,Nanchang,2023,Beauty,48.63963307,19.35786511
4839,144,南昌市,Nanchang,2023,Entertainment,55.20190024,34.39429929
4840,144,南昌市,Nanchang,2023,Training,55.5,30.63333333
4841,144,南昌市,Nanchang,2023,Daily service,43.52169603,6.893922062
4842,144,南昌市,Nanchang,2023,Retail goods,45.53007416,8.476380115
4843,144,南昌市,Nanchang,2023,Exercise,61.94444444,36.31944444
4844,144,南昌市,Nanchang,2023,F&B,46.70599541,6.0594736
4845,108,景德镇市,Jingdezhen,2023,Beauty,50.44742729,11.35346756
4846,108,景德镇市,Jingdezhen,2023,Entertainment,54.57809695,16.33752244
4847,108,景德镇市,Jingdezhen,2023,Training,61.84615385,17.23076923
4848,108,景德镇市,Jingdezhen,2023,Daily service,42.2037422,4.417879418
4849,108,景德镇市,Jingdezhen,2023,Retail goods,42.02154951,2.941679494
4850,108,景德镇市,Jingdezhen,2023,Exercise,60.60606061,30.3030303
4851,108,景德镇市,Jingdezhen,2023,F&B,45.86944985,2.848045286
4852,158,萍乡市,Pingxiang,2023,Beauty,40.56603774,7.783018868
4853,158,萍乡市,Pingxiang,2023,Entertainment,48.54368932,29.61165049
4854,158,萍乡市,Pingxiang,2023,Training,49.80079681,26.29482072
4855,158,萍乡市,Pingxiang,2023,Daily service,38.89555822,4.081632653
4856,158,萍乡市,Pingxiang,2023,Retail goods,42.30019493,3.638726446
4857,158,萍乡市,Pingxiang,2023,Exercise,61.47540984,26.2295082
4858,158,萍乡市,Pingxiang,2023,F&B,40.23289665,3.84279476
4859,109,九江市,Jiujiang,2023,Beauty,45.69306931,11.98019802
4860,109,九江市,Jiujiang,2023,Entertainment,51.28205128,24.70862471
4861,109,九江市,Jiujiang,2023,Training,49.13627639,27.25527831
4862,109,九江市,Jiujiang,2023,Daily service,38.5155096,6.019202363
4863,109,九江市,Jiujiang,2023,Retail goods,42.56641293,5.26642846
4864,109,九江市,Jiujiang,2023,Exercise,58.84615385,30.38461538
4865,109,九江市,Jiujiang,2023,F&B,42.22222222,3.384841795
4866,235,新余市,Xinyu,2023,Beauty,39.09224012,8.052708638
4867,235,新余市,Xinyu,2023,Entertainment,42.91666667,19.16666667
4868,235,新余市,Xinyu,2023,Training,40.65934066,17.58241758
4869,235,新余市,Xinyu,2023,Daily service,34.20180009,4.026527712
4870,235,新余市,Xinyu,2023,Retail goods,34.95529216,3.701393221
4871,235,新余市,Xinyu,2023,Exercise,54.79452055,26.71232877
4872,235,新余市,Xinyu,2023,F&B,37.09717097,3.222632226
4873,254,鹰潭市,Yingtan,2023,Beauty,50.18726592,12.35955056
4874,254,鹰潭市,Yingtan,2023,Entertainment,54.67625899,43.16546763
4875,254,鹰潭市,Yingtan,2023,Training,51.89189189,24.32432432
4876,254,鹰潭市,Yingtan,2023,Daily service,38.83040936,3.859649123
4877,254,鹰潭市,Yingtan,2023,Retail goods,38.3127572,6.131687243
4878,254,鹰潭市,Yingtan,2023,Exercise,43.85964912,35.0877193
4879,254,鹰潭市,Yingtan,2023,F&B,45.04079004,9.961356805
4880,55,赣州市,Ganzhou,2023,Beauty,42.77728744,16.26949103
4881,55,赣州市,Ganzhou,2023,Entertainment,47.19626168,31.77570093
4882,55,赣州市,Ganzhou,2023,Training,47.6119403,28.65671642
4883,55,赣州市,Ganzhou,2023,Daily service,36.35740402,5.164533821
4884,55,赣州市,Ganzhou,2023,Retail goods,38.25918405,3.812073103
4885,55,赣州市,Ganzhou,2023,Exercise,50.43478261,43.76811594
4886,55,赣州市,Ganzhou,2023,F&B,41.39973673,4.640193067
4887,91,吉安市,Ji'an,2023,Beauty,41.25714286,11.25714286
4888,91,吉安市,Ji'an,2023,Entertainment,47.34982332,33.92226148
4889,91,吉安市,Ji'an,2023,Training,45.85798817,28.99408284
4890,91,吉安市,Ji'an,2023,Daily service,35.90785908,4.652213189
4891,91,吉安市,Ji'an,2023,Retail goods,35.93964335,4.095630022
4892,91,吉安市,Ji'an,2023,Exercise,58.2278481,42.40506329
4893,91,吉安市,Ji'an,2023,F&B,39.24392439,4.095409541
4894,251,宜春市,Yichun,2023,Beauty,39.84375,9.598214286
4895,251,宜春市,Yichun,2023,Entertainment,50.44247788,27.87610619
4896,251,宜春市,Yichun,2023,Training,40.93959732,21.81208054
4897,251,宜春市,Yichun,2023,Daily service,37.81597573,4.701718908
4898,251,宜春市,Yichun,2023,Retail goods,43.07408167,6.033244408
4899,251,宜春市,Yichun,2023,Exercise,54.26356589,37.98449612
4900,251,宜春市,Yichun,2023,F&B,39.571949,5.054644809
4901,52,抚州市,Fuzhou,2023,Beauty,40.39820167,8.028259473
4902,52,抚州市,Fuzhou,2023,Entertainment,51.2195122,19.10569106
4903,52,抚州市,Fuzhou,2023,Training,46.60194175,14.2394822
4904,52,抚州市,Fuzhou,2023,Daily service,36.41826923,3.185096154
4905,52,抚州市,Fuzhou,2023,Retail goods,38.10408922,3.593556382
4906,52,抚州市,Fuzhou,2023,Exercise,49.03846154,25.96153846
4907,52,抚州市,Fuzhou,2023,F&B,38.94557823,3.960155491
4908,181,上饶市,Shangrao,2023,Beauty,43.88975559,11.7524701
4909,181,上饶市,Shangrao,2023,Entertainment,53,37
4910,181,上饶市,Shangrao,2023,Training,43.27956989,25.80645161
4911,181,上饶市,Shangrao,2023,Daily service,37.96255986,4.87592512
4912,181,上饶市,Shangrao,2023,Retail goods,39.27132033,4.65903595
4913,181,上饶市,Shangrao,2023,Exercise,59.44700461,32.71889401
4914,181,上饶市,Shangrao,2023,F&B,41.01616628,5.45034642
4915,93,济南市,Ji'nan,2023,Beauty,60.36971965,28.56924605
4916,93,济南市,Ji'nan,2023,Entertainment,62.01724784,33.97075366
4917,93,济南市,Ji'nan,2023,Training,63.8764881,35.04464286
4918,93,济南市,Ji'nan,2023,Daily service,55.94738958,9.516972029
4919,93,济南市,Ji'nan,2023,Retail goods,53.85529596,9.690416836
4920,93,济南市,Ji'nan,2023,Exercise,70.63450446,39.74829575
4921,93,济南市,Ji'nan,2023,F&B,55.00760043,8.241042345
4922,165,青岛市,Qingdao,2023,Beauty,51.94091378,18.71350052
4923,165,青岛市,Qingdao,2023,Entertainment,57.00824499,22.61484099
4924,165,青岛市,Qingdao,2023,Training,55.34875316,23.52728587
4925,165,青岛市,Qingdao,2023,Daily service,45.17189352,7.155943528
4926,165,青岛市,Qingdao,2023,Retail goods,44.82820276,6.889769646
4927,165,青岛市,Qingdao,2023,Exercise,64.56043956,26.42857143
4928,165,青岛市,Qingdao,2023,F&B,45.51130699,5.643003306
4929,285,淄博市,Zibo,2023,Beauty,49.02439024,15.90243902
4930,285,淄博市,Zibo,2023,Entertainment,53.26576577,24.54954955
4931,285,淄博市,Zibo,2023,Training,46.22741764,24.282678
4932,285,淄博市,Zibo,2023,Daily service,46.70509629,5.450019652
4933,285,淄博市,Zibo,2023,Retail goods,44.75127204,4.939979252
4934,285,淄博市,Zibo,2023,Exercise,61.70886076,35.75949367
4935,285,淄博市,Zibo,2023,F&B,44.39582803,4.426354617
4936,263,枣庄市,Zaozhuang,2023,Beauty,40.4975812,4.07740152
4937,263,枣庄市,Zaozhuang,2023,Entertainment,48.31932773,7.56302521
4938,263,枣庄市,Zaozhuang,2023,Training,38.18897638,14.76377953
4939,263,枣庄市,Zaozhuang,2023,Daily service,39.34495959,1.956614207
4940,263,枣庄市,Zaozhuang,2023,Retail goods,34.73832104,1.650860555
4941,263,枣庄市,Zaozhuang,2023,Exercise,59.86394558,21.08843537
4942,263,枣庄市,Zaozhuang,2023,F&B,39.04716304,1.65190328
4943,45,东营市,Dongying,2023,Beauty,51.55902004,14.25389755
4944,45,东营市,Dongying,2023,Entertainment,54.98938429,21.01910828
4945,45,东营市,Dongying,2023,Training,52.50569476,26.76537585
4946,45,东营市,Dongying,2023,Daily service,39.95622568,3.550583658
4947,45,东营市,Dongying,2023,Retail goods,41.51632793,5.377940169
4948,45,东营市,Dongying,2023,Exercise,59.50704225,33.8028169
4949,45,东营市,Dongying,2023,F&B,46.43183898,4.086611772
4950,242,烟台市,Yantai,2023,Beauty,53.01432394,13.72579884
4951,242,烟台市,Yantai,2023,Entertainment,55.59481743,21.0836278
4952,242,烟台市,Yantai,2023,Training,54.22149123,26.91885965
4953,242,烟台市,Yantai,2023,Daily service,49.19878162,5.522447358
4954,242,烟台市,Yantai,2023,Retail goods,48.4772423,4.657518965
4955,242,烟台市,Yantai,2023,Exercise,61.70798898,30.02754821
4956,242,烟台市,Yantai,2023,F&B,49.79532328,4.553356137
4957,214,潍坊市,Weifang,2023,Beauty,46.79828326,17.63090129
4958,214,潍坊市,Weifang,2023,Entertainment,54.88095238,24.88095238
4959,214,潍坊市,Weifang,2023,Training,44.93257938,17.92083515
4960,214,潍坊市,Weifang,2023,Daily service,45.57463672,4.557463672
4961,214,潍坊市,Weifang,2023,Retail goods,45.61012291,4.366540476
4962,214,潍坊市,Weifang,2023,Exercise,58.95061728,30.55555556
4963,214,潍坊市,Weifang,2023,F&B,42.55651998,4.244045216
4964,94,济宁市,Jining,2023,Beauty,49.29780338,19.44544472
4965,94,济宁市,Jining,2023,Entertainment,50.65885798,24.74377745
4966,94,济宁市,Jining,2023,Training,51.55746509,31.25671321
4967,94,济宁市,Jining,2023,Daily service,47.52791069,5.874534822
4968,94,济宁市,Jining,2023,Retail goods,42.88056206,5.702576112
4969,94,济宁市,Jining,2023,Exercise,63.77245509,37.1257485
4970,94,济宁市,Jining,2023,F&B,40.056899,5.64248459
4971,201,泰安市,Tai'an,2023,Beauty,48.48602484,17.15838509
4972,201,泰安市,Tai'an,2023,Entertainment,50,31.87772926
4973,201,泰安市,Tai'an,2023,Training,46.95340502,27.95698925
4974,201,泰安市,Tai'an,2023,Daily service,43.54371743,5.558772438
4975,201,泰安市,Tai'an,2023,Retail goods,41.25965299,5.104803931
4976,201,泰安市,Tai'an,2023,Exercise,58.88501742,33.1010453
4977,201,泰安市,Tai'an,2023,F&B,43.61095265,5.633200228
4978,213,威海市,Weihai,2023,Beauty,52.25752508,13.09921962
4979,213,威海市,Weihai,2023,Entertainment,59.56790123,23.91975309
4980,213,威海市,Weihai,2023,Training,53.0994152,26.19883041
4981,213,威海市,Weihai,2023,Daily service,51.37735024,5.902929602
4982,213,威海市,Weihai,2023,Retail goods,52.94453321,7.795023967
4983,213,威海市,Weihai,2023,Exercise,60.53333333,38.93333333
4984,213,威海市,Weihai,2023,F&B,50.00610128,6.125686394
4985,171,日照市,Rizhao,2023,Beauty,40.67503245,14.45261791
4986,171,日照市,Rizhao,2023,Entertainment,46.13778706,24.217119
4987,171,日照市,Rizhao,2023,Training,38.84540117,16.34050881
4988,171,日照市,Rizhao,2023,Daily service,39.83949556,4.729148753
4989,171,日照市,Rizhao,2023,Retail goods,42.03955674,5.779211671
4990,171,日照市,Rizhao,2023,Exercise,53.44129555,23.48178138
4991,171,日照市,Rizhao,2023,F&B,43.31227685,4.682779456
4992,127,临沂市,Linyi,2023,Beauty,48.04811372,11.2520503
4993,127,临沂市,Linyi,2023,Entertainment,50.93696763,22.82793867
4994,127,临沂市,Linyi,2023,Training,45.68457539,21.73310225
4995,127,临沂市,Linyi,2023,Daily service,44.52016355,3.567706245
4996,127,临沂市,Linyi,2023,Retail goods,47.46681747,5.059711919
4997,127,临沂市,Linyi,2023,Exercise,55.52795031,31.92546584
4998,127,临沂市,Linyi,2023,F&B,41.78697148,3.848435708
4999,42,德州市,Dezhou,2023,Beauty,49.3993994,13.71371371
5000,42,德州市,Dezhou,2023,Entertainment,57.45454545,22.18181818
5001,42,德州市,Dezhou,2023,Training,54.15986949,26.26427406
5002,42,德州市,Dezhou,2023,Daily service,47.16542751,4.182156134
5003,42,德州市,Dezhou,2023,Retail goods,50,4.473161034
5004,42,德州市,Dezhou,2023,Exercise,62.5,27.43055556
5005,42,德州市,Dezhou,2023,F&B,45.19764216,4.646324549
5006,124,聊城市,Liaocheng,2023,Beauty,56.35785649,20.29972752
5007,124,聊城市,Liaocheng,2023,Entertainment,59.17312661,32.55813953
5008,124,聊城市,Liaocheng,2023,Training,55.43328748,30.53645117
5009,124,聊城市,Liaocheng,2023,Daily service,52.51436782,5.459770115
5010,124,聊城市,Liaocheng,2023,Retail goods,49.68724504,5.738373674
5011,124,聊城市,Liaocheng,2023,Exercise,60.61643836,36.64383562
5012,124,聊城市,Liaocheng,2023,F&B,49.12046908,5.770255864
5013,20,滨州市,Binzhou,2023,Beauty,45.63380282,5.577464789
5014,20,滨州市,Binzhou,2023,Entertainment,62.84153005,23.49726776
5015,20,滨州市,Binzhou,2023,Training,51.95402299,18.85057471
5016,20,滨州市,Binzhou,2023,Daily service,46.2734157,2.750099641
5017,20,滨州市,Binzhou,2023,Retail goods,43.7059042,3.026364649
5018,20,滨州市,Binzhou,2023,Exercise,60.10928962,30.6010929
5019,20,滨州市,Binzhou,2023,F&B,40.16864699,2.683020314
5020,275,郑州市,Zhengzhou,2023,Beauty,57.8258547,35.86004274
5021,275,郑州市,Zhengzhou,2023,Entertainment,64.27196921,48.0436177
5022,275,郑州市,Zhengzhou,2023,Training,60.17684887,42.52411576
5023,275,郑州市,Zhengzhou,2023,Daily service,48.34785537,11.30193206
5024,275,郑州市,Zhengzhou,2023,Retail goods,50.46721295,10.95023925
5025,275,郑州市,Zhengzhou,2023,Exercise,62.11205159,41.3139863
5026,275,郑州市,Zhengzhou,2023,F&B,47.89182435,7.634773295
5027,111,开封市,Kaifeng,2023,Beauty,43.48130024,13.49178609
5028,111,开封市,Kaifeng,2023,Entertainment,51.65289256,23.14049587
5029,111,开封市,Kaifeng,2023,Training,49.47916667,17.578125
5030,111,开封市,Kaifeng,2023,Daily service,38.97965033,3.238750358
5031,111,开封市,Kaifeng,2023,Retail goods,40.9110964,3.496580631
5032,111,开封市,Kaifeng,2023,Exercise,55.66666667,25.66666667
5033,111,开封市,Kaifeng,2023,F&B,41.57035176,2.914572864
5034,136,洛阳市,Luoyang,2023,Beauty,45.89134126,24.82173175
5035,136,洛阳市,Luoyang,2023,Entertainment,50.41050903,22.4137931
5036,136,洛阳市,Luoyang,2023,Training,50.20722321,33.57015986
5037,136,洛阳市,Luoyang,2023,Daily service,39.86820428,6.136738056
5038,136,洛阳市,Luoyang,2023,Retail goods,45.35265009,5.049782388
5039,136,洛阳市,Luoyang,2023,Exercise,55.41958042,32.16783217
5040,136,洛阳市,Luoyang,2023,F&B,39.72901817,3.473961343
5041,156,平顶山市,Pingdingshan,2023,Beauty,51.71773445,14.85608171
5042,156,平顶山市,Pingdingshan,2023,Entertainment,61.53846154,31.10367893
5043,156,平顶山市,Pingdingshan,2023,Training,61.15702479,29.4214876
5044,156,平顶山市,Pingdingshan,2023,Daily service,43.9865118,5.470213563
5045,156,平顶山市,Pingdingshan,2023,Retail goods,48.39389152,4.383886256
5046,156,平顶山市,Pingdingshan,2023,Exercise,56.70103093,24.74226804
5047,156,平顶山市,Pingdingshan,2023,F&B,45.23809524,4.676258993
5048,4,安阳市,Anyang,2023,Beauty,48.36687562,10.55757176
5049,4,安阳市,Anyang,2023,Entertainment,58.82352941,18.22094692
5050,4,安阳市,Anyang,2023,Training,51.23614663,17.47655584
5051,4,安阳市,Anyang,2023,Daily service,46.61123709,2.947845805
5052,4,安阳市,Anyang,2023,Retail goods,47.68923957,2.679268187
5053,4,安阳市,Anyang,2023,Exercise,61.65644172,24.23312883
5054,4,安阳市,Anyang,2023,F&B,45.60669456,3.430962343
5055,73,鹤壁市,Hebi,2023,Beauty,49.71590909,9.659090909
5056,73,鹤壁市,Hebi,2023,Entertainment,52.17391304,28.80434783
5057,73,鹤壁市,Hebi,2023,Training,46.59498208,25.80645161
5058,73,鹤壁市,Hebi,2023,Daily service,43.24540368,2.717825739
5059,73,鹤壁市,Hebi,2023,Retail goods,46.08247423,5.807560137
5060,73,鹤壁市,Hebi,2023,Exercise,63.2183908,27.5862069
5061,73,鹤壁市,Hebi,2023,F&B,47.79179811,6.309148265
5062,234,新乡市,Xinxiang,2023,Beauty,46.96261682,15.56074766
5063,234,新乡市,Xinxiang,2023,Entertainment,53.03265941,25.66096423
5064,234,新乡市,Xinxiang,2023,Training,46.48573417,18.85873347
5065,234,新乡市,Xinxiang,2023,Daily service,37.12420886,3.263449367
5066,234,新乡市,Xinxiang,2023,Retail goods,42.02976787,3.956196499
5067,234,新乡市,Xinxiang,2023,Exercise,56.1440678,20.55084746
5068,234,新乡市,Xinxiang,2023,F&B,40.28307484,3.635901348
5069,99,焦作市,Jiaozuo,2023,Beauty,44.95015171,7.195491981
5070,99,焦作市,Jiaozuo,2023,Entertainment,58.77862595,17.04834606
5071,99,焦作市,Jiaozuo,2023,Training,48.5106383,20.28368794
5072,99,焦作市,Jiaozuo,2023,Daily service,46.44034278,2.768622281
5073,99,焦作市,Jiaozuo,2023,Retail goods,44.78908189,2.617866005
5074,99,焦作市,Jiaozuo,2023,Exercise,62.54681648,18.35205993
5075,99,焦作市,Jiaozuo,2023,F&B,42.46019826,2.012616401
5076,160,濮阳市,Puyang,2023,Beauty,44.36548223,8.83248731
5077,160,濮阳市,Puyang,2023,Entertainment,52.86885246,20.69672131
5078,160,濮阳市,Puyang,2023,Training,48.20322181,19.45477076
5079,160,濮阳市,Puyang,2023,Daily service,37.3461423,2.55178625
5080,160,濮阳市,Puyang,2023,Retail goods,39.43826799,2.843768286
5081,160,濮阳市,Puyang,2023,Exercise,55.48172757,23.25581395
5082,160,濮阳市,Puyang,2023,F&B,41.5567789,3.482268596
5083,239,许昌市,Xuchang,2023,Beauty,48,20
5084,239,许昌市,Xuchang,2023,Entertainment,58.5,31.25
5085,239,许昌市,Xuchang,2023,Training,43.63057325,26.91082803
5086,239,许昌市,Xuchang,2023,Daily service,37.79357231,3.275648949
5087,239,许昌市,Xuchang,2023,Retail goods,40.110117,4.597384721
5088,239,许昌市,Xuchang,2023,Exercise,59.16230366,37.69633508
5089,239,许昌市,Xuchang,2023,F&B,39.94994525,4.786485218
5090,137,漯河市,Luohe,2023,Beauty,45.44468547,9.869848156
5091,137,漯河市,Luohe,2023,Entertainment,51.8134715,22.5388601
5092,137,漯河市,Luohe,2023,Training,44.63373083,18.22827939
5093,137,漯河市,Luohe,2023,Daily service,36.12089202,2.112676056
5094,137,漯河市,Luohe,2023,Retail goods,40.33029613,2.391799544
5095,137,漯河市,Luohe,2023,Exercise,66.02870813,24.88038278
5096,137,漯河市,Luohe,2023,F&B,39.35506859,3.509709603
5097,172,三门峡市,Sanmenxia,2023,Beauty,46.52862363,18.87941535
5098,172,三门峡市,Sanmenxia,2023,Entertainment,63.30935252,33.09352518
5099,172,三门峡市,Sanmenxia,2023,Training,48.5,29
5100,172,三门峡市,Sanmenxia,2023,Daily service,42.76037257,4.233700254
5101,172,三门峡市,Sanmenxia,2023,Retail goods,45.98655595,4.507710558
5102,172,三门峡市,Sanmenxia,2023,Exercise,60,32.85714286
5103,172,三门峡市,Sanmenxia,2023,F&B,46.64899659,4.808784551
5104,150,南阳市,Nanyang,2023,Beauty,56.05557233,22.07792208
5105,150,南阳市,Nanyang,2023,Entertainment,59.51903808,32.66533066
5106,150,南阳市,Nanyang,2023,Training,62.03592814,38.08383234
5107,150,南阳市,Nanyang,2023,Daily service,46.13625972,5.029721079
5108,150,南阳市,Nanyang,2023,Retail goods,48.6898346,4.032707675
5109,150,南阳市,Nanyang,2023,Exercise,71.04377104,47.81144781
5110,150,南阳市,Nanyang,2023,F&B,47.86243587,3.277598328
5111,179,商丘市,Shangqiu,2023,Beauty,44.81981982,10.54804805
5112,179,商丘市,Shangqiu,2023,Entertainment,48.08429119,16.66666667
5113,179,商丘市,Shangqiu,2023,Training,38.11965812,16.41025641
5114,179,商丘市,Shangqiu,2023,Daily service,36.97819315,2.741433022
5115,179,商丘市,Shangqiu,2023,Retail goods,40.98013868,2.808790692
5116,179,商丘市,Shangqiu,2023,Exercise,46.02076125,23.87543253
5117,179,商丘市,Shangqiu,2023,F&B,37.76719331,2.683550186
5118,236,信阳市,Xinyang,2023,Beauty,49.29121102,13.00121507
5119,236,信阳市,Xinyang,2023,Entertainment,58.56832972,24.94577007
5120,236,信阳市,Xinyang,2023,Training,61.30198915,28.39059675
5121,236,信阳市,Xinyang,2023,Daily service,43.80228137,4.144486692
5122,236,信阳市,Xinyang,2023,Retail goods,50.35132307,6.189265959
5123,236,信阳市,Xinyang,2023,Exercise,64.48087432,40.43715847
5124,236,信阳市,Xinyang,2023,F&B,52.06453377,4.908394859
5125,280,周口市,Zhoukou,2023,Beauty,49.8185118,19.41923775
5126,280,周口市,Zhoukou,2023,Entertainment,57.35294118,26.76470588
5127,280,周口市,Zhoukou,2023,Training,50.34324943,20.59496568
5128,280,周口市,Zhoukou,2023,Daily service,48.15309301,4.939919893
5129,280,周口市,Zhoukou,2023,Retail goods,43.06343476,5.930892212
5130,280,周口市,Zhoukou,2023,Exercise,53.72340426,29.25531915
5131,280,周口市,Zhoukou,2023,F&B,46.26317079,6.591521686
5132,283,驻马店市,Zhumadian,2023,Beauty,47.75171065,19.84359726
5133,283,驻马店市,Zhumadian,2023,Entertainment,52.81690141,29.57746479
5134,283,驻马店市,Zhumadian,2023,Training,44.08602151,37.6344086
5135,283,驻马店市,Zhumadian,2023,Daily service,38.47045191,3.746620317
5136,283,驻马店市,Zhumadian,2023,Retail goods,42.48852303,5.793889505
5137,283,驻马店市,Zhumadian,2023,Exercise,51.12359551,38.20224719
5138,283,驻马店市,Zhumadian,2023,F&B,41.75304878,5.137195122
5139,224,武汉市,Wuhan,2023,Beauty,61.82145886,29.53244275
5140,224,武汉市,Wuhan,2023,Entertainment,65.23528605,36.7677322
5141,224,武汉市,Wuhan,2023,Training,71.03610675,43.1711146
5142,224,武汉市,Wuhan,2023,Daily service,54.55489801,9.386804331
5143,224,武汉市,Wuhan,2023,Retail goods,54.88650744,11.22751374
5144,224,武汉市,Wuhan,2023,Exercise,74.71726564,46.72028148
5145,224,武汉市,Wuhan,2023,F&B,54.21849724,7.524962347
5146,88,黄石市,Huangshi,2023,Beauty,52.70597738,14.86268174
5147,88,黄石市,Huangshi,2023,Entertainment,62.00873362,27.51091703
5148,88,黄石市,Huangshi,2023,Training,60.93418259,30.36093418
5149,88,黄石市,Huangshi,2023,Daily service,42.35377026,4.193093728
5150,88,黄石市,Huangshi,2023,Retail goods,46.45279082,4.512258738
5151,88,黄石市,Huangshi,2023,Exercise,66.10878661,29.28870293
5152,88,黄石市,Huangshi,2023,F&B,45.39066892,4.398538505
5153,186,十堰市,Shiyan,2023,Beauty,56.25,17.88461538
5154,186,十堰市,Shiyan,2023,Entertainment,64.31226766,33.82899628
5155,186,十堰市,Shiyan,2023,Training,56.16113744,33.88625592
5156,186,十堰市,Shiyan,2023,Daily service,45.50159236,6.926751592
5157,186,十堰市,Shiyan,2023,Retail goods,48.57437307,6.046032291
5158,186,十堰市,Shiyan,2023,Exercise,71.19565217,28.26086957
5159,186,十堰市,Shiyan,2023,F&B,54.95344951,5.227978038
5160,250,宜昌市,Yichang,2023,Beauty,56.30053908,26.71832884
5161,250,宜昌市,Yichang,2023,Entertainment,65.92844974,42.58943782
5162,250,宜昌市,Yichang,2023,Training,61.66180758,43.00291545
5163,250,宜昌市,Yichang,2023,Daily service,55.83684951,8.326300985
5164,250,宜昌市,Yichang,2023,Retail goods,55.74143621,8.706043018
5165,250,宜昌市,Yichang,2023,Exercise,68.76971609,47.00315457
5166,250,宜昌市,Yichang,2023,F&B,56.84089162,7.724827056
5167,231,襄阳市,Xiangyang,2023,Beauty,49.48979592,19.14607948
5168,231,襄阳市,Xiangyang,2023,Entertainment,55.53398058,43.49514563
5169,231,襄阳市,Xiangyang,2023,Training,57.90533736,32.32628399
5170,231,襄阳市,Xiangyang,2023,Daily service,42.154009,5.636411749
5171,231,襄阳市,Xiangyang,2023,Retail goods,44.10042783,6.338662463
5172,231,襄阳市,Xiangyang,2023,Exercise,64.41860465,41.39534884
5173,231,襄阳市,Xiangyang,2023,F&B,44.43876508,5.254549172
5174,47,鄂州市,Ezhou,2023,Beauty,46.1,6
5175,47,鄂州市,Ezhou,2023,Entertainment,56.25,28.64583333
5176,47,鄂州市,Ezhou,2023,Training,41.53225806,16.53225806
5177,47,鄂州市,Ezhou,2023,Daily service,38.21252639,3.589021816
5178,47,鄂州市,Ezhou,2023,Retail goods,40.79616036,3.839638622
5179,47,鄂州市,Ezhou,2023,Exercise,56.8,29.6
5180,47,鄂州市,Ezhou,2023,F&B,47.41784038,5.007824726
5181,106,荆门市,Jingmen,2023,Beauty,42.39067055,14.28571429
5182,106,荆门市,Jingmen,2023,Entertainment,50.22421525,34.97757848
5183,106,荆门市,Jingmen,2023,Training,47.61904762,30.15873016
5184,106,荆门市,Jingmen,2023,Daily service,36.44375324,3.680663556
5185,106,荆门市,Jingmen,2023,Retail goods,43.36790995,6.532774222
5186,106,荆门市,Jingmen,2023,Exercise,62.04379562,53.28467153
5187,106,荆门市,Jingmen,2023,F&B,40.22245215,5.897568546
5188,232,孝感市,Xiaogan,2023,Beauty,46.54195011,13.71882086
5189,232,孝感市,Xiaogan,2023,Entertainment,44.87179487,29.23076923
5190,232,孝感市,Xiaogan,2023,Training,51.79640719,22.75449102
5191,232,孝感市,Xiaogan,2023,Daily service,40.63169165,4.550321199
5192,232,孝感市,Xiaogan,2023,Retail goods,40.4812157,4.516673702
5193,232,孝感市,Xiaogan,2023,Exercise,63.02521008,38.65546218
5194,232,孝感市,Xiaogan,2023,F&B,41.60694078,8.147868729
5195,107,荆州市,Jingzhou,2023,Beauty,45.34574468,14.71631206
5196,107,荆州市,Jingzhou,2023,Entertainment,45.82484725,25.0509165
5197,107,荆州市,Jingzhou,2023,Training,49.60474308,30.23715415
5198,107,荆州市,Jingzhou,2023,Daily service,44.41498177,3.28140537
5199,107,荆州市,Jingzhou,2023,Retail goods,44.74297464,3.660041124
5200,107,荆州市,Jingzhou,2023,Exercise,60.37735849,42.45283019
5201,107,荆州市,Jingzhou,2023,F&B,41.09867752,4.606888534
5202,86,黄冈市,Huanggang,2023,Beauty,47.84276127,11.3135187
5203,86,黄冈市,Huanggang,2023,Entertainment,50.55555556,30.55555556
5204,86,黄冈市,Huanggang,2023,Training,51.78571429,32.14285714
5205,86,黄冈市,Huanggang,2023,Daily service,40.78041316,3.825554705
5206,86,黄冈市,Huanggang,2023,Retail goods,43.71037704,5.605605606
5207,86,黄冈市,Huanggang,2023,Exercise,47.91666667,33.33333333
5208,86,黄冈市,Huanggang,2023,F&B,44.32900433,6.060606061
5209,228,咸宁市,Xianning,2023,Beauty,47.37237237,13.96396396
5210,228,咸宁市,Xianning,2023,Entertainment,55.55555556,39.18128655
5211,228,咸宁市,Xianning,2023,Training,53.06859206,22.74368231
5212,228,咸宁市,Xianning,2023,Daily service,45.03816794,4.325699746
5213,228,咸宁市,Xianning,2023,Retail goods,41.96217494,3.309692671
5214,228,咸宁市,Xianning,2023,Exercise,65.625,32.8125
5215,228,咸宁市,Xianning,2023,F&B,46.27964023,4.006541292
5216,197,随州市,Suizhou,2023,Beauty,42.87822878,12.10332103
5217,197,随州市,Suizhou,2023,Entertainment,52.80373832,37.85046729
5218,197,随州市,Suizhou,2023,Training,51.4893617,27.23404255
5219,197,随州市,Suizhou,2023,Daily service,39.5334174,4.098360656
5220,197,随州市,Suizhou,2023,Retail goods,40.87932647,5.924540069
5221,197,随州市,Suizhou,2023,Exercise,55.68181818,39.77272727
5222,197,随州市,Suizhou,2023,F&B,42.53235397,5.771248688
5223,270,长沙市,Changsha,2023,Beauty,54.98554913,31.45034157
5224,270,长沙市,Changsha,2023,Entertainment,57.07917261,42.40370899
5225,270,长沙市,Changsha,2023,Training,57.48304684,40.57719603
5226,270,长沙市,Changsha,2023,Daily service,49.95405819,9.818420477
5227,270,长沙市,Changsha,2023,Retail goods,43.99786548,6.459359158
5228,270,长沙市,Changsha,2023,Exercise,62.77247956,45.64032698
5229,270,长沙市,Changsha,2023,F&B,46.8427905,6.907525948
5230,281,株洲市,Zhuzhou,2023,Beauty,51.37233158,25.22872193
5231,281,株洲市,Zhuzhou,2023,Entertainment,54.73977695,38.56877323
5232,281,株洲市,Zhuzhou,2023,Training,59.68169761,44.69496021
5233,281,株洲市,Zhuzhou,2023,Daily service,42.3855964,6.07651913
5234,281,株洲市,Zhuzhou,2023,Retail goods,46.70487106,6.963618998
5235,281,株洲市,Zhuzhou,2023,Exercise,63.09794989,47.83599089
5236,281,株洲市,Zhuzhou,2023,F&B,43.59808285,6.624443684
5237,230,湘潭市,Xiangtan,2023,Beauty,46.56040268,12.66778523
5238,230,湘潭市,Xiangtan,2023,Entertainment,50.7082153,27.19546742
5239,230,湘潭市,Xiangtan,2023,Training,48.14814815,26.48148148
5240,230,湘潭市,Xiangtan,2023,Daily service,41.58936302,4.26716141
5241,230,湘潭市,Xiangtan,2023,Retail goods,39.06612209,4.260955955
5242,230,湘潭市,Xiangtan,2023,Exercise,66.53225806,27.41935484
5243,230,湘潭市,Xiangtan,2023,F&B,44.86176892,5.353012446
5244,77,衡阳市,Hengyang,2023,Beauty,46.00246002,17.68142681
5245,77,衡阳市,Hengyang,2023,Entertainment,52.49042146,34.73818646
5246,77,衡阳市,Hengyang,2023,Training,50,32.59668508
5247,77,衡阳市,Hengyang,2023,Daily service,40.30147895,4.863481229
5248,77,衡阳市,Hengyang,2023,Retail goods,43.28727966,5.812291567
5249,77,衡阳市,Hengyang,2023,Exercise,56.20689655,37.24137931
5250,77,衡阳市,Hengyang,2023,F&B,45.88158182,5.429320516
5251,183,邵阳市,Shaoyang,2023,Beauty,40.50308008,11.90965092
5252,183,邵阳市,Shaoyang,2023,Entertainment,50.1305483,35.77023499
5253,183,邵阳市,Shaoyang,2023,Training,42.01954397,29.31596091
5254,183,邵阳市,Shaoyang,2023,Daily service,43.01357862,3.679369251
5255,183,邵阳市,Shaoyang,2023,Retail goods,39.32158975,5.124472267
5256,183,邵阳市,Shaoyang,2023,Exercise,60.28368794,43.26241135
5257,183,邵阳市,Shaoyang,2023,F&B,42.14947232,6.870557829
5258,260,岳阳市,Yueyang,2023,Beauty,48.34520318,19.01968999
5259,260,岳阳市,Yueyang,2023,Entertainment,53.14569536,35.59602649
5260,260,岳阳市,Yueyang,2023,Training,52.37288136,37.28813559
5261,260,岳阳市,Yueyang,2023,Daily service,48.28299545,6.868018204
5262,260,岳阳市,Yueyang,2023,Retail goods,44.56589631,7.011242973
5263,260,岳阳市,Yueyang,2023,Exercise,66.80327869,38.52459016
5264,260,岳阳市,Yueyang,2023,F&B,48.83209673,4.781533388
5265,23,常德市,Changde,2023,Beauty,36.21987952,13.59186747
5266,23,常德市,Changde,2023,Entertainment,48.41402337,33.05509182
5267,23,常德市,Changde,2023,Training,47.03832753,33.79790941
5268,23,常德市,Changde,2023,Daily service,35.35286285,4.893475366
5269,23,常德市,Changde,2023,Retail goods,35.49434688,2.946836661
5270,23,常德市,Changde,2023,Exercise,59.375,39.84375
5271,23,常德市,Changde,2023,F&B,38.10969823,5.219206681
5272,265,张家界市,Zhangjiajie,2023,Beauty,56.42256903,27.13085234
5273,265,张家界市,Zhangjiajie,2023,Entertainment,61.40350877,43.2748538
5274,265,张家界市,Zhangjiajie,2023,Training,58.66666667,39.33333333
5275,265,张家界市,Zhangjiajie,2023,Daily service,50.25278059,10.11122346
5276,265,张家界市,Zhangjiajie,2023,Retail goods,48.29111379,7.559308404
5277,265,张家界市,Zhangjiajie,2023,Exercise,73.17073171,41.46341463
5278,265,张家界市,Zhangjiajie,2023,F&B,46.19065145,8.649245491
5279,252,益阳市,Yiyang,2023,Beauty,47.04808278,10.89470481
5280,252,益阳市,Yiyang,2023,Entertainment,50.12531328,18.29573935
5281,252,益阳市,Yiyang,2023,Training,55.08474576,25.70621469
5282,252,益阳市,Yiyang,2023,Daily service,43.81742739,3.236514523
5283,252,益阳市,Yiyang,2023,Retail goods,42.1942384,3.156805244
5284,252,益阳市,Yiyang,2023,Exercise,62.58503401,27.21088435
5285,252,益阳市,Yiyang,2023,F&B,44.30501931,2.413127413
5286,27,郴州市,Chenzhou,2023,Beauty,49.45105215,19.89935956
5287,27,郴州市,Chenzhou,2023,Entertainment,52.88461538,45.83333333
5288,27,郴州市,Chenzhou,2023,Training,52.82051282,31.79487179
5289,27,郴州市,Chenzhou,2023,Daily service,44.01394808,5.772956219
5290,27,郴州市,Chenzhou,2023,Retail goods,43.61308238,7.112002468
5291,27,郴州市,Chenzhou,2023,Exercise,61.53846154,47.92899408
5292,27,郴州市,Chenzhou,2023,F&B,45.10745891,6.675094817
5293,256,永州市,Yongzhou,2023,Beauty,43.58006042,11.25377644
5294,256,永州市,Yongzhou,2023,Entertainment,59.11330049,30.54187192
5295,256,永州市,Yongzhou,2023,Training,54.3956044,39.56043956
5296,256,永州市,Yongzhou,2023,Daily service,40.86642599,3.898916968
5297,256,永州市,Yongzhou,2023,Retail goods,43.86186035,4.991177212
5298,256,永州市,Yongzhou,2023,Exercise,60.57692308,40.38461538
5299,256,永州市,Yongzhou,2023,F&B,43.0806846,6.503667482
5300,82,怀化市,Huaihua,2023,Beauty,38.33504625,13.36073998
5301,82,怀化市,Huaihua,2023,Entertainment,45.74468085,35.90425532
5302,82,怀化市,Huaihua,2023,Training,47.48603352,34.3575419
5303,82,怀化市,Huaihua,2023,Daily service,40.04237288,5.593220339
5304,82,怀化市,Huaihua,2023,Retail goods,49.0793749,6.17360359
5305,82,怀化市,Huaihua,2023,Exercise,54.38596491,45.61403509
5306,82,怀化市,Huaihua,2023,F&B,39.43661972,4.780797461
5307,133,娄底市,Loudi,2023,Beauty,44.10011919,12.51489869
5308,133,娄底市,Loudi,2023,Entertainment,54.61538462,36.15384615
5309,133,娄底市,Loudi,2023,Training,46.15384615,32.5443787
5310,133,娄底市,Loudi,2023,Daily service,40.77757685,5.198915009
5311,133,娄底市,Loudi,2023,Retail goods,44.68352161,4.070288686
5312,133,娄底市,Loudi,2023,Exercise,54.77707006,42.03821656
5313,133,娄底市,Loudi,2023,F&B,46.86064319,6.431852986
5314,59,广州市,Guangzhou,2023,Beauty,56.43507769,18.47472763
5315,59,广州市,Guangzhou,2023,Entertainment,58.96879894,36.91121552
5316,59,广州市,Guangzhou,2023,Training,62.99057763,38.67267513
5317,59,广州市,Guangzhou,2023,Daily service,49.79209774,7.76825303
5318,59,广州市,Guangzhou,2023,Retail goods,48.52566403,6.091170136
5319,59,广州市,Guangzhou,2023,Exercise,67.96151105,38.45331433
5320,59,广州市,Guangzhou,2023,F&B,53.62097743,5.407487406
5321,182,韶关市,Shaoguan,2023,Beauty,46.02615694,12.77665996
5322,182,韶关市,Shaoguan,2023,Entertainment,49.12280702,37.54385965
5323,182,韶关市,Shaoguan,2023,Training,48.97959184,32.94460641
5324,182,韶关市,Shaoguan,2023,Daily service,41.39180863,4.131931859
5325,182,韶关市,Shaoguan,2023,Retail goods,39.96247655,3.564727955
5326,182,韶关市,Shaoguan,2023,Exercise,63.57615894,37.08609272
5327,182,韶关市,Shaoguan,2023,F&B,43.48837209,5.813953488
5328,185,深圳市,Shenzhen,2023,Beauty,62.9568322,24.7095099
5329,185,深圳市,Shenzhen,2023,Entertainment,66.45991808,46.95143359
5330,185,深圳市,Shenzhen,2023,Training,64.70099668,45.0166113
5331,185,深圳市,Shenzhen,2023,Daily service,56.64023135,11.35477369
5332,185,深圳市,Shenzhen,2023,Retail goods,56.44685881,9.217846185
5333,185,深圳市,Shenzhen,2023,Exercise,70.25353774,48.17216981
5334,185,深圳市,Shenzhen,2023,F&B,62.55884911,6.679460452
5335,282,珠海市,Zhuhai,2023,Beauty,54.9025974,26.3961039
5336,282,珠海市,Zhuhai,2023,Entertainment,61.2195122,38.04878049
5337,282,珠海市,Zhuhai,2023,Training,54.00262467,34.12073491
5338,282,珠海市,Zhuhai,2023,Daily service,43.83180628,9.84947644
5339,282,珠海市,Zhuhai,2023,Retail goods,41.75285792,6.623117402
5340,282,珠海市,Zhuhai,2023,Exercise,67.98561151,44.24460432
5341,282,珠海市,Zhuhai,2023,F&B,47.3354501,6.890929374
5342,176,汕头市,Shantou,2023,Beauty,40.35707279,11.90896606
5343,176,汕头市,Shantou,2023,Entertainment,52.195734,36.76286073
5344,176,汕头市,Shantou,2023,Training,43.25798909,31.02104443
5345,176,汕头市,Shantou,2023,Daily service,35.91842397,5.77136515
5346,176,汕头市,Shantou,2023,Retail goods,32.62765764,2.889333091
5347,176,汕头市,Shantou,2023,Exercise,52.32919255,44.72049689
5348,176,汕头市,Shantou,2023,F&B,37.06963318,4.308948814
5349,49,佛山市,Foshan,2023,Beauty,46.67246629,12.50233021
5350,49,佛山市,Foshan,2023,Entertainment,55.05650536,32.74413214
5351,49,佛山市,Foshan,2023,Training,51.9160952,30.01210165
5352,49,佛山市,Foshan,2023,Daily service,41.9487097,5.63148163
5353,49,佛山市,Foshan,2023,Retail goods,40.98260408,4.042419659
5354,49,佛山市,Foshan,2023,Exercise,63.92057457,39.58597381
5355,49,佛山市,Foshan,2023,F&B,43.64845664,3.842431481
5356,98,江门市,Jiangmen,2023,Beauty,35.46374005,10.17860986
5357,98,江门市,Jiangmen,2023,Entertainment,41.9047619,27.85714286
5358,98,江门市,Jiangmen,2023,Training,38.68821293,27.37642586
5359,98,江门市,Jiangmen,2023,Daily service,35.09428082,4.955586723
5360,98,江门市,Jiangmen,2023,Retail goods,32.35331551,3.951890034
5361,98,江门市,Jiangmen,2023,Exercise,56.10278373,31.69164882
5362,98,江门市,Jiangmen,2023,F&B,35.19079817,4.795212559
5363,264,湛江市,Zhanjiang,2023,Beauty,47.45110612,17.47354921
5364,264,湛江市,Zhanjiang,2023,Entertainment,53.50318471,31.63481953
5365,264,湛江市,Zhanjiang,2023,Training,44.16365824,32.85198556
5366,264,湛江市,Zhanjiang,2023,Daily service,39.53103448,4.882758621
5367,264,湛江市,Zhanjiang,2023,Retail goods,42.67583802,5.328424724
5368,264,湛江市,Zhanjiang,2023,Exercise,57.48031496,37.79527559
5369,264,湛江市,Zhanjiang,2023,F&B,43.01247568,4.532448209
5370,139,茂名市,Maoming,2023,Beauty,37.55150088,9.181871689
5371,139,茂名市,Maoming,2023,Entertainment,42.37288136,33.89830508
5372,139,茂名市,Maoming,2023,Training,38.02816901,32.95774648
5373,139,茂名市,Maoming,2023,Daily service,34.42211055,5.360134003
5374,139,茂名市,Maoming,2023,Retail goods,33.56973995,2.73556231
5375,139,茂名市,Maoming,2023,Exercise,52.17391304,37.39130435
5376,139,茂名市,Maoming,2023,F&B,38.95463511,2.485207101
5377,273,肇庆市,Zhaoqing,2023,Beauty,39.15587129,10.36356038
5378,273,肇庆市,Zhaoqing,2023,Entertainment,55.74229692,36.97478992
5379,273,肇庆市,Zhaoqing,2023,Training,38.52295409,34.13173653
5380,273,肇庆市,Zhaoqing,2023,Daily service,34.13266895,4.391155403
5381,273,肇庆市,Zhaoqing,2023,Retail goods,32.94350189,3.277878438
5382,273,肇庆市,Zhaoqing,2023,Exercise,56.15763547,33.99014778
5383,273,肇庆市,Zhaoqing,2023,F&B,38.04416404,3.706624606
5384,89,惠州市,Huizhou,2023,Beauty,43.8464837,13.20754717
5385,89,惠州市,Huizhou,2023,Entertainment,47.9281768,36.4640884
5386,89,惠州市,Huizhou,2023,Training,45.48088065,35.63151796
5387,89,惠州市,Huizhou,2023,Daily service,38.49993068,6.335782615
5388,89,惠州市,Huizhou,2023,Retail goods,38.58359133,5.136001769
5389,89,惠州市,Huizhou,2023,Exercise,55.71895425,40.03267974
5390,89,惠州市,Huizhou,2023,F&B,40.20179232,3.277558438
5391,141,梅州市,Meizhou,2023,Beauty,37.3046875,4.8828125
5392,141,梅州市,Meizhou,2023,Entertainment,54.25531915,22.34042553
5393,141,梅州市,Meizhou,2023,Training,42.29765013,14.88250653
5394,141,梅州市,Meizhou,2023,Daily service,35.73770492,2.404371585
5395,141,梅州市,Meizhou,2023,Retail goods,31.52246814,2.025486251
5396,141,梅州市,Meizhou,2023,Exercise,58.28220859,24.5398773
5397,141,梅州市,Meizhou,2023,F&B,37.08483182,2.115506664
5398,177,汕尾市,Shanwei,2023,Beauty,38.97515528,7.919254658
5399,177,汕尾市,Shanwei,2023,Entertainment,37.36263736,19.78021978
5400,177,汕尾市,Shanwei,2023,Training,30.26315789,35.52631579
5401,177,汕尾市,Shanwei,2023,Daily service,31.44329897,4.639175258
5402,177,汕尾市,Shanwei,2023,Retail goods,31.7535545,2.804107425
5403,177,汕尾市,Shanwei,2023,Exercise,50,34.21052632
5404,177,汕尾市,Shanwei,2023,F&B,32.74002157,3.883495146
5405,71,河源市,Heyuan,2023,Beauty,41.71611136,10.81697855
5406,71,河源市,Heyuan,2023,Entertainment,48.6381323,31.51750973
5407,71,河源市,Heyuan,2023,Training,37.8250591,22.69503546
5408,71,河源市,Heyuan,2023,Daily service,38.51005124,5.242412298
5409,71,河源市,Heyuan,2023,Retail goods,37.73132739,4.566635601
5410,71,河源市,Heyuan,2023,Exercise,54.62962963,31.48148148
5411,71,河源市,Heyuan,2023,F&B,40.12219959,5.202740233
5412,246,阳江市,Yangjiang,2023,Beauty,38.01196503,8.145421077
5413,246,阳江市,Yangjiang,2023,Entertainment,61.42322097,30.33707865
5414,246,阳江市,Yangjiang,2023,Training,36.16071429,20.98214286
5415,246,阳江市,Yangjiang,2023,Daily service,33.87033399,3.104125737
5416,246,阳江市,Yangjiang,2023,Retail goods,33.16076676,3.386036099
5417,246,阳江市,Yangjiang,2023,Exercise,56.03864734,27.53623188
5418,246,阳江市,Yangjiang,2023,F&B,36.88888889,4.350877193
5419,166,清远市,Qingyuan,2023,Beauty,42.48927039,8.088478046
5420,166,清远市,Qingyuan,2023,Entertainment,46.3190184,26.68711656
5421,166,清远市,Qingyuan,2023,Training,40.8839779,28.17679558
5422,166,清远市,Qingyuan,2023,Daily service,41.72699069,4.963805584
5423,166,清远市,Qingyuan,2023,Retail goods,37.82941058,2.444176222
5424,166,清远市,Qingyuan,2023,Exercise,58.12274368,41.15523466
5425,166,清远市,Qingyuan,2023,F&B,40.9460977,3.439079169
5426,44,东莞市,Dongguan,2023,Beauty,43.06277181,12.64673055
5427,44,东莞市,Dongguan,2023,Entertainment,49.44011685,33.34956183
5428,44,东莞市,Dongguan,2023,Training,49.60790999,35.79952267
5429,44,东莞市,Dongguan,2023,Daily service,36.76510127,5.292167055
5430,44,东莞市,Dongguan,2023,Retail goods,37.71232877,4.503913894
5431,44,东莞市,Dongguan,2023,Exercise,56.48332858,40.83784554
5432,44,东莞市,Dongguan,2023,F&B,40.6268167,4.345860194
5433,276,中山市,Zhongshan,2023,Beauty,36.31513766,7.659331237
5434,276,中山市,Zhongshan,2023,Entertainment,44.53441296,23.77096588
5435,276,中山市,Zhongshan,2023,Training,37.65401676,24.34696895
5436,276,中山市,Zhongshan,2023,Daily service,34.74991376,4.394618834
5437,276,中山市,Zhongshan,2023,Retail goods,35.87667162,4.351163943
5438,276,中山市,Zhongshan,2023,Exercise,52.01072386,35.03127793
5439,276,中山市,Zhongshan,2023,F&B,35.25014949,2.624410338
5440,26,潮州市,Chaozhou,2023,Beauty,34.94047619,5.773809524
5441,26,潮州市,Chaozhou,2023,Entertainment,46.30541872,24.63054187
5442,26,潮州市,Chaozhou,2023,Training,41.49855908,24.78386167
5443,26,潮州市,Chaozhou,2023,Daily service,35.43478261,3.304347826
5444,26,潮州市,Chaozhou,2023,Retail goods,36.14203028,1.335707925
5445,26,潮州市,Chaozhou,2023,Exercise,51.4619883,38.01169591
5446,26,潮州市,Chaozhou,2023,F&B,32.07374477,2.275104603
5447,100,揭阳市,Jieyang,2023,Beauty,33.57196684,4.860587792
5448,100,揭阳市,Jieyang,2023,Entertainment,44.63276836,20.62146893
5449,100,揭阳市,Jieyang,2023,Training,40.11976048,16.46706587
5450,100,揭阳市,Jieyang,2023,Daily service,35.64283972,2.390827031
5451,100,揭阳市,Jieyang,2023,Retail goods,32.25849434,1.978680879
5452,100,揭阳市,Jieyang,2023,Exercise,43.68421053,25.78947368
5453,100,揭阳市,Jieyang,2023,F&B,30.59320799,2.623524268
5454,261,云浮市,Yunfu,2023,Beauty,35.49723757,5.110497238
5455,261,云浮市,Yunfu,2023,Entertainment,46.77419355,38.70967742
5456,261,云浮市,Yunfu,2023,Training,34.95934959,31.70731707
5457,261,云浮市,Yunfu,2023,Daily service,39.22495274,3.402646503
5458,261,云浮市,Yunfu,2023,Retail goods,33.51124666,2.13495997
5459,261,云浮市,Yunfu,2023,Exercise,60.78431373,29.41176471
5460,261,云浮市,Yunfu,2023,F&B,33.05263158,3.368421053
5461,147,南宁市,Nanning,2023,Beauty,56.32464476,26.30110714
5462,147,南宁市,Nanning,2023,Entertainment,58.69786368,46.59206511
5463,147,南宁市,Nanning,2023,Training,59.4920472,38.45561827
5464,147,南宁市,Nanning,2023,Daily service,50.21188935,7.928193055
5465,147,南宁市,Nanning,2023,Retail goods,51.2244841,7.425092849
5466,147,南宁市,Nanning,2023,Exercise,61.80722892,50.12048193
5467,147,南宁市,Nanning,2023,F&B,47.6952493,7.027504045
5468,128,柳州市,Liuzhou,2023,Beauty,59.33741296,13.37834986
5469,128,柳州市,Liuzhou,2023,Entertainment,63.28571429,33.71428571
5470,128,柳州市,Liuzhou,2023,Training,62.85714286,30.8994709
5471,128,柳州市,Liuzhou,2023,Daily service,46.10548376,4.435906392
5472,128,柳州市,Liuzhou,2023,Retail goods,49.70720207,5.414860446
5473,128,柳州市,Liuzhou,2023,Exercise,67.03296703,29.23076923
5474,128,柳州市,Liuzhou,2023,F&B,49.12323828,5.08030154
5475,62,桂林市,Guilin,2023,Beauty,49.65881576,10.74180057
5476,62,桂林市,Guilin,2023,Entertainment,58.20895522,25.67164179
5477,62,桂林市,Guilin,2023,Training,57.76223776,25.73426573
5478,62,桂林市,Guilin,2023,Daily service,45.61123524,4.612192786
5479,62,桂林市,Guilin,2023,Retail goods,48.05520703,4.363585668
5480,62,桂林市,Guilin,2023,Exercise,64.08668731,33.12693498
5481,62,桂林市,Guilin,2023,F&B,45.24398868,3.695190948
5482,223,梧州市,Wuzhou,2023,Beauty,52.04140311,10.98332375
5483,223,梧州市,Wuzhou,2023,Entertainment,49.02912621,40.29126214
5484,223,梧州市,Wuzhou,2023,Training,50.96153846,32.21153846
5485,223,梧州市,Wuzhou,2023,Daily service,41.29032258,4.032258065
5486,223,梧州市,Wuzhou,2023,Retail goods,41.56041865,4.186489058
5487,223,梧州市,Wuzhou,2023,Exercise,48.64864865,33.33333333
5488,223,梧州市,Wuzhou,2023,F&B,43.96336386,6.806827644
5489,17,北海市,Beihai,2023,Beauty,41.00974314,17.84765279
5490,17,北海市,Beihai,2023,Entertainment,56.15141956,40.69400631
5491,17,北海市,Beihai,2023,Training,46.70184697,31.92612137
5492,17,北海市,Beihai,2023,Daily service,40.37245257,5.130007027
5493,17,北海市,Beihai,2023,Retail goods,34.3639859,3.027875681
5494,17,北海市,Beihai,2023,Exercise,57.65306122,39.79591837
5495,17,北海市,Beihai,2023,F&B,38.41124096,3.686700056
5496,48,防城港市,Fangchenggang,2023,Beauty,39.73063973,10.26936027
5497,48,防城港市,Fangchenggang,2023,Entertainment,51.47058824,29.41176471
5498,48,防城港市,Fangchenggang,2023,Training,45.33333333,29.33333333
5499,48,防城港市,Fangchenggang,2023,Daily service,36.0040568,4.665314402
5500,48,防城港市,Fangchenggang,2023,Retail goods,37.43793446,2.432969215
5501,48,防城港市,Fangchenggang,2023,Exercise,61.11111111,35.18518519
5502,48,防城港市,Fangchenggang,2023,F&B,38.57519789,4.907651715
5503,163,钦州市,Qinzhou,2023,Beauty,39.07982262,10.19955654
5504,163,钦州市,Qinzhou,2023,Entertainment,49.72375691,30.38674033
5505,163,钦州市,Qinzhou,2023,Training,36.02693603,25.92592593
5506,163,钦州市,Qinzhou,2023,Daily service,34.82849604,4.573438874
5507,163,钦州市,Qinzhou,2023,Retail goods,36.46500593,4.650059312
5508,163,钦州市,Qinzhou,2023,Exercise,49.68553459,40.25157233
5509,163,钦州市,Qinzhou,2023,F&B,36.93236715,4.782608696
5510,60,贵港市,Guigang,2023,Beauty,43.41534009,11.23974916
5511,60,贵港市,Guigang,2023,Entertainment,50,41.75824176
5512,60,贵港市,Guigang,2023,Training,48.4057971,19.42028986
5513,60,贵港市,Guigang,2023,Daily service,39.51473137,4.116117851
5514,60,贵港市,Guigang,2023,Retail goods,43.6160469,4.286499359
5515,60,贵港市,Guigang,2023,Exercise,49.67320261,35.29411765
5516,60,贵港市,Guigang,2023,F&B,41.46581407,6.615838662
5517,258,玉林市,Yulin,2023,Beauty,37.75590551,10.03937008
5518,258,玉林市,Yulin,2023,Entertainment,44.3877551,29.59183673
5519,258,玉林市,Yulin,2023,Training,38.96797153,13.16725979
5520,258,玉林市,Yulin,2023,Daily service,36.23232019,3.37044839
5521,258,玉林市,Yulin,2023,Retail goods,34.46757406,3.416066186
5522,258,玉林市,Yulin,2023,Exercise,48.21428571,24.4047619
5523,258,玉林市,Yulin,2023,F&B,34.88140323,4.76380307
5524,11,百色市,Baise,2023,Beauty,48.20333041,10.69237511
5525,11,百色市,Baise,2023,Entertainment,45.45454545,30.51948052
5526,11,百色市,Baise,2023,Training,43.18181818,27.27272727
5527,11,百色市,Baise,2023,Daily service,43.03797468,3.417721519
5528,11,百色市,Baise,2023,Retail goods,49.07624252,3.43481655
5529,11,百色市,Baise,2023,Exercise,56.30252101,24.3697479
5530,11,百色市,Baise,2023,F&B,41.94395797,5.691768827
5531,72,贺州市,Hezhou,2023,Beauty,38.24786325,10.04273504
5532,72,贺州市,Hezhou,2023,Entertainment,56.09756098,25.6097561
5533,72,贺州市,Hezhou,2023,Training,39.49044586,16.56050955
5534,72,贺州市,Hezhou,2023,Daily service,34.71615721,2.328966521
5535,72,贺州市,Hezhou,2023,Retail goods,32.10440457,2.51223491
5536,72,贺州市,Hezhou,2023,Exercise,50.87719298,28.07017544
5537,72,贺州市,Hezhou,2023,F&B,36.64210934,4.652966266
5538,70,河池市,Hechi,2023,Beauty,34.7266881,6.430868167
5539,70,河池市,Hechi,2023,Entertainment,49.20634921,14.28571429
5540,70,河池市,Hechi,2023,Training,45.05494505,16.48351648
5541,70,河池市,Hechi,2023,Daily service,30.18867925,1.787487587
5542,70,河池市,Hechi,2023,Retail goods,31.58143939,2.083333333
5543,70,河池市,Hechi,2023,Exercise,46.15384615,25.64102564
5544,70,河池市,Hechi,2023,F&B,37.86764706,2.62605042
5545,115,来宾市,Laibin,2023,Beauty,39.88439306,7.225433526
5546,115,来宾市,Laibin,2023,Entertainment,52.12765957,34.04255319
5547,115,来宾市,Laibin,2023,Training,36.43410853,25.58139535
5548,115,来宾市,Laibin,2023,Daily service,32.64733396,2.525724977
5549,115,来宾市,Laibin,2023,Retail goods,37.85028791,4.222648752
5550,115,来宾市,Laibin,2023,Exercise,54.90196078,29.41176471
5551,115,来宾市,Laibin,2023,F&B,36.71613212,6.223073241
5552,33,崇左市,Chongzuo,2023,Beauty,42.44897959,4.081632653
5553,33,崇左市,Chongzuo,2023,Entertainment,36.36363636,18.18181818
5554,33,崇左市,Chongzuo,2023,Training,36.36363636,14.54545455
5555,33,崇左市,Chongzuo,2023,Daily service,37.98076923,2.403846154
5556,33,崇左市,Chongzuo,2023,Retail goods,36.67844523,2.826855124
5557,33,崇左市,Chongzuo,2023,Exercise,39.39393939,24.24242424
5558,33,崇左市,Chongzuo,2023,F&B,42.30769231,2.541208791
5559,65,海口市,Haikou,2023,Beauty,49.92743106,26.85050798
5560,65,海口市,Haikou,2023,Entertainment,58.20552147,40.79754601
5561,65,海口市,Haikou,2023,Training,57.82208589,43.55828221
5562,65,海口市,Haikou,2023,Daily service,45.33333333,8.088888889
5563,65,海口市,Haikou,2023,Retail goods,42.68888075,6.76797266
5564,65,海口市,Haikou,2023,Exercise,56.69216061,48.08795411
5565,65,海口市,Haikou,2023,F&B,45.32794947,7.319977222
5566,174,三亚市,Sanya,2023,Beauty,48.5814055,23.65779136
5567,174,三亚市,Sanya,2023,Entertainment,54.56475584,34.81953291
5568,174,三亚市,Sanya,2023,Training,60.50632911,45.3164557
5569,174,三亚市,Sanya,2023,Daily service,48.33902515,8.475628687
5570,174,三亚市,Sanya,2023,Retail goods,44.54506253,6.267069139
5571,174,三亚市,Sanya,2023,Exercise,65.7223796,38.24362606
5572,174,三亚市,Sanya,2023,F&B,46.95283519,6.57127716
5573,40,儋州市,Danzhou,2023,Beauty,31.71070932,9.735744089
5574,40,儋州市,Danzhou,2023,Entertainment,43.30708661,23.62204724
5575,40,儋州市,Danzhou,2023,Training,31.50684932,19.17808219
5576,40,儋州市,Danzhou,2023,Daily service,26.89486553,2.689486553
5577,40,儋州市,Danzhou,2023,Retail goods,27.04918033,2.504553734
5578,40,儋州市,Danzhou,2023,Exercise,38.02816901,29.57746479
5579,40,儋州市,Danzhou,2023,F&B,29.81744422,2.99188641
5580,278,重庆市,Chongqing,2023,Beauty,54.41440461,14.54604798
5581,278,重庆市,Chongqing,2023,Entertainment,58.07269653,21.52155537
5582,278,重庆市,Chongqing,2023,Training,62.09140436,29.85774818
5583,278,重庆市,Chongqing,2023,Daily service,46.87843695,6.382221647
5584,278,重庆市,Chongqing,2023,Retail goods,47.3206111,7.769779007
5585,278,重庆市,Chongqing,2023,Exercise,65.06926245,26.69412205
5586,278,重庆市,Chongqing,2023,F&B,48.82954599,5.520385506
5587,29,成都市,Chengdu,2023,Beauty,48.52872954,24.74981775
5588,29,成都市,Chengdu,2023,Entertainment,57.84845199,41.93470666
5589,29,成都市,Chengdu,2023,Training,57.42849209,48.39396464
5590,29,成都市,Chengdu,2023,Daily service,42.99803514,8.77320158
5591,29,成都市,Chengdu,2023,Retail goods,42.74624491,6.798413023
5592,29,成都市,Chengdu,2023,Exercise,62.8090999,44.74777448
5593,29,成都市,Chengdu,2023,F&B,45.05419045,8.00612228
5594,286,自贡市,Zigong,2023,Beauty,54.23728814,12.54237288
5595,286,自贡市,Zigong,2023,Entertainment,55.68181818,26.13636364
5596,286,自贡市,Zigong,2023,Training,59.9078341,39.63133641
5597,286,自贡市,Zigong,2023,Daily service,45.17059106,4.709274387
5598,286,自贡市,Zigong,2023,Retail goods,50.43621787,5.635463334
5599,286,自贡市,Zigong,2023,Exercise,70.27027027,27.02702703
5600,286,自贡市,Zigong,2023,F&B,45.84855125,6.330654979
5601,154,攀枝花市,Panzhihua,2023,Beauty,56.34167386,11.38912856
5602,154,攀枝花市,Panzhihua,2023,Entertainment,60.07905138,25.6916996
5603,154,攀枝花市,Panzhihua,2023,Training,62.2754491,30.53892216
5604,154,攀枝花市,Panzhihua,2023,Daily service,49.11684783,3.668478261
5605,154,攀枝花市,Panzhihua,2023,Retail goods,52.07140451,5.961603233
5606,154,攀枝花市,Panzhihua,2023,Exercise,70.23809524,32.14285714
5607,154,攀枝花市,Panzhihua,2023,F&B,53.60934183,6.024416136
5608,134,泸州市,Luzhou,2023,Beauty,44.29752066,17.68595041
5609,134,泸州市,Luzhou,2023,Entertainment,56.74300254,40.20356234
5610,134,泸州市,Luzhou,2023,Training,46.29080119,42.72997033
5611,134,泸州市,Luzhou,2023,Daily service,40.56399132,6.109906001
5612,134,泸州市,Luzhou,2023,Retail goods,42.54071661,6.140065147
5613,134,泸州市,Luzhou,2023,Exercise,57.5,38
5614,134,泸州市,Luzhou,2023,F&B,40.80865068,7.490988873
5615,41,德阳市,Deyang,2023,Beauty,35.98409543,11.53081511
5616,41,德阳市,Deyang,2023,Entertainment,48.20512821,19.65811966
5617,41,德阳市,Deyang,2023,Training,45.38834951,33.73786408
5618,41,德阳市,Deyang,2023,Daily service,34.3020876,3.683995088
5619,41,德阳市,Deyang,2023,Retail goods,33.27347818,2.478003232
5620,41,德阳市,Deyang,2023,Exercise,51.1627907,30.81395349
5621,41,德阳市,Deyang,2023,F&B,35.85383502,4.685238784
5622,142,绵阳市,Mianyang,2023,Beauty,45.22952295,13.72637264
5623,142,绵阳市,Mianyang,2023,Entertainment,51.08910891,26.73267327
5624,142,绵阳市,Mianyang,2023,Training,55.88235294,36.49237473
5625,142,绵阳市,Mianyang,2023,Daily service,41.46730463,4.323941166
5626,142,绵阳市,Mianyang,2023,Retail goods,42.37218814,3.198364008
5627,142,绵阳市,Mianyang,2023,Exercise,54.22535211,36.61971831
5628,142,绵阳市,Mianyang,2023,F&B,44.05274305,5.028352805
5629,58,广元市,Guangyuan,2023,Beauty,37.84119107,10.60794045
5630,58,广元市,Guangyuan,2023,Entertainment,41.35802469,26.85185185
5631,58,广元市,Guangyuan,2023,Training,49.78902954,27.42616034
5632,58,广元市,Guangyuan,2023,Daily service,31.18625872,5.90445518
5633,58,广元市,Guangyuan,2023,Retail goods,39.40053179,7.154943196
5634,58,广元市,Guangyuan,2023,Exercise,55.14018692,31.77570093
5635,58,广元市,Guangyuan,2023,F&B,35.87015821,4.85542826
5636,198,遂宁市,Suining,2023,Beauty,44.71830986,11.26760563
5637,198,遂宁市,Suining,2023,Entertainment,40.82568807,28.89908257
5638,198,遂宁市,Suining,2023,Training,53.55648536,40.16736402
5639,198,遂宁市,Suining,2023,Daily service,38.40690005,3.805175038
5640,198,遂宁市,Suining,2023,Retail goods,40.24024024,2.302302302
5641,198,遂宁市,Suining,2023,Exercise,54.61538462,47.69230769
5642,198,遂宁市,Suining,2023,F&B,39.79551711,5.898545026
5643,151,内江市,Neijiang,2023,Beauty,45.26527871,17.52854265
5644,151,内江市,Neijiang,2023,Entertainment,46.72131148,33.60655738
5645,151,内江市,Neijiang,2023,Training,57.94392523,35.98130841
5646,151,内江市,Neijiang,2023,Daily service,41.30799329,5.980994969
5647,151,内江市,Neijiang,2023,Retail goods,41.55210643,4.855875831
5648,151,内江市,Neijiang,2023,Exercise,56.30252101,44.53781513
5649,151,内江市,Neijiang,2023,F&B,42.73743017,6.832831972
5650,118,乐山市,Leshan,2023,Beauty,48.69036483,16.27689429
5651,118,乐山市,Leshan,2023,Entertainment,47.96610169,26.27118644
5652,118,乐山市,Leshan,2023,Training,51.28205128,34.18803419
5653,118,乐山市,Leshan,2023,Daily service,44.64630847,6.339389254
5654,118,乐山市,Leshan,2023,Retail goods,40.47815334,3.544929926
5655,118,乐山市,Leshan,2023,Exercise,53.46534653,42.07920792
5656,118,乐山市,Leshan,2023,F&B,43.78088962,4.489291598
5657,145,南充市,Nanchong,2023,Beauty,41.11809461,11.54482302
5658,145,南充市,Nanchong,2023,Entertainment,48.50166482,30.63263041
5659,145,南充市,Nanchong,2023,Training,50.30425963,37.93103448
5660,145,南充市,Nanchong,2023,Daily service,37.73743017,5.223463687
5661,145,南充市,Nanchong,2023,Retail goods,39.37034529,2.877454299
5662,145,南充市,Nanchong,2023,Exercise,64.7826087,38.26086957
5663,145,南充市,Nanchong,2023,F&B,37.5433882,4.624342179
5664,140,眉山市,Meishan,2023,Beauty,31.44542773,7.020648968
5665,140,眉山市,Meishan,2023,Entertainment,50.51903114,19.72318339
5666,140,眉山市,Meishan,2023,Training,40.8,34.4
5667,140,眉山市,Meishan,2023,Daily service,35.40925267,2.713523132
5668,140,眉山市,Meishan,2023,Retail goods,31.11962537,2.107279693
5669,140,眉山市,Meishan,2023,Exercise,54.26356589,35.65891473
5670,140,眉山市,Meishan,2023,F&B,33.00068043,4.150601043
5671,249,宜宾市,Yibin,2023,Beauty,51.94244604,15.43165468
5672,249,宜宾市,Yibin,2023,Entertainment,54.69255663,24.59546926
5673,249,宜宾市,Yibin,2023,Training,58.71313673,34.5844504
5674,249,宜宾市,Yibin,2023,Daily service,44.32952924,7.417974322
5675,249,宜宾市,Yibin,2023,Retail goods,47.5077443,5.956068713
5676,249,宜宾市,Yibin,2023,Exercise,64.4549763,48.34123223
5677,249,宜宾市,Yibin,2023,F&B,48.208344,7.729715895
5678,57,广安市,Guang'an,2023,Beauty,37.9369139,10.14492754
5679,57,广安市,Guang'an,2023,Entertainment,48.55072464,28.98550725
5680,57,广安市,Guang'an,2023,Training,35.08541393,7.621550591
5681,57,广安市,Guang'an,2023,Daily service,33.09070549,3.079507279
5682,57,广安市,Guang'an,2023,Retail goods,35.49216741,3.483750292
5683,57,广安市,Guang'an,2023,Exercise,51.66666667,33.33333333
5684,57,广安市,Guang'an,2023,F&B,39.90649065,5.00550055
5685,35,达州市,Dazhou,2023,Beauty,44.46555819,15.29691211
5686,35,达州市,Dazhou,2023,Entertainment,47.31934732,27.27272727
5687,35,达州市,Dazhou,2023,Training,56.92771084,32.8313253
5688,35,达州市,Dazhou,2023,Daily service,47.04684318,5.651731161
5689,35,达州市,Dazhou,2023,Retail goods,45.80954135,4.678578007
5690,35,达州市,Dazhou,2023,Exercise,66.44295302,26.84563758
5691,35,达州市,Dazhou,2023,F&B,42.55588359,6.600590468
5692,241,雅安市,Ya'an,2023,Beauty,49.48320413,10.46511628
5693,241,雅安市,Ya'an,2023,Entertainment,58.15602837,27.65957447
5694,241,雅安市,Ya'an,2023,Training,51.08695652,36.95652174
5695,241,雅安市,Ya'an,2023,Daily service,49.23976608,3.742690058
5696,241,雅安市,Ya'an,2023,Retail goods,51.05340519,5.046545811
5697,241,雅安市,Ya'an,2023,Exercise,56.8627451,37.25490196
5698,241,雅安市,Ya'an,2023,F&B,45.13888889,5.092592593
5699,7,巴中市,Bazhong,2023,Beauty,45.77874818,11.5720524
5700,7,巴中市,Bazhong,2023,Entertainment,46.50205761,33.74485597
5701,7,巴中市,Bazhong,2023,Training,48.52071006,30.17751479
5702,7,巴中市,Bazhong,2023,Daily service,43.281366,7.201187825
5703,7,巴中市,Bazhong,2023,Retail goods,41.23464189,4.315253221
5704,7,巴中市,Bazhong,2023,Exercise,61.40350877,42.10526316
5705,7,巴中市,Bazhong,2023,F&B,43.86106624,9.046849758
5706,284,资阳市,Ziyang,2023,Beauty,43.9177102,7.245080501
5707,284,资阳市,Ziyang,2023,Entertainment,55.10204082,21.93877551
5708,284,资阳市,Ziyang,2023,Training,54.65838509,26.08695652
5709,284,资阳市,Ziyang,2023,Daily service,40.16034985,3.644314869
5710,284,资阳市,Ziyang,2023,Retail goods,39.39676617,2.767412935
5711,284,资阳市,Ziyang,2023,Exercise,51.31578947,27.63157895
5712,284,资阳市,Ziyang,2023,F&B,40.89767734,4.017576899
5713,61,贵阳市,Guiyang,2023,Beauty,50.03639389,32.88967453
5714,61,贵阳市,Guiyang,2023,Entertainment,55.32928943,54.93934142
5715,61,贵阳市,Guiyang,2023,Training,57.66678309,46.48969612
5716,61,贵阳市,Guiyang,2023,Daily service,43.65853659,12.53343824
5717,61,贵阳市,Guiyang,2023,Retail goods,46.20085959,11.32841765
5718,61,贵阳市,Guiyang,2023,Exercise,57.52808989,44.34456929
5719,61,贵阳市,Guiyang,2023,F&B,46.32521939,11.72952361
5720,130,六盘水市,Liupanshui,2023,Beauty,40.80924855,13.8150289
5721,130,六盘水市,Liupanshui,2023,Entertainment,46.04316547,28.05755396
5722,130,六盘水市,Liupanshui,2023,Training,50.17667845,32.86219081
5723,130,六盘水市,Liupanshui,2023,Daily service,36.00576092,3.88862218
5724,130,六盘水市,Liupanshui,2023,Retail goods,38.92885691,3.157474021
5725,130,六盘水市,Liupanshui,2023,Exercise,43.60465116,27.3255814
5726,130,六盘水市,Liupanshui,2023,F&B,39.59066198,4.413175568
5727,287,遵义市,Zunyi,2023,Beauty,49.78593272,17.52293578
5728,287,遵义市,Zunyi,2023,Entertainment,54.33287483,34.93810179
5729,287,遵义市,Zunyi,2023,Training,57.32689211,39.61352657
5730,287,遵义市,Zunyi,2023,Daily service,43.06761379,6.919231781
5731,287,遵义市,Zunyi,2023,Retail goods,43.63964306,4.395291437
5732,287,遵义市,Zunyi,2023,Exercise,56.48148148,31.79012346
5733,287,遵义市,Zunyi,2023,F&B,47.45684906,6.16966581
5734,3,安顺市,Anshun,2023,Beauty,40.78431373,11.68627451
5735,3,安顺市,Anshun,2023,Entertainment,46.8879668,27.80082988
5736,3,安顺市,Anshun,2023,Training,44.1025641,27.17948718
5737,3,安顺市,Anshun,2023,Daily service,43.71014493,4.579710145
5738,3,安顺市,Anshun,2023,Retail goods,44.01319127,3.04414003
5739,3,安顺市,Anshun,2023,Exercise,52.73972603,38.35616438
5740,3,安顺市,Anshun,2023,F&B,41.29343242,3.334002812
5741,211,铜仁市,Tongren,2023,Beauty,56.31431244,18.24134705
5742,211,铜仁市,Tongren,2023,Entertainment,53.10344828,32.4137931
5743,211,铜仁市,Tongren,2023,Training,55.72916667,31.77083333
5744,211,铜仁市,Tongren,2023,Daily service,45.42518837,5.48977395
5745,211,铜仁市,Tongren,2023,Retail goods,48.66639311,3.652031186
5746,211,铜仁市,Tongren,2023,Exercise,53.93258427,40.4494382
5747,211,铜仁市,Tongren,2023,F&B,47.1238219,6.532336692
5748,113,昆明市,Kunming,2023,Beauty,58.77604931,29.86498386
5749,113,昆明市,Kunming,2023,Entertainment,68.09219661,35.18467092
5750,113,昆明市,Kunming,2023,Training,62.73951321,40.67840497
5751,113,昆明市,Kunming,2023,Daily service,49.51206985,8.236447682
5752,113,昆明市,Kunming,2023,Retail goods,53.96710434,6.733330218
5753,113,昆明市,Kunming,2023,Exercise,66.78983834,44.34180139
5754,113,昆明市,Kunming,2023,F&B,53.76046434,6.846746289
5755,168,曲靖市,Qujing,2023,Beauty,39.87878788,8.565656566
5756,168,曲靖市,Qujing,2023,Entertainment,50.2283105,21.91780822
5757,168,曲靖市,Qujing,2023,Training,48.96373057,25.12953368
5758,168,曲靖市,Qujing,2023,Daily service,35.92558707,3.873132052
5759,168,曲靖市,Qujing,2023,Retail goods,39.3361407,3.071587813
5760,168,曲靖市,Qujing,2023,Exercise,55.7312253,28.85375494
5761,168,曲靖市,Qujing,2023,F&B,39.02125838,3.80938793
5762,259,玉溪市,Yuxi,2023,Beauty,46.93726937,11.88191882
5763,259,玉溪市,Yuxi,2023,Entertainment,59.31558935,29.65779468
5764,259,玉溪市,Yuxi,2023,Training,50,25.49019608
5765,259,玉溪市,Yuxi,2023,Daily service,41.37334103,3.981534911
5766,259,玉溪市,Yuxi,2023,Retail goods,42.6530062,3.612833648
5767,259,玉溪市,Yuxi,2023,Exercise,47.82608696,37.39130435
5768,259,玉溪市,Yuxi,2023,F&B,46.875,4.676094891
5769,16,保山市,Baoshan,2023,Beauty,38.47850055,5.181918412
5770,16,保山市,Baoshan,2023,Entertainment,47.47474747,23.23232323
5771,16,保山市,Baoshan,2023,Training,49.16666667,10
5772,16,保山市,Baoshan,2023,Daily service,36.83373111,2.227525855
5773,16,保山市,Baoshan,2023,Retail goods,36.73469388,2.850105559
5774,16,保山市,Baoshan,2023,Exercise,35.0877193,26.31578947
5775,16,保山市,Baoshan,2023,F&B,41.70053142,2.5945608
5776,272,昭通市,Zhaotong,2023,Beauty,45.70212766,16.59574468
5777,272,昭通市,Zhaotong,2023,Entertainment,55.38461538,34.35897436
5778,272,昭通市,Zhaotong,2023,Training,49.35897436,30.76923077
5779,272,昭通市,Zhaotong,2023,Daily service,40.26058632,3.908794788
5780,272,昭通市,Zhaotong,2023,Retail goods,41.2180053,3.677552221
5781,272,昭通市,Zhaotong,2023,Exercise,48.57142857,45.71428571
5782,272,昭通市,Zhaotong,2023,F&B,45.65818584,4.922566372
5783,119,丽江市,Lijiang,2023,Beauty,45.27669089,8.049189491
5784,119,丽江市,Lijiang,2023,Entertainment,50,13.0952381
5785,119,丽江市,Lijiang,2023,Training,40.86021505,17.74193548
5786,119,丽江市,Lijiang,2023,Daily service,43.70296036,4.114400401
5787,119,丽江市,Lijiang,2023,Retail goods,46.17916765,1.763461086
5788,119,丽江市,Lijiang,2023,Exercise,45.88235294,28.23529412
5789,119,丽江市,Lijiang,2023,F&B,43.64454443,2.2215973
5790,125,临沧市,Lincang,2023,Beauty,47.5,13.66666667
5791,125,临沧市,Lincang,2023,Entertainment,53.94736842,26.31578947
5792,125,临沧市,Lincang,2023,Training,46.77419355,22.58064516
5793,125,临沧市,Lincang,2023,Daily service,43.33868379,2.568218299
5794,125,临沧市,Lincang,2023,Retail goods,44.16615761,3.054367746
5795,125,临沧市,Lincang,2023,Exercise,59.09090909,27.27272727
5796,125,临沧市,Lincang,2023,F&B,44.65376782,4.073319756
5797,114,拉萨市,Lasa,2023,Beauty,48.90243902,15.67073171
5798,114,拉萨市,Lasa,2023,Entertainment,49.10071942,21.94244604
5799,114,拉萨市,Lasa,2023,Training,60.37735849,23.27044025
5800,114,拉萨市,Lasa,2023,Daily service,46.07305936,4.885844749
5801,114,拉萨市,Lasa,2023,Retail goods,42.46909281,2.994950374
5802,114,拉萨市,Lasa,2023,Exercise,53.55648536,34.72803347
5803,114,拉萨市,Lasa,2023,F&B,44.08940894,7.575757576
5804,226,西安市,Xi'an,2023,Beauty,60.81564011,37.0191297
5805,226,西安市,Xi'an,2023,Entertainment,66.20574062,53.9912005
5806,226,西安市,Xi'an,2023,Training,61.97959746,47.35318445
5807,226,西安市,Xi'an,2023,Daily service,49.0604815,12.17704052
5808,226,西安市,Xi'an,2023,Retail goods,51.65823827,11.22740993
5809,226,西安市,Xi'an,2023,Exercise,66.49762282,46.68779715
5810,226,西安市,Xi'an,2023,F&B,49.81552571,8.787548359
5811,209,铜川市,Tongchuan,2023,Beauty,50,14.81481481
5812,209,铜川市,Tongchuan,2023,Entertainment,64.81481481,27.77777778
5813,209,铜川市,Tongchuan,2023,Training,44.53125,17.1875
5814,209,铜川市,Tongchuan,2023,Daily service,44.28857715,2.705410822
5815,209,铜川市,Tongchuan,2023,Retail goods,40.89385475,3.072625698
5816,209,铜川市,Tongchuan,2023,Exercise,50,18.75
5817,209,铜川市,Tongchuan,2023,F&B,45.70895522,6.778606965
5818,14,宝鸡市,Baoji,2023,Beauty,49.92337165,24.09961686
5819,14,宝鸡市,Baoji,2023,Entertainment,56.97674419,41.56976744
5820,14,宝鸡市,Baoji,2023,Training,52.12765957,48.29787234
5821,14,宝鸡市,Baoji,2023,Daily service,42.61235047,6.272227611
5822,14,宝鸡市,Baoji,2023,Retail goods,43.92260883,5.445467312
5823,14,宝鸡市,Baoji,2023,Exercise,65.0862069,47.4137931
5824,14,宝鸡市,Baoji,2023,F&B,47.06401766,5.268579838
5825,229,咸阳市,Xianyang,2023,Beauty,54.50284566,21.05791764
5826,229,咸阳市,Xianyang,2023,Entertainment,62.92906178,49.19908467
5827,229,咸阳市,Xianyang,2023,Training,56.79012346,41.66666667
5828,229,咸阳市,Xianyang,2023,Daily service,48.37183412,6.401335931
5829,229,咸阳市,Xianyang,2023,Retail goods,48.15398765,3.902246748
5830,229,咸阳市,Xianyang,2023,Exercise,59.53079179,39.58944282
5831,229,咸阳市,Xianyang,2023,F&B,50.16820402,5.762344004
5832,215,渭南市,Weinan,2023,Beauty,42.37288136,16.82360326
5833,215,渭南市,Weinan,2023,Entertainment,45.75471698,28.77358491
5834,215,渭南市,Weinan,2023,Training,41.43302181,25.54517134
5835,215,渭南市,Weinan,2023,Daily service,34.52266152,3.567984571
5836,215,渭南市,Weinan,2023,Retail goods,41.68717834,3.266950101
5837,215,渭南市,Weinan,2023,Exercise,60,34.16666667
5838,215,渭南市,Weinan,2023,F&B,39.33901919,2.36673774
5839,243,延安市,Yan'an,2023,Beauty,46.63726571,28.77618523
5840,243,延安市,Yan'an,2023,Entertainment,47.01492537,57.46268657
5841,243,延安市,Yan'an,2023,Training,54.65116279,48.8372093
5842,243,延安市,Yan'an,2023,Daily service,26.84703434,5.827263267
5843,243,延安市,Yan'an,2023,Retail goods,40.52009456,7.943262411
5844,243,延安市,Yan'an,2023,Exercise,44.18604651,45.34883721
5845,243,延安市,Yan'an,2023,F&B,41.15598886,10.30640669
5846,67,汉中市,Hanzhong,2023,Beauty,45.55223881,13.67164179
5847,67,汉中市,Hanzhong,2023,Entertainment,54.82625483,39.38223938
5848,67,汉中市,Hanzhong,2023,Training,55.91836735,40.81632653
5849,67,汉中市,Hanzhong,2023,Daily service,42.69722814,5.543710021
5850,67,汉中市,Hanzhong,2023,Retail goods,42.81861092,4.113283884
5851,67,汉中市,Hanzhong,2023,Exercise,50.96153846,34.61538462
5852,67,汉中市,Hanzhong,2023,F&B,44.18886199,5.665859564
5853,257,榆林市,Yulin,2023,Beauty,40,15.21035599
5854,257,榆林市,Yulin,2023,Entertainment,55.55555556,32.09876543
5855,257,榆林市,Yulin,2023,Training,37.1657754,31.55080214
5856,257,榆林市,Yulin,2023,Daily service,33.72881356,4.350282486
5857,257,榆林市,Yulin,2023,Retail goods,43.12596856,4.361301749
5858,257,榆林市,Yulin,2023,Exercise,45.73991031,39.46188341
5859,257,榆林市,Yulin,2023,F&B,40.80054583,7.573345463
5860,1,安康市,Ankang,2023,Beauty,46.83840749,16.62763466
5861,1,安康市,Ankang,2023,Entertainment,59.30232558,45.34883721
5862,1,安康市,Ankang,2023,Training,57.48792271,28.50241546
5863,1,安康市,Ankang,2023,Daily service,42.79319606,4.386750224
5864,1,安康市,Ankang,2023,Retail goods,45.12697323,3.088538092
5865,1,安康市,Ankang,2023,Exercise,62.82051282,33.33333333
5866,1,安康市,Ankang,2023,F&B,43.78643756,4.878797177
5867,178,商洛市,Shangluo,2023,Beauty,34.81781377,15.18218623
5868,178,商洛市,Shangluo,2023,Entertainment,46.15384615,21.79487179
5869,178,商洛市,Shangluo,2023,Training,50,27.77777778
5870,178,商洛市,Shangluo,2023,Daily service,32.45033113,4.304635762
5871,178,商洛市,Shangluo,2023,Retail goods,40.72337575,3.215003349
5872,178,商洛市,Shangluo,2023,Exercise,55.55555556,27.77777778
5873,178,商洛市,Shangluo,2023,F&B,42.61363636,5.610795455
5874,116,兰州市,Lanzhou,2023,Beauty,51.22046475,24.62409686
5875,116,兰州市,Lanzhou,2023,Entertainment,62.05761317,34.73251029
5876,116,兰州市,Lanzhou,2023,Training,61.91393706,43.03147078
5877,116,兰州市,Lanzhou,2023,Daily service,44.1135994,6.881020893
5878,116,兰州市,Lanzhou,2023,Retail goods,49.28393696,8.321813658
5879,116,兰州市,Lanzhou,2023,Exercise,63.7398374,41.62601626
5880,116,兰州市,Lanzhou,2023,F&B,46.79248926,7.790703287
5881,97,嘉峪关市,Jiayuguan,2023,Beauty,33.37856174,3.527815468
5882,97,嘉峪关市,Jiayuguan,2023,Entertainment,42.07317073,10.36585366
5883,97,嘉峪关市,Jiayuguan,2023,Training,41.12149533,19.62616822
5884,97,嘉峪关市,Jiayuguan,2023,Daily service,34.64491363,1.535508637
5885,97,嘉峪关市,Jiayuguan,2023,Retail goods,38.01404213,2.306920762
5886,97,嘉峪关市,Jiayuguan,2023,Exercise,54.90196078,35.29411765
5887,97,嘉峪关市,Jiayuguan,2023,F&B,45.23002421,3.438256659
5888,101,金昌市,Jinchang,2023,Beauty,32.93172691,4.21686747
5889,101,金昌市,Jinchang,2023,Entertainment,33.66336634,10.89108911
5890,101,金昌市,Jinchang,2023,Training,38.67924528,13.20754717
5891,101,金昌市,Jinchang,2023,Daily service,33.85939742,1.291248207
5892,101,金昌市,Jinchang,2023,Retail goods,37.37433471,2.188054406
5893,101,金昌市,Jinchang,2023,Exercise,38.88888889,22.22222222
5894,101,金昌市,Jinchang,2023,F&B,31.67475728,3.822815534
5895,10,白银市,Baiyin,2023,Beauty,31.29032258,5.967741935
5896,10,白银市,Baiyin,2023,Entertainment,41.73228346,21.25984252
5897,10,白银市,Baiyin,2023,Training,37.6344086,33.33333333
5898,10,白银市,Baiyin,2023,Daily service,30.33448674,3.806228374
5899,10,白银市,Baiyin,2023,Retail goods,32.32780292,4.172951232
5900,10,白银市,Baiyin,2023,Exercise,54.28571429,25.71428571
5901,10,白银市,Baiyin,2023,F&B,34.83807655,4.26889107
5902,205,天水市,Tianshui,2023,Beauty,57.17539863,12.07289294
5903,205,天水市,Tianshui,2023,Entertainment,62.88659794,32.98969072
5904,205,天水市,Tianshui,2023,Training,60.57692308,28.84615385
5905,205,天水市,Tianshui,2023,Daily service,38.48648649,3.567567568
5906,205,天水市,Tianshui,2023,Retail goods,48.157129,4.17070805
5907,205,天水市,Tianshui,2023,Exercise,60,42
5908,205,天水市,Tianshui,2023,F&B,48.3396385,7.145859605
5909,225,武威市,Wuwei,2023,Beauty,42.10526316,9.803921569
5910,225,武威市,Wuwei,2023,Entertainment,47.12643678,25.28735632
5911,225,武威市,Wuwei,2023,Training,39.45945946,17.83783784
5912,225,武威市,Wuwei,2023,Daily service,43.75497216,4.534606205
5913,225,武威市,Wuwei,2023,Retail goods,39.60709759,3.422053232
5914,225,武威市,Wuwei,2023,Exercise,53.24675325,25.97402597
5915,225,武威市,Wuwei,2023,F&B,42.44500541,5.950234403
5916,267,张掖市,Zhangye,2023,Beauty,42.14689266,7.683615819
5917,267,张掖市,Zhangye,2023,Entertainment,37.85310734,25.98870056
5918,267,张掖市,Zhangye,2023,Training,37.5,29.86111111
5919,267,张掖市,Zhangye,2023,Daily service,39.12037037,3.240740741
5920,267,张掖市,Zhangye,2023,Retail goods,45.36049143,2.715809893
5921,267,张掖市,Zhangye,2023,Exercise,41.79104478,38.80597015
5922,267,张掖市,Zhangye,2023,F&B,38.2938026,5.508798776
5923,157,平凉市,Pingliang,2023,Beauty,36.46477132,13.1025958
5924,157,平凉市,Pingliang,2023,Entertainment,44.54545455,36.36363636
5925,157,平凉市,Pingliang,2023,Training,43.06569343,24.08759124
5926,157,平凉市,Pingliang,2023,Daily service,32.7077748,3.306523682
5927,157,平凉市,Pingliang,2023,Retail goods,35.1826793,2.796571944
5928,157,平凉市,Pingliang,2023,Exercise,47.72727273,50
5929,157,平凉市,Pingliang,2023,F&B,36.0911271,5.595523581
5930,110,酒泉市,Jiuquan,2023,Beauty,34.18141593,3.539823009
5931,110,酒泉市,Jiuquan,2023,Entertainment,48.46153846,20
5932,110,酒泉市,Jiuquan,2023,Training,35.50724638,21.73913043
5933,110,酒泉市,Jiuquan,2023,Daily service,32.12634823,2.465331279
5934,110,酒泉市,Jiuquan,2023,Retail goods,38.0952381,2.321920504
5935,110,酒泉市,Jiuquan,2023,Exercise,60.6557377,21.31147541
5936,110,酒泉市,Jiuquan,2023,F&B,35.0926672,3.666398066
5937,167,庆阳市,Qingyang,2023,Beauty,35.99615014,11.83830606
5938,167,庆阳市,Qingyang,2023,Entertainment,43.1372549,35.29411765
5939,167,庆阳市,Qingyang,2023,Training,48.11320755,24.52830189
5940,167,庆阳市,Qingyang,2023,Daily service,32.715311,2.45215311
5941,167,庆阳市,Qingyang,2023,Retail goods,35.70938999,3.289924606
5942,167,庆阳市,Qingyang,2023,Exercise,61.76470588,39.70588235
5943,167,庆阳市,Qingyang,2023,F&B,37.15505913,3.515111695
5944,43,定西市,Dingxi,2023,Beauty,37.7245509,4.391217565
5945,43,定西市,Dingxi,2023,Entertainment,45.45454545,29.09090909
5946,43,定西市,Dingxi,2023,Training,48.93617021,17.0212766
5947,43,定西市,Dingxi,2023,Daily service,34.78787879,1.818181818
5948,43,定西市,Dingxi,2023,Retail goods,39.35721812,1.844046365
5949,43,定西市,Dingxi,2023,Exercise,33.33333333,33.33333333
5950,43,定西市,Dingxi,2023,F&B,37.70127707,4.219877846
5951,132,陇南市,Longnan,2023,Beauty,44.70899471,11.37566138
5952,132,陇南市,Longnan,2023,Entertainment,45.58823529,22.05882353
5953,132,陇南市,Longnan,2023,Training,58.46153846,40
5954,132,陇南市,Longnan,2023,Daily service,36.38344227,5.882352941
5955,132,陇南市,Longnan,2023,Retail goods,39.1464312,4.047093451
5956,132,陇南市,Longnan,2023,Exercise,37.5,43.75
5957,132,陇南市,Longnan,2023,F&B,39.06485671,6.485671192
5958,227,西宁市,Xining,2023,Beauty,48.99328859,19.39244083
5959,227,西宁市,Xining,2023,Entertainment,56.75675676,29.39189189
5960,227,西宁市,Xining,2023,Training,53.97196262,44.1588785
5961,227,西宁市,Xining,2023,Daily service,43.03043201,7.384549904
5962,227,西宁市,Xining,2023,Retail goods,48.77326565,6.461505922
5963,227,西宁市,Xining,2023,Exercise,62.40875912,29.19708029
5964,227,西宁市,Xining,2023,F&B,45.91750127,9.438125955
5965,64,海东市,Haidong,2023,Beauty,38.81578947,6.578947368
5966,64,海东市,Haidong,2023,Entertainment,45.83333333,8.333333333
5967,64,海东市,Haidong,2023,Training,57.89473684,47.36842105
5968,64,海东市,Haidong,2023,Daily service,36.27906977,3.255813953
5969,64,海东市,Haidong,2023,Retail goods,45.58204769,2.945301543
5970,64,海东市,Haidong,2023,Exercise,64.70588235,5.882352941
5971,64,海东市,Haidong,2023,F&B,40.53333333,6.4
5972,253,银川市,Yinchuan,2023,Beauty,42.73987596,15.01276906
5973,253,银川市,Yinchuan,2023,Entertainment,52.00629426,20.4563336
5974,253,银川市,Yinchuan,2023,Training,49.79452055,29.04109589
5975,253,银川市,Yinchuan,2023,Daily service,42.54480742,4.855726452
5976,253,银川市,Yinchuan,2023,Retail goods,45.14409668,5.001549427
5977,253,银川市,Yinchuan,2023,Exercise,57.95454545,31.96022727
5978,253,银川市,Yinchuan,2023,F&B,42.35338252,6.427410279
5979,188,石嘴山市,Shizuishan,2023,Beauty,36.10547667,5.476673428
5980,188,石嘴山市,Shizuishan,2023,Entertainment,50,17.34693878
5981,188,石嘴山市,Shizuishan,2023,Training,58.62068966,8.620689655
5982,188,石嘴山市,Shizuishan,2023,Daily service,31.73652695,1.796407186
5983,188,石嘴山市,Shizuishan,2023,Retail goods,37.61732852,3.610108303
5984,188,石嘴山市,Shizuishan,2023,Exercise,59.45945946,27.02702703
5985,188,石嘴山市,Shizuishan,2023,F&B,32.14540271,4.490377762
5986,221,吴忠市,Wuzhong,2023,Beauty,34.86055777,4.581673307
5987,221,吴忠市,Wuzhong,2023,Entertainment,41.66666667,17.77777778
5988,221,吴忠市,Wuzhong,2023,Training,40.39735099,16.55629139
5989,221,吴忠市,Wuzhong,2023,Daily service,34.26736719,0.875656743
5990,221,吴忠市,Wuzhong,2023,Retail goods,41.40258216,2.406103286
5991,221,吴忠市,Wuzhong,2023,Exercise,52.77777778,17.59259259
5992,221,吴忠市,Wuzhong,2023,F&B,36.36363636,3.802969938
5993,56,固原市,Guyuan,2023,Beauty,32.20779221,6.233766234
5994,56,固原市,Guyuan,2023,Entertainment,43.47826087,20.65217391
5995,56,固原市,Guyuan,2023,Training,38.66666667,16
5996,56,固原市,Guyuan,2023,Daily service,26.00690449,2.186421174
5997,56,固原市,Guyuan,2023,Retail goods,26.15558061,3.664036077
5998,56,固原市,Guyuan,2023,Exercise,38.7755102,26.53061224
5999,56,固原市,Guyuan,2023,F&B,32.93172691,6.483075158
6000,277,中卫市,Zhongwei,2023,Beauty,40.56291391,4.966887417
6001,277,中卫市,Zhongwei,2023,Entertainment,66.88311688,32.46753247
6002,277,中卫市,Zhongwei,2023,Training,36.11111111,18.05555556
6003,277,中卫市,Zhongwei,2023,Daily service,35.69023569,2.356902357
6004,277,中卫市,Zhongwei,2023,Retail goods,37.83482143,3.738839286
6005,277,中卫市,Zhongwei,2023,Exercise,57.14285714,16.32653061
6006,277,中卫市,Zhongwei,2023,F&B,39.37418514,6.388526728
6007,219,乌鲁木齐市,Urumqi,2023,Beauty,61.47944412,23.34973943
6008,219,乌鲁木齐市,Urumqi,2023,Entertainment,67.48182419,29.279577
6009,219,乌鲁木齐市,Urumqi,2023,Training,69.43150047,40.4473439
6010,219,乌鲁木齐市,Urumqi,2023,Daily service,58.30417781,7.686766824
6011,219,乌鲁木齐市,Urumqi,2023,Retail goods,61.0507502,6.340247401
6012,219,乌鲁木齐市,Urumqi,2023,Exercise,68.59605911,36.08374384
6013,219,乌鲁木齐市,Urumqi,2023,F&B,56.02967626,10.09892086
6014,112,克拉玛依市,Karamay,2023,Beauty,51.71339564,8.099688474
6015,112,克拉玛依市,Karamay,2023,Entertainment,51.18110236,22.04724409
6016,112,克拉玛依市,Karamay,2023,Training,47.57281553,27.18446602
6017,112,克拉玛依市,Karamay,2023,Daily service,48.10379242,4.790419162
6018,112,克拉玛依市,Karamay,2023,Retail goods,55.84569733,4.154302671
6019,112,克拉玛依市,Karamay,2023,Exercise,62.33766234,25.97402597
6020,112,克拉玛依市,Karamay,2023,F&B,51.04782375,2.740462117
6021,212,吐鲁番市,Turpan,2023,Beauty,33.33333333,16.2962963
6022,212,吐鲁番市,Turpan,2023,Entertainment,46.42857143,42.85714286
6023,212,吐鲁番市,Turpan,2023,Training,37.5,12.5
6024,212,吐鲁番市,Turpan,2023,Daily service,36.12565445,3.664921466
6025,212,吐鲁番市,Turpan,2023,Retail goods,38.88888889,4.115226337
6026,212,吐鲁番市,Turpan,2023,Exercise,41.66666667,33.33333333
6027,212,吐鲁番市,Turpan,2023,F&B,38.9380531,7.669616519